  0
SECTION
  2
HEADER
  9
$ACADVER
  1
AC1032
  9
$ACADMAINTVER
 90
4
  9
$DWGCODEPAGE
  3
ANSI_1252
  9
$LASTSAVEDBY
  1
Berdyna Tech
  9
$REQUIREDVERSIONS
160
0
  9
$INSBASE
 10
0.0
 20
0.0
 30
0.0
  9
$EXTMIN
 10
2566.612041710528
 20
2179.239520304447
 30
-1.19e-14
  9
$EXTMAX
 10
2683.822356401284
 20
2407.062567983285
 30
138.5889533186068
  9
$LIMMIN
 10
0.0
 20
0.0
  9
$LIMMAX
 10
12.0
 20
9.0
  9
$ORTHOMODE
 70
1
  9
$REGENMODE
 70
1
  9
$FILLMODE
 70
1
  9
$QTEXTMODE
 70
0
  9
$MIRRTEXT
 70
0
  9
$LTSCALE
 40
1.0
  9
$ATTMODE
 70
1
  9
$TEXTSIZE
 40
2.5
  9
$TRACEWID
 40
1.0
  9
$TEXTSTYLE
  7
Standard
  9
$CLAYER
  8
0
  9
$CELTYPE
  6
ByLayer
  9
$CECOLOR
 62
150
  9
$CELTSCALE
 40
1.0
  9
$DISPSILH
 70
0
  9
$DIMSCALE
 40
1.0
  9
$DIMASZ
 40
2.5
  9
$DIMEXO
 40
0.625
  9
$DIMDLI
 40
3.75
  9
$DIMRND
 40
0.0
  9
$DIMDLE
 40
0.0
  9
$DIMEXE
 40
1.25
  9
$DIMTP
 40
0.0
  9
$DIMTM
 40
0.0
  9
$DIMTXT
 40
2.5
  9
$DIMCEN
 40
2.5
  9
$DIMTSZ
 40
0.0
  9
$DIMTOL
 70
0
  9
$DIMLIM
 70
0
  9
$DIMTIH
 70
0
  9
$DIMTOH
 70
0
  9
$DIMSE1
 70
0
  9
$DIMSE2
 70
0
  9
$DIMTAD
 70
1
  9
$DIMZIN
 70
8
  9
$DIMBLK
  1

  9
$DIMASO
 70
1
  9
$DIMSHO
 70
1
  9
$DIMPOST
  1

  9
$DIMAPOST
  1

  9
$DIMALT
 70
0
  9
$DIMALTD
 70
3
  9
$DIMALTF
 40
0.03937007874016
  9
$DIMLFAC
 40
1.0
  9
$DIMTOFL
 70
1
  9
$DIMTVP
 40
0.0
  9
$DIMTIX
 70
0
  9
$DIMSOXD
 70
0
  9
$DIMSAH
 70
0
  9
$DIMBLK1
  1

  9
$DIMBLK2
  1

  9
$DIMSTYLE
  2
ISO-25
  9
$DIMCLRD
 70
0
  9
$DIMCLRE
 70
0
  9
$DIMCLRT
 70
0
  9
$DIMTFAC
 40
1.0
  9
$DIMGAP
 40
0.625
  9
$DIMJUST
 70
0
  9
$DIMSD1
 70
0
  9
$DIMSD2
 70
0
  9
$DIMTOLJ
 70
0
  9
$DIMTZIN
 70
8
  9
$DIMALTZ
 70
0
  9
$DIMALTTZ
 70
0
  9
$DIMUPT
 70
0
  9
$DIMDEC
 70
2
  9
$DIMTDEC
 70
2
  9
$DIMALTU
 70
2
  9
$DIMALTTD
 70
3
  9
$DIMTXSTY
  7
Standard
  9
$DIMAUNIT
 70
0
  9
$DIMADEC
 70
0
  9
$DIMALTRND
 40
0.0
  9
$DIMAZIN
 70
0
  9
$DIMDSEP
 70
44
  9
$DIMATFIT
 70
3
  9
$DIMFRAC
 70
0
  9
$DIMLDRBLK
  1

  9
$DIMLUNIT
 70
2
  9
$DIMLWD
 70
-2
  9
$DIMLWE
 70
-2
  9
$DIMTMOVE
 70
0
  9
$DIMFXL
 40
1.0
  9
$DIMFXLON
 70
0
  9
$DIMJOGANG
 40
0.7853981633974483
  9
$DIMTFILL
 70
0
  9
$DIMTFILLCLR
 70
0
  9
$DIMARCSYM
 70
0
  9
$DIMLTYPE
  6

  9
$DIMLTEX1
  6

  9
$DIMLTEX2
  6

  9
$DIMTXTDIRECTION
 70
0
  9
$LUNITS
 70
2
  9
$LUPREC
 70
4
  9
$SKETCHINC
 40
1.0
  9
$FILLETRAD
 40
0.0
  9
$AUNITS
 70
0
  9
$AUPREC
 70
0
  9
$MENU
  1
.
  9
$ELEVATION
 40
0.0
  9
$PELEVATION
 40
0.0
  9
$THICKNESS
 40
0.0
  9
$LIMCHECK
 70
0
  9
$CHAMFERA
 40
0.0
  9
$CHAMFERB
 40
0.0
  9
$CHAMFERC
 40
0.0
  9
$CHAMFERD
 40
0.0
  9
$SKPOLY
 70
0
  9
$TDCREATE
 40
2461207.995150463
  9
$TDUCREATE
 40
2461149.831678241
  9
$TDUPDATE
 40
2461207.995150463
  9
$TDUUPDATE
 40
2461194.525613426
  9
$TDINDWG
 40
0.2175462963
  9
$TDUSRTIMER
 40
0.2175462963
  9
$USRTIMER
 70
1
  9
$ANGBASE
 50
0.0
  9
$ANGDIR
 70
0
  9
$PDMODE
 70
0
  9
$PDSIZE
 40
0.0
  9
$PLINEWID
 40
0.0
  9
$SPLFRAME
 70
0
  9
$SPLINETYPE
 70
6
  9
$SPLINESEGS
 70
8
  9
$HANDSEED
  5
E10F
  9
$SURFTAB1
 70
6
  9
$SURFTAB2
 70
6
  9
$SURFTYPE
 70
6
  9
$SURFU
 70
6
  9
$SURFV
 70
6
  9
$UCSBASE
  2

  9
$UCSNAME
  2

  9
$UCSORG
 10
0.0
 20
0.0
 30
0.0
  9
$UCSXDIR
 10
1.0
 20
0.0
 30
0.0
  9
$UCSYDIR
 10
0.0
 20
1.0
 30
0.0
  9
$UCSORTHOREF
  2

  9
$UCSORTHOVIEW
 70
0
  9
$UCSORGTOP
 10
0.0
 20
0.0
 30
0.0
  9
$UCSORGBOTTOM
 10
0.0
 20
0.0
 30
0.0
  9
$UCSORGLEFT
 10
0.0
 20
0.0
 30
0.0
  9
$UCSORGRIGHT
 10
0.0
 20
0.0
 30
0.0
  9
$UCSORGFRONT
 10
0.0
 20
0.0
 30
0.0
  9
$UCSORGBACK
 10
0.0
 20
0.0
 30
0.0
  9
$PUCSBASE
  2

  9
$PUCSNAME
  2

  9
$PUCSORG
 10
0.0
 20
0.0
 30
0.0
  9
$PUCSXDIR
 10
1.0
 20
0.0
 30
0.0
  9
$PUCSYDIR
 10
0.0
 20
1.0
 30
0.0
  9
$PUCSORTHOREF
  2

  9
$PUCSORTHOVIEW
 70
0
  9
$PUCSORGTOP
 10
0.0
 20
0.0
 30
0.0
  9
$PUCSORGBOTTOM
 10
0.0
 20
0.0
 30
0.0
  9
$PUCSORGLEFT
 10
0.0
 20
0.0
 30
0.0
  9
$PUCSORGRIGHT
 10
0.0
 20
0.0
 30
0.0
  9
$PUCSORGFRONT
 10
0.0
 20
0.0
 30
0.0
  9
$PUCSORGBACK
 10
0.0
 20
0.0
 30
0.0
  9
$USERI1
 70
0
  9
$USERI2
 70
0
  9
$USERI3
 70
0
  9
$USERI4
 70
0
  9
$USERI5
 70
0
  9
$USERR1
 40
0.0
  9
$USERR2
 40
0.0
  9
$USERR3
 40
0.0
  9
$USERR4
 40
0.0
  9
$USERR5
 40
0.0
  9
$WORLDVIEW
 70
1
  9
$SHADEDGE
 70
3
  9
$SHADEDIF
 70
70
  9
$TILEMODE
 70
1
  9
$MAXACTVP
 70
64
  9
$PINSBASE
 10
0.0
 20
0.0
 30
0.0
  9
$PLIMCHECK
 70
0
  9
$PEXTMIN
 10
0.0
 20
0.0
 30
0.0
  9
$PEXTMAX
 10
0.0
 20
0.0
 30
0.0
  9
$PLIMMIN
 10
0.0
 20
0.0
  9
$PLIMMAX
 10
12.0
 20
9.0
  9
$UNITMODE
 70
0
  9
$VISRETAIN
 70
1
  9
$PLINEGEN
 70
0
  9
$PSLTSCALE
 70
1
  9
$TREEDEPTH
 70
3020
  9
$CMLSTYLE
  2
Standard
  9
$CMLJUST
 70
0
  9
$CMLSCALE
 40
20.0
  9
$PROXYGRAPHICS
 70
1
  9
$MEASUREMENT
 70
1
  9
$CELWEIGHT
370
-1
  9
$ENDCAPS
280
0
  9
$JOINSTYLE
280
0
  9
$LWDISPLAY
290
0
  9
$INSUNITS
 70
4
  9
$HYPERLINKBASE
  1

  9
$STYLESHEET
  1

  9
$XEDIT
290
1
  9
$CEPSNTYPE
380
0
  9
$PSTYLEMODE
290
1
  9
$FINGERPRINTGUID
  2
{4C8EB75E-BAFB-E540-8E6E-D87ED56F414D}
  9
$VERSIONGUID
  2
{0CE10963-5E77-485E-8944-0A8E7E9AD4AA}
  9
$EXTNAMES
290
1
  9
$PSVPSCALE
 40
0.0
  9
$OLESTARTUP
290
0
  9
$SORTENTS
280
127
  9
$INDEXCTL
280
0
  9
$HIDETEXT
280
1
  9
$XCLIPFRAME
280
2
  9
$HALOGAP
280
0
  9
$OBSCOLOR
 70
257
  9
$OBSLTYPE
280
0
  9
$INTERSECTIONDISPLAY
280
0
  9
$INTERSECTIONCOLOR
 70
257
  9
$DIMASSOC
280
2
  9
$PROJECTNAME
  1

  9
$CAMERADISPLAY
290
0
  9
$LENSLENGTH
 40
50.0
  9
$CAMERAHEIGHT
 40
0.0
  9
$STEPSPERSEC
 40
2.0
  9
$STEPSIZE
 40
6.0
  9
$3DDWFPREC
 40
2.0
  9
$PSOLWIDTH
 40
5.0
  9
$PSOLHEIGHT
 40
80.0
  9
$LOFTANG1
 40
1.570796326794896
  9
$LOFTANG2
 40
1.570796326794896
  9
$LOFTMAG1
 40
0.0
  9
$LOFTMAG2
 40
0.0
  9
$LOFTPARAM
 70
7
  9
$LOFTNORMALS
280
1
  9
$LATITUDE
 40
37.795
  9
$LONGITUDE
 40
-122.394
  9
$NORTHDIRECTION
 40
0.0
  9
$TIMEZONE
 70
-8000
  9
$LIGHTGLYPHDISPLAY
280
1
  9
$TILEMODELIGHTSYNCH
280
1
  9
$CMATERIAL
347
EC
  9
$SOLIDHIST
280
0
  9
$SHOWHIST
280
1
  9
$DWFFRAME
280
2
  9
$DGNFRAME
280
0
  9
$REALWORLDSCALE
290
1
  9
$INTERFERECOLOR
 62
1
  9
$INTERFEREOBJVS
345
F9
  9
$INTERFEREVPVS
346
F6
  9
$CSHADOW
280
0
  9
$SHADOWPLANELOCATION
 40
0.0
  0
ENDSEC
  0
SECTION
  2
CLASSES
  0
CLASS
  1
ACDBDICTIONARYWDFLT
  2
AcDbDictionaryWithDefault
  3
ObjectDBX Classes
 90
0
 91
1
280
0
281
0
  0
CLASS
  1
DICTIONARYVAR
  2
AcDbDictionaryVar
  3
ObjectDBX Classes
 90
0
 91
26
280
0
281
0
  0
CLASS
  1
TABLESTYLE
  2
AcDbTableStyle
  3
ObjectDBX Classes
 90
4095
 91
1
280
0
281
0
  0
CLASS
  1
MATERIAL
  2
AcDbMaterial
  3
ObjectDBX Classes
 90
1153
 91
3
280
0
281
0
  0
CLASS
  1
VISUALSTYLE
  2
AcDbVisualStyle
  3
ObjectDBX Classes
 90
4095
 91
24
280
0
281
0
  0
CLASS
  1
SCALE
  2
AcDbScale
  3
ObjectDBX Classes
 90
1153
 91
17
280
0
281
0
  0
CLASS
  1
MLEADERSTYLE
  2
AcDbMLeaderStyle
  3
ACDB_MLEADERSTYLE_CLASS
 90
4095
 91
2
280
0
281
0
  0
CLASS
  1
CELLSTYLEMAP
  2
AcDbCellStyleMap
  3
ObjectDBX Classes
 90
1152
 91
2
280
0
281
0
  0
CLASS
  1
EXACXREFPANELOBJECT
  2
ExAcXREFPanelObject
  3
EXAC_ESW
 90
1025
 91
0
280
0
281
0
  0
CLASS
  1
NPOCOLLECTION
  2
AcDbImpNonPersistentObjectsCollection
  3
ObjectDBX Classes
 90
1153
 91
0
280
0
281
0
  0
CLASS
  1
LAYER_INDEX
  2
AcDbLayerIndex
  3
ObjectDBX Classes
 90
0
 91
0
280
0
281
0
  0
CLASS
  1
SPATIAL_INDEX
  2
AcDbSpatialIndex
  3
ObjectDBX Classes
 90
0
 91
0
280
0
281
0
  0
CLASS
  1
IDBUFFER
  2
AcDbIdBuffer
  3
ObjectDBX Classes
 90
0
 91
0
280
0
281
0
  0
CLASS
  1
ACDBSECTIONVIEWSTYLE
  2
AcDbSectionViewStyle
  3
ObjectDBX Classes
 90
1025
 91
1
280
0
281
0
  0
CLASS
  1
ACDBDETAILVIEWSTYLE
  2
AcDbDetailViewStyle
  3
ObjectDBX Classes
 90
1025
 91
1
280
0
281
0
  0
CLASS
  1
ACAD_EVALUATION_GRAPH
  2
AcDbEvalGraph
  3
ObjectDBX Classes
 90
1153
 91
13
280
0
281
0
  0
CLASS
  1
BLOCKVISIBILITYPARAMETER
  2
AcDbBlockVisibilityParameter
  3
ObjectDBX Classes
 90
1153
 91
9
280
0
281
0
  0
CLASS
  1
BLOCKVISIBILITYGRIP
  2
AcDbBlockVisibilityGrip
  3
ObjectDBX Classes
 90
1153
 91
9
280
0
281
0
  0
CLASS
  1
BLOCKGRIPLOCATIONCOMPONENT
  2
AcDbBlockGripExpr
  3
ObjectDBX Classes
 90
1153
 91
68
280
0
281
0
  0
CLASS
  1
BLOCKALIGNMENTPARAMETER
  2
AcDbBlockAlignmentParameter
  3
ObjectDBX Classes
 90
1153
 91
14
280
0
281
0
  0
CLASS
  1
BLOCKALIGNMENTGRIP
  2
AcDbBlockAlignmentGrip
  3
ObjectDBX Classes
 90
1153
 91
14
280
0
281
0
  0
CLASS
  1
SORTENTSTABLE
  2
AcDbSortentsTable
  3
ObjectDBX Classes
 90
0
 91
313
280
0
281
0
  0
CLASS
  1
ACDB_DYNAMICBLOCKPURGEPREVENTER_VERSION
  2
AcDbDynamicBlockPurgePreventer
  3
ObjectDBX Classes
 90
1153
 91
13
280
0
281
0
  0
CLASS
  1
BLOCKLINEARPARAMETER
  2
AcDbBlockLinearParameter
  3
ObjectDBX Classes
 90
1153
 91
9
280
0
281
0
  0
CLASS
  1
BLOCKLINEARGRIP
  2
AcDbBlockLinearGrip
  3
ObjectDBX Classes
 90
1153
 91
11
280
0
281
0
  0
CLASS
  1
BLOCKSTRETCHACTION
  2
AcDbBlockStretchAction
  3
ObjectDBX Classes
 90
1153
 91
13
280
0
281
0
  0
CLASS
  1
BLOCKSCALEACTION
  2
AcDbBlockScaleAction
  3
ObjectDBX Classes
 90
1153
 91
2
280
0
281
0
  0
CLASS
  1
BLOCKARRAYACTION
  2
AcDbBlockArrayAction
  3
ObjectDBX Classes
 90
1153
 91
1
280
0
281
0
  0
CLASS
  1
BLOCKLOOKUPACTION
  2
AcDbBlockLookupAction
  3
ObjectDBX Classes
 90
1153
 91
1
280
0
281
0
  0
CLASS
  1
ACDB_BLOCKREPRESENTATION_DATA
  2
AcDbBlockRepresentationData
  3
ObjectDBX Classes
 90
1153
 91
1
280
0
281
0
  0
CLASS
  1
SUN
  2
AcDbSun
  3
SCENEOE
 90
1153
 91
0
280
0
281
0
  0
CLASS
  1
MENTALRAYRENDERSETTINGS
  2
AcDbMentalRayRenderSettings
  3
SCENEOE
 90
1024
 91
0
280
0
281
0
  0
CLASS
  1
RASTERVARIABLES
  2
AcDbRasterVariables
  3
ISM
 90
0
 91
0
280
0
281
0
  0
CLASS
  1
ACDBPLACEHOLDER
  2
AcDbPlaceHolder
  3
ObjectDBX Classes
 90
0
 91
0
280
0
281
0
  0
CLASS
  1
LAYOUT
  2
AcDbLayout
  3
ObjectDBX Classes
 90
0
 91
0
280
0
281
0
  0
ENDSEC
  0
SECTION
  2
TABLES
  0
TABLE
  2
VPORT
  5
8
330
0
100
AcDbSymbolTable
 70
1
  0
VPORT
  5
EA
330
8
100
AcDbSymbolTableRecord
100
AcDbViewportTableRecord
  2
*Active
 70
0
 10
0.0
 20
0.0
 11
1.0
 21
1.0
 12
2621.52125918041
 22
2312.905018353263
 13
0.0
 23
0.0
 14
10.0
 24
10.0
 15
10.0
 25
10.0
 16
0.0
 26
0.0
 36
1.0
 17
0.0
 27
0.0
 37
0.0
 40
22.80389192240656
 41
2.555259653794939
 42
50.0
 43
0.0
 44
0.0
 50
0.0
 51
0.0
 71
0
 72
1000
 73
1
 74
3
 75
0
 76
1
 77
0
 78
0
281
0
 65
1
110
0.0
120
0.0
130
0.0
111
1.0
121
0.0
131
0.0
112
0.0
122
1.0
132
0.0
 79
0
146
0.0
 60
3
 61
5
348
F5
292
1
282
1
141
0.0
142
0.0
 63
250
421
3355443
1001
ACAD_NAV_VCDISPLAY
1070
3
  0
ENDTAB
  0
TABLE
  2
LTYPE
  5
5
330
0
100
AcDbSymbolTable
 70
4
  0
LTYPE
  5
14
330
5
100
AcDbSymbolTableRecord
100
AcDbLinetypeTableRecord
  2
ByBlock
 70
0
  3

 72
65
 73
0
 40
0.0
  0
LTYPE
  5
15
330
5
100
AcDbSymbolTableRecord
100
AcDbLinetypeTableRecord
  2
ByLayer
 70
0
  3

 72
65
 73
0
 40
0.0
  0
LTYPE
  5
16
330
5
100
AcDbSymbolTableRecord
100
AcDbLinetypeTableRecord
  2
Continuous
 70
0
  3
Solid line
 72
65
 73
0
 40
0.0
  0
LTYPE
  5
1A5B
330
5
100
AcDbSymbolTableRecord
100
AcDbLinetypeTableRecord
  2
ACAD_ISO08W100
 70
0
  3
ISO long-dash short-dash ____ __ ____ __ ____ _
 72
65
 73
4
 40
36.0
 49
24.0
 74
0
 49
-3.0
 74
0
 49
6.0
 74
0
 49
-3.0
 74
0
  0
ENDTAB
  0
TABLE
  2
LAYER
  5
2
102
{ACAD_XDICTIONARY
360
1FF
102
}
330
0
100
AcDbSymbolTable
 70
20
  0
LAYER
  5
10
102
{ACAD_XDICTIONARY
360
13C
102
}
330
2
100
AcDbSymbolTableRecord
100
AcDbLayerTableRecord
  2
0
 70
0
 62
7
  6
Continuous
370
-3
390
F
347
EE
348
0
  0
LAYER
  5
1A5C
102
{ACAD_XDICTIONARY
360
1A5D
102
}
330
2
100
AcDbSymbolTableRecord
100
AcDbLayerTableRecord
  2
ET_LEGENDE - Wohnung$0$800_KO_HI____L
 70
0
 62
130
  6
Continuous
370
-3
390
F
347
EE
348
0
  0
LAYER
  5
1A5E
102
{ACAD_XDICTIONARY
360
1A5F
102
}
330
2
100
AcDbSymbolTableRecord
100
AcDbLayerTableRecord
  2
E_Steckdose+Schalter
 70
0
 62
150
420
748788
  6
Continuous
370
-3
390
F
347
EE
348
0
1001
AcCmTransparency
1071
0
  0
LAYER
  5
1A60
102
{ACAD_XDICTIONARY
360
1A61
102
}
330
2
100
AcDbSymbolTableRecord
100
AcDbLayerTableRecord
  2
E_ERDUNG
 70
0
 62
150
420
1017855
  6
ACAD_ISO08W100
370
-3
390
F
347
EE
348
0
1001
RAK
1000
{ACET-LAYISO
1070
4
1070
150
1000
ACAD_ISO08W100
1071
-3
1071
1
1005
F
1000
ACET-LAYISO}
  0
LAYER
  5
1A62
102
{ACAD_XDICTIONARY
360
1A63
102
}
330
2
100
AcDbSymbolTableRecord
100
AcDbLayerTableRecord
  2
E_Sicherheitsbeleuchtung
 70
0
 62
100
420
393028
  6
Continuous
370
-3
390
F
347
EE
348
0
  0
LAYER
  5
1A64
102
{ACAD_XDICTIONARY
360
1A65
102
}
330
2
100
AcDbSymbolTableRecord
100
AcDbLayerTableRecord
  2
E_Beleuchtungstyp
 70
0
 62
30
420
15824910
  6
Continuous
370
-3
390
F
347
EE
348
0
1001
AcCmTransparency
1071
0
  0
LAYER
  5
1A66
102
{ACAD_XDICTIONARY
360
1A67
102
}
330
2
100
AcDbSymbolTableRecord
100
AcDbLayerTableRecord
  2
ET_LEGENDE - Wohnung$0$810_AV_LE____T
 70
0
 62
30
420
16746255
  6
Continuous
370
-3
390
F
347
EE
348
0
  0
LAYER
  5
1A68
102
{ACAD_XDICTIONARY
360
1A69
102
}
330
2
100
AcDbSymbolTableRecord
100
AcDbLayerTableRecord
  2
ET_LEGENDE - Wohnung$0$834_SV_KO____T
 70
0
 62
106
420
34081
  6
Continuous
370
-3
390
F
347
EE
348
0
  0
LAYER
  5
1A6A
102
{ACAD_XDICTIONARY
360
1A6B
102
}
330
2
100
AcDbSymbolTableRecord
100
AcDbLayerTableRecord
  2
ET_NACHRTECH
 70
0
 62
92
420
53504
  6
Continuous
370
-3
390
F
347
EE
348
0
1001
RAK
1000
{ACET-LAYISO
1070
4
1070
90
1000
Continuous
1071
-3
1071
1
1005
F
1000
ACET-LAYISO}
  0
LAYER
  5
1A6C
102
{ACAD_XDICTIONARY
360
1A6D
102
}
330
2
100
AcDbSymbolTableRecord
100
AcDbLayerTableRecord
  2
E_BRANDMELDE
 70
0
 62
1
420
15467527
  6
Continuous
370
-3
390
F
347
EE
348
0
1001
RAK
1000
{ACET-LAYISO
1070
0
1070
130
1000
Strichpunkt
1071
-3
1071
1
1005
F
1000
ACET-LAYISO}
  0
LAYER
  5
1A6E
102
{ACAD_XDICTIONARY
360
1A6F
102
}
330
2
100
AcDbSymbolTableRecord
100
AcDbLayerTableRecord
  2
E_KABELTASSE
 70
0
 62
150
420
31477
  6
Continuous
370
-3
390
F
347
EE
348
0
1001
RAK
1000
{ACET-LAYISO
1070
4
1070
150
1000
Continuous
1071
-3
1071
1
1005
F
1000
ACET-LAYISO}
  0
LAYER
  5
1A70
102
{ACAD_XDICTIONARY
360
1A71
102
}
330
2
100
AcDbSymbolTableRecord
100
AcDbLayerTableRecord
  2
E_Muster
 70
0
 62
18
420
526344
  6
Continuous
370
-3
390
F
347
EE
348
0
1001
AcCmTransparency
1071
0
  0
LAYER
  5
1A72
102
{ACAD_XDICTIONARY
360
1A73
102
}
330
2
100
AcDbSymbolTableRecord
100
AcDbLayerTableRecord
  2
E_Stromkreiser
 70
0
 62
212
420
13575881
  6
Continuous
370
-3
390
F
347
EE
348
0
1001
AcCmTransparency
1071
0
  0
LAYER
  5
1A74
102
{ACAD_XDICTIONARY
360
1A75
102
}
330
2
100
AcDbSymbolTableRecord
100
AcDbLayerTableRecord
  2
E_Rauchmelder
 70
0
 62
1
420
16450564
  6
Continuous
370
-3
390
F
347
EE
348
0
  0
LAYER
  5
1A76
102
{ACAD_XDICTIONARY
360
1A77
102
}
330
2
100
AcDbSymbolTableRecord
100
AcDbLayerTableRecord
  2
E_Schwachstrom_allgemein
 70
0
 62
240
420
16515876
  6
Continuous
370
25
390
F
347
EE
348
0
  0
LAYER
  5
1A78
102
{ACAD_XDICTIONARY
360
1A79
102
}
330
2
100
AcDbSymbolTableRecord
100
AcDbLayerTableRecord
  2
ET_LEGENDE - Wohnung$0$800_AL_ALLG_L
 70
0
 62
18
420
328965
  6
Continuous
370
-3
390
F
347
EE
348
0
  0
LAYER
  5
1A7A
102
{ACAD_XDICTIONARY
360
1A7B
102
}
330
2
100
AcDbSymbolTableRecord
100
AcDbLayerTableRecord
  2
ET_BELEUCHTUNG
 70
0
 62
10
  6
Continuous
370
-3
390
F
347
EE
348
0
1001
RAK
1000
{ACET-LAYISO
1070
4
1070
10
1000
Continuous
1071
-3
1071
1
1005
F
1000
ACET-LAYISO}
  0
LAYER
  5
1A7C
102
{ACAD_XDICTIONARY
360
1A7D
102
}
330
2
100
AcDbSymbolTableRecord
100
AcDbLayerTableRecord
  2
0MP_E_Swst
 70
0
 62
220
  6
Continuous
370
-3
390
F
347
EE
348
0
1001
AcAecLayerStandard
1000

1000

  0
LAYER
  5
2CF9
102
{ACAD_XDICTIONARY
360
2CFA
102
}
330
2
100
AcDbSymbolTableRecord
100
AcDbLayerTableRecord
  2
E_NACHRTECH
 70
0
 62
3
420
64000
  6
Continuous
370
-3
390
F
347
EE
348
0
1001
RAK
1000
{ACET-LAYISO
1070
4
1070
90
1000
Continuous
1071
-3
1071
1
1005
F
1000
ACET-LAYISO}
  0
LAYER
  5
E10A
330
2
100
AcDbSymbolTableRecord
100
AcDbLayerTableRecord
  2
Defpoints
 70
0
 62
7
  6
Continuous
290
0
370
-3
390
F
347
EE
  0
ENDTAB
  0
TABLE
  2
STYLE
  5
3
330
0
100
AcDbSymbolTable
 70
7
  0
STYLE
  5
11
330
3
100
AcDbSymbolTableRecord
100
AcDbTextStyleTableRecord
  2
Standard
 70
0
 40
0.0
 41
1.0
 50
0.0
 71
0
 42
2.5
  3
arial.ttf
  4

1001
ACAD
1000
Arial
1071
34
  0
STYLE
  5
132
330
3
100
AcDbSymbolTableRecord
100
AcDbTextStyleTableRecord
  2
Beschriftung
 70
0
 40
0.0
 41
1.0
 50
0.0
 71
0
 42
2.5
  3
arial.ttf
  4

1001
AcadAnnotative
1000
AnnotativeData
1002
{
1070
1
1070
1
1002
}
1001
ACAD
1000
Arial
1071
34
  0
STYLE
  5
1A7E
330
3
100
AcDbSymbolTableRecord
100
AcDbTextStyleTableRecord
  2
ET_LEGENDE - Wohnung$0$ROMANS
 70
0
 40
0.0
 41
0.6
 50
0.0
 71
0
 42
2.5
  3
romans.shx
  4

  0
STYLE
  5
1A7F
330
3
100
AcDbSymbolTableRecord
100
AcDbTextStyleTableRecord
  2
ET_LEGENDE - Wohnung$0$Standard
 70
0
 40
0.0
 41
1.0
 50
0.0
 71
0
 42
2.5
  3
txt
  4

  0
STYLE
  5
1A80
330
3
100
AcDbSymbolTableRecord
100
AcDbTextStyleTableRecord
  2
OIE-DÜNN
 70
0
 40
0.0
 41
1.0
 50
0.0
 71
0
 42
3.0
  3
techl___.ttf
  4

1001
ACAD
1000
TechnicLite
1071
514
  0
STYLE
  5
1A81
330
3
100
AcDbSymbolTableRecord
100
AcDbTextStyleTableRecord
  2
ROMANS
 70
0
 40
3.5
 41
1.0
 50
0.0
 71
0
 42
3.5
  3
romans
  4

  0
STYLE
  5
1A82
330
3
100
AcDbSymbolTableRecord
100
AcDbTextStyleTableRecord
  2
M&P_ARIAL
 70
0
 40
4.0
 41
1.0
 50
0.0
 71
0
 42
4.0
  3
arial.ttf
  4

1001
ACAD
1000
Arial
1071
34
  0
ENDTAB
  0
TABLE
  2
VIEW
  5
6
330
0
100
AcDbSymbolTable
 70
0
  0
ENDTAB
  0
TABLE
  2
UCS
  5
7
330
0
100
AcDbSymbolTable
 70
0
  0
ENDTAB
  0
TABLE
  2
APPID
  5
9
330
0
100
AcDbSymbolTable
 70
22
  0
APPID
  5
12
330
9
100
AcDbSymbolTableRecord
100
AcDbRegAppTableRecord
  2
ACAD
 70
0
  0
APPID
  5
9E
330
9
100
AcDbSymbolTableRecord
100
AcDbRegAppTableRecord
  2
ACAD_PSEXT
 70
0
  0
APPID
  5
133
330
9
100
AcDbSymbolTableRecord
100
AcDbRegAppTableRecord
  2
AcadAnnoPO
 70
0
  0
APPID
  5
134
330
9
100
AcDbSymbolTableRecord
100
AcDbRegAppTableRecord
  2
AcadAnnotative
 70
0
  0
APPID
  5
135
330
9
100
AcDbSymbolTableRecord
100
AcDbRegAppTableRecord
  2
ACAD_DSTYLE_DIMJAG
 70
0
  0
APPID
  5
136
330
9
100
AcDbSymbolTableRecord
100
AcDbRegAppTableRecord
  2
ACAD_DSTYLE_DIMTALN
 70
0
  0
APPID
  5
165
330
9
100
AcDbSymbolTableRecord
100
AcDbRegAppTableRecord
  2
ACAD_MLEADERVER
 70
0
  0
APPID
  5
217
330
9
100
AcDbSymbolTableRecord
100
AcDbRegAppTableRecord
  2
ACAD_NAV_VCDISPLAY
 70
0
  0
APPID
  5
1A83
330
9
100
AcDbSymbolTableRecord
100
AcDbRegAppTableRecord
  2
AcCmTransparency
 70
0
  0
APPID
  5
1A84
330
9
100
AcDbSymbolTableRecord
100
AcDbRegAppTableRecord
  2
AcDbBlockRepETag
 70
0
  0
APPID
  5
1A85
330
9
100
AcDbSymbolTableRecord
100
AcDbRegAppTableRecord
  2
AcAecLayerStandard
 70
0
  0
APPID
  5
1A86
330
9
100
AcDbSymbolTableRecord
100
AcDbRegAppTableRecord
  2
AcDbDynamicBlockGUID
 70
0
  0
APPID
  5
1A87
330
9
100
AcDbSymbolTableRecord
100
AcDbRegAppTableRecord
  2
ACAUTHENVIRON
 70
0
  0
APPID
  5
1A88
330
9
100
AcDbSymbolTableRecord
100
AcDbRegAppTableRecord
  2
AcDbDynamicBlockTrueName
 70
0
  0
APPID
  5
1A89
330
9
100
AcDbSymbolTableRecord
100
AcDbRegAppTableRecord
  2
RAK
 70
0
  0
APPID
  5
1A8A
330
9
100
AcDbSymbolTableRecord
100
AcDbRegAppTableRecord
  2
AcDbBlockRepBTag
 70
0
  0
APPID
  5
1A8B
330
9
100
AcDbSymbolTableRecord
100
AcDbRegAppTableRecord
  2
EAKL_HANDLE
 70
0
  0
APPID
  5
1A8C
330
9
100
AcDbSymbolTableRecord
100
AcDbRegAppTableRecord
  2
GradientColor1ACI
 70
0
  0
APPID
  5
1A8D
330
9
100
AcDbSymbolTableRecord
100
AcDbRegAppTableRecord
  2
GradientColor2ACI
 70
0
  0
APPID
  5
2C9B
330
9
100
AcDbSymbolTableRecord
100
AcDbRegAppTableRecord
  2
ACAD_EXEMPT_FROM_CAD_STANDARDS
 70
0
  0
APPID
  5
E10B
330
9
100
AcDbSymbolTableRecord
100
AcDbRegAppTableRecord
  2
HATCHBACKGROUNDCOLOR
 70
0
  0
APPID
  5
E10C
330
9
100
AcDbSymbolTableRecord
100
AcDbRegAppTableRecord
  2
EZDXF
 70
0
  0
ENDTAB
  0
TABLE
  2
DIMSTYLE
  5
A
330
0
100
AcDbSymbolTable
 70
3
100
AcDbDimStyleTable
  0
DIMSTYLE
105
1B0
330
A
100
AcDbSymbolTableRecord
100
AcDbDimStyleTableRecord
  2
Standard
 70
0
 40
1.0
 41
2.5
 42
0.625
 43
3.75
 44
1.25
 45
0.0
 46
0.0
 47
0.0
 48
0.0
 49
2.5
140
2.5
141
2.5
142
0.0
143
0.03937007874
144
1.0
145
0.0
146
1.0
147
0.625
148
0.0
 69
0
 70
0
 71
0
 72
0
 73
0
 74
0
 75
0
 76
0
 77
1
 78
8
 79
3
170
0
171
3
172
1
173
0
174
0
175
0
176
0
177
0
178
0
179
2
271
2
272
2
273
2
274
3
275
0
276
0
277
2
278
44
279
0
280
0
281
0
282
0
283
0
284
8
285
0
286
0
288
0
289
3
290
0
340
11
371
-2
372
-2
  0
DIMSTYLE
105
137
330
A
100
AcDbSymbolTableRecord
100
AcDbDimStyleTableRecord
  2
Beschriftung
 70
0
 40
0.0
 41
2.5
 42
0.625
 43
3.75
 44
1.25
 45
0.0
 46
0.0
 47
0.0
 48
0.0
 49
2.5
140
2.5
141
2.5
142
0.0
143
0.03937007874016
144
1.0
145
0.0
146
1.0
147
0.625
148
0.0
 69
0
 70
0
 71
0
 72
0
 73
0
 74
0
 75
0
 76
0
 77
1
 78
8
 79
3
170
0
171
3
172
1
173
0
174
0
175
0
176
0
177
0
178
0
179
2
271
2
272
2
273
2
274
3
275
0
276
0
277
2
278
44
279
0
280
0
281
0
282
0
283
0
284
8
285
0
286
0
288
0
289
3
290
0
340
11
371
-2
372
-2
1001
AcadAnnotative
1000
AnnotativeData
1002
{
1070
1
1070
1
1002
}
1001
ACAD_DSTYLE_DIMJAG
1070
388
1040
1.5
1001
ACAD_DSTYLE_DIMTALN
1070
392
1070
0
  0
DIMSTYLE
105
27
330
A
100
AcDbSymbolTableRecord
100
AcDbDimStyleTableRecord
  2
ISO-25
 70
0
 40
1.0
 41
2.5
 42
0.625
 43
3.75
 44
1.25
 45
0.0
 46
0.0
 47
0.0
 48
0.0
 49
2.5
140
2.5
141
2.5
142
0.0
143
0.03937007874016
144
1.0
145
0.0
146
1.0
147
0.625
148
0.0
 69
0
 70
0
 71
0
 72
0
 73
0
 74
0
 75
0
 76
0
 77
1
 78
8
 79
3
170
0
171
3
172
1
173
0
174
0
175
0
176
0
177
0
178
0
179
2
271
2
272
2
273
2
274
3
275
0
276
0
277
2
278
44
279
0
280
0
281
0
282
0
283
0
284
8
285
0
286
0
288
0
289
3
290
0
340
11
371
-2
372
-2
  0
ENDTAB
  0
TABLE
  2
BLOCK_RECORD
  5
1
330
0
100
AcDbSymbolTable
 70
111
  0
BLOCK_RECORD
  5
1F
102
{ACAD_XDICTIONARY
360
1CE
102
}
330
1
100
AcDbSymbolTableRecord
100
AcDbBlockTableRecord
  2
*Model_Space
340
22
 70
0
280
1
281
0
  0
BLOCK_RECORD
  5
D2
330
1
100
AcDbSymbolTableRecord
100
AcDbBlockTableRecord
  2
*Paper_Space
340
D3
 70
0
280
1
281
0
  0
BLOCK_RECORD
  5
D6
330
1
100
AcDbSymbolTableRecord
100
AcDbBlockTableRecord
  2
*Paper_Space0
340
D7
 70
0
280
1
281
0
  0
BLOCK_RECORD
  5
1898
330
1
100
AcDbSymbolTableRecord
100
AcDbBlockTableRecord
  2
rm
340
0
 70
6
280
1
281
0
  0
BLOCK_RECORD
  5
189F
330
1
100
AcDbSymbolTableRecord
100
AcDbBlockTableRecord
  2
Videokamera-A0CHVFCO2L
340
0
 70
0
280
1
281
0
  0
BLOCK_RECORD
  5
18A9
102
{ACAD_XDICTIONARY
360
18AA
102
}
330
1
100
AcDbSymbolTableRecord
100
AcDbBlockTableRecord
  2
Türöffner
340
0
 70
5
280
1
281
0
1001
AcDbDynamicBlockGUID
1000
{FF703249-1E34-4349-94E2-33503D1FB16C}
  0
BLOCK_RECORD
  5
299E
330
1
100
AcDbSymbolTableRecord
100
AcDbBlockTableRecord
  2
WST
340
0
 70
4
280
1
281
0
  0
BLOCK_RECORD
  5
76F2
330
1
100
AcDbSymbolTableRecord
100
AcDbBlockTableRecord
  2
Ausschalter Einpolig
340
0
 70
4
280
1
281
0
  0
BLOCK_RECORD
  5
76FF
330
1
100
AcDbSymbolTableRecord
100
AcDbBlockTableRecord
  2
Ausschalter einpolig mit Kontrolllampe
340
0
 70
4
280
1
281
0
  0
BLOCK_RECORD
  5
770E
330
1
100
AcDbSymbolTableRecord
100
AcDbBlockTableRecord
  2
Ausschalter zweipolig
340
0
 70
4
280
1
281
0
  0
BLOCK_RECORD
  5
771C
330
1
100
AcDbSymbolTableRecord
100
AcDbBlockTableRecord
  2
Serienschalter
340
0
 70
4
280
1
281
0
  0
BLOCK_RECORD
  5
772B
330
1
100
AcDbSymbolTableRecord
100
AcDbBlockTableRecord
  2
Serienschalter mit Kontrolllampe
340
0
 70
4
280
1
281
0
  0
BLOCK_RECORD
  5
773C
330
1
100
AcDbSymbolTableRecord
100
AcDbBlockTableRecord
  2
Wechselschalter
340
0
 70
4
280
1
281
0
  0
BLOCK_RECORD
  5
774B
330
1
100
AcDbSymbolTableRecord
100
AcDbBlockTableRecord
  2
Kreuzschalter
340
0
 70
4
280
1
281
0
  0
BLOCK_RECORD
  5
775E
330
1
100
AcDbSymbolTableRecord
100
AcDbBlockTableRecord
  2
Dimmschalter
340
0
 70
4
280
1
281
0
  0
BLOCK_RECORD
  5
776C
330
1
100
AcDbSymbolTableRecord
100
AcDbBlockTableRecord
  2
Zeitschalter
340
0
 70
4
280
1
281
0
  0
BLOCK_RECORD
  5
777A
330
1
100
AcDbSymbolTableRecord
100
AcDbBlockTableRecord
  2
Taster
340
0
 70
4
280
1
281
0
  0
BLOCK_RECORD
  5
7780
330
1
100
AcDbSymbolTableRecord
100
AcDbBlockTableRecord
  2
Taster mit Kontrolllampe
340
0
 70
4
280
1
281
0
  0
BLOCK_RECORD
  5
7788
330
1
100
AcDbSymbolTableRecord
100
AcDbBlockTableRecord
  2
Notaustaster
340
0
 70
4
280
1
281
0
  0
BLOCK_RECORD
  5
7792
330
1
100
AcDbSymbolTableRecord
100
AcDbBlockTableRecord
  2
Raumthermostat
340
0
 70
4
280
1
281
0
  0
BLOCK_RECORD
  5
779D
330
1
100
AcDbSymbolTableRecord
100
AcDbBlockTableRecord
  2
Schlüsselschalter
340
0
 70
4
280
1
281
0
  0
BLOCK_RECORD
  5
77A4
330
1
100
AcDbSymbolTableRecord
100
AcDbBlockTableRecord
  2
Bewegungsmelder 180^ °
340
0
 70
4
280
1
281
0
  0
BLOCK_RECORD
  5
77B2
330
1
100
AcDbSymbolTableRecord
100
AcDbBlockTableRecord
  2
Bewegungsmelder 180°
340
0
 70
4
280
1
281
0
  0
BLOCK_RECORD
  5
77BB
330
1
100
AcDbSymbolTableRecord
100
AcDbBlockTableRecord
  2
Bewegungsmelder 360°
340
0
 70
4
280
1
281
0
  0
BLOCK_RECORD
  5
77D4
330
1
100
AcDbSymbolTableRecord
100
AcDbBlockTableRecord
  2
Lichtsensor
340
0
 70
4
280
1
281
0
  0
BLOCK_RECORD
  5
7C1A
330
1
100
AcDbSymbolTableRecord
100
AcDbBlockTableRecord
  2
Jalousieschalter
340
0
 70
4
280
1
281
0
  0
BLOCK_RECORD
  5
7C25
330
1
100
AcDbSymbolTableRecord
100
AcDbBlockTableRecord
  2
Hotelcardschalter
340
0
 70
4
280
1
281
0
  0
BLOCK_RECORD
  5
8FE7
330
1
100
AcDbSymbolTableRecord
100
AcDbBlockTableRecord
  2
Steckdose 1-Fach
340
0
 70
4
280
1
281
0
  0
BLOCK_RECORD
  5
8FEE
330
1
100
AcDbSymbolTableRecord
100
AcDbBlockTableRecord
  2
EDV-Steckdose 1-Fach
340
0
 70
4
280
1
281
0
  0
BLOCK_RECORD
  5
8FF6
330
1
100
AcDbSymbolTableRecord
100
AcDbBlockTableRecord
  2
Steckdose 1-Fach geschalten
340
0
 70
4
280
1
281
0
  0
BLOCK_RECORD
  5
9000
330
1
100
AcDbSymbolTableRecord
100
AcDbBlockTableRecord
  2
Steckdose 2-Fach
340
0
 70
4
280
1
281
0
  0
BLOCK_RECORD
  5
900A
330
1
100
AcDbSymbolTableRecord
100
AcDbBlockTableRecord
  2
EDV-Steckdose 2-Fach
340
0
 70
4
280
1
281
0
  0
BLOCK_RECORD
  5
9015
330
1
100
AcDbSymbolTableRecord
100
AcDbBlockTableRecord
  2
Steckdose 3-Fach
340
0
 70
4
280
1
281
0
  0
BLOCK_RECORD
  5
9022
330
1
100
AcDbSymbolTableRecord
100
AcDbBlockTableRecord
  2
EDV-Steckdose 3-Fach
340
0
 70
4
280
1
281
0
  0
BLOCK_RECORD
  5
9030
330
1
100
AcDbSymbolTableRecord
100
AcDbBlockTableRecord
  2
Steckdose mit Klappdeckel 1-Fach
340
0
 70
4
280
1
281
0
  0
BLOCK_RECORD
  5
903B
330
1
100
AcDbSymbolTableRecord
100
AcDbBlockTableRecord
  2
Steckdose mit Klappdeckel 2-Fach
340
0
 70
4
280
1
281
0
  0
BLOCK_RECORD
  5
9049
330
1
100
AcDbSymbolTableRecord
100
AcDbBlockTableRecord
  2
Steckdose mit Klappdeckel 3-Fach
340
0
 70
4
280
1
281
0
  0
BLOCK_RECORD
  5
905A
330
1
100
AcDbSymbolTableRecord
100
AcDbBlockTableRecord
  2
Steckdose mit 16A
340
0
 70
4
280
1
281
0
  0
BLOCK_RECORD
  5
9067
330
1
100
AcDbSymbolTableRecord
100
AcDbBlockTableRecord
  2
Steckdose mit 32A
340
0
 70
4
280
1
281
0
  0
BLOCK_RECORD
  5
9074
330
1
100
AcDbSymbolTableRecord
100
AcDbBlockTableRecord
  2
Steckdose mit 63A
340
0
 70
4
280
1
281
0
  0
BLOCK_RECORD
  5
9740
330
1
100
AcDbSymbolTableRecord
100
AcDbBlockTableRecord
  2
Telefondose
340
0
 70
4
280
1
281
0
  0
BLOCK_RECORD
  5
974C
330
1
100
AcDbSymbolTableRecord
100
AcDbBlockTableRecord
  2
EDV-Mediendose 1-Anschluss
340
0
 70
4
280
1
281
0
  0
BLOCK_RECORD
  5
9755
330
1
100
AcDbSymbolTableRecord
100
AcDbBlockTableRecord
  2
EDV-Mediendose 2-Anschlüsse
340
0
 70
4
280
1
281
0
  0
BLOCK_RECORD
  5
975F
330
1
100
AcDbSymbolTableRecord
100
AcDbBlockTableRecord
  2
TV-Mediendose
340
0
 70
4
280
1
281
0
  0
BLOCK_RECORD
  5
976A
330
1
100
AcDbSymbolTableRecord
100
AcDbBlockTableRecord
  2
Wlandose (Anschluss)
340
0
 70
4
280
1
281
0
  0
BLOCK_RECORD
  5
9ABD
330
1
100
AcDbSymbolTableRecord
100
AcDbBlockTableRecord
  2
Steckdose
340
0
 70
4
280
1
281
0
  0
BLOCK_RECORD
  5
9AD1
330
1
100
AcDbSymbolTableRecord
100
AcDbBlockTableRecord
  2
Steckdose versperrbar
340
0
 70
4
280
1
281
0
  0
BLOCK_RECORD
  5
B88A
330
1
100
AcDbSymbolTableRecord
100
AcDbBlockTableRecord
  2
Anschluss
340
0
 70
4
280
1
281
0
  0
BLOCK_RECORD
  5
B890
330
1
100
AcDbSymbolTableRecord
100
AcDbBlockTableRecord
  2
E-Herd Anschluss
340
0
 70
4
280
1
281
0
  0
BLOCK_RECORD
  5
B8A4
330
1
100
AcDbSymbolTableRecord
100
AcDbBlockTableRecord
  2
Handtuchheizung
340
0
 70
4
280
1
281
0
  0
BLOCK_RECORD
  5
B8B2
330
1
100
AcDbSymbolTableRecord
100
AcDbBlockTableRecord
  2
Elektroauslass 230V
340
0
 70
4
280
1
281
0
  0
BLOCK_RECORD
  5
B8B9
330
1
100
AcDbSymbolTableRecord
100
AcDbBlockTableRecord
  2
Elektroauslass 400V
340
0
 70
4
280
1
281
0
  0
BLOCK_RECORD
  5
B8C2
330
1
100
AcDbSymbolTableRecord
100
AcDbBlockTableRecord
  2
Deckenauslass
340
0
 70
4
280
1
281
0
  0
BLOCK_RECORD
  5
B8C8
330
1
100
AcDbSymbolTableRecord
100
AcDbBlockTableRecord
  2
Wandlichtauslass
340
0
 70
4
280
1
281
0
  0
BLOCK_RECORD
  5
B8CF
330
1
100
AcDbSymbolTableRecord
100
AcDbBlockTableRecord
  2
Leerrohr
340
0
 70
4
280
1
281
0
  0
BLOCK_RECORD
  5
B8D5
330
1
100
AcDbSymbolTableRecord
100
AcDbBlockTableRecord
  2
Einlegedose
340
0
 70
4
280
1
281
0
  0
BLOCK_RECORD
  5
B8DE
330
1
100
AcDbSymbolTableRecord
100
AcDbBlockTableRecord
  2
BRK-Anschluss
340
0
 70
4
280
1
281
0
  0
BLOCK_RECORD
  5
B8E5
330
1
100
AcDbSymbolTableRecord
100
AcDbBlockTableRecord
  2
BRK+RM-Anschluss
340
0
 70
4
280
1
281
0
  0
BLOCK_RECORD
  5
B8EC
330
1
100
AcDbSymbolTableRecord
100
AcDbBlockTableRecord
  2
BSK-Anschluss
340
0
 70
4
280
1
281
0
  0
BLOCK_RECORD
  5
B8F3
330
1
100
AcDbSymbolTableRecord
100
AcDbBlockTableRecord
  2
BSK+RM-Anschluss
340
0
 70
4
280
1
281
0
  0
BLOCK_RECORD
  5
B8FA
330
1
100
AcDbSymbolTableRecord
100
AcDbBlockTableRecord
  2
Türmotor
340
0
 70
4
280
1
281
0
  0
BLOCK_RECORD
  5
B901
330
1
100
AcDbSymbolTableRecord
100
AcDbBlockTableRecord
  2
Lüfter
340
0
 70
4
280
1
281
0
  0
BLOCK_RECORD
  5
B908
330
1
100
AcDbSymbolTableRecord
100
AcDbBlockTableRecord
  2
Lüfter mit Nachlauf
340
0
 70
4
280
1
281
0
  0
BLOCK_RECORD
  5
B910
330
1
100
AcDbSymbolTableRecord
100
AcDbBlockTableRecord
  2
Nachlüftung
340
0
 70
4
280
1
281
0
  0
BLOCK_RECORD
  5
B917
330
1
100
AcDbSymbolTableRecord
100
AcDbBlockTableRecord
  2
Sonnenschutz-Innen
340
0
 70
4
280
1
281
0
  0
BLOCK_RECORD
  5
B91E
330
1
100
AcDbSymbolTableRecord
100
AcDbBlockTableRecord
  2
Sonnenschutz-Außen
340
0
 70
4
280
1
281
0
  0
BLOCK_RECORD
  5
B925
330
1
100
AcDbSymbolTableRecord
100
AcDbBlockTableRecord
  2
Vollverdunkelung
340
0
 70
4
280
1
281
0
  0
BLOCK_RECORD
  5
BA9A
330
1
100
AcDbSymbolTableRecord
100
AcDbBlockTableRecord
  2
Dunstabzug
340
0
 70
4
280
1
281
0
  0
BLOCK_RECORD
  5
BA9F
330
1
100
AcDbSymbolTableRecord
100
AcDbBlockTableRecord
  2
Elektroherd-Beschriftung
340
0
 70
4
280
1
281
0
  0
BLOCK_RECORD
  5
BAA5
330
1
100
AcDbSymbolTableRecord
100
AcDbBlockTableRecord
  2
Dunstabzug-Beschriftung
340
0
 70
4
280
1
281
0
  0
BLOCK_RECORD
  5
BAAA
330
1
100
AcDbSymbolTableRecord
100
AcDbBlockTableRecord
  2
Geschirrspüler-Beschriftung
340
0
 70
4
280
1
281
0
  0
BLOCK_RECORD
  5
BAAF
330
1
100
AcDbSymbolTableRecord
100
AcDbBlockTableRecord
  2
Kühlschrank-Beschriftung
340
0
 70
4
280
1
281
0
  0
BLOCK_RECORD
  5
BAB4
330
1
100
AcDbSymbolTableRecord
100
AcDbBlockTableRecord
  2
Mikrowelle
340
0
 70
4
280
1
281
0
  0
BLOCK_RECORD
  5
BAB9
330
1
100
AcDbSymbolTableRecord
100
AcDbBlockTableRecord
  2
Gullyheizung
340
0
 70
4
280
1
281
0
  0
BLOCK_RECORD
  5
BABE
330
1
100
AcDbSymbolTableRecord
100
AcDbBlockTableRecord
  2
Waschmaschine
340
0
 70
4
280
1
281
0
  0
BLOCK_RECORD
  5
BAC3
330
1
100
AcDbSymbolTableRecord
100
AcDbBlockTableRecord
  2
Lüfter-Beschriftung
340
0
 70
4
280
1
281
0
  0
BLOCK_RECORD
  5
BAC8
330
1
100
AcDbSymbolTableRecord
100
AcDbBlockTableRecord
  2
Klima-Beschriftung
340
0
 70
4
280
1
281
0
  0
BLOCK_RECORD
  5
BAF9
330
1
100
AcDbSymbolTableRecord
100
AcDbBlockTableRecord
  2
Leerdose-Kamera
340
0
 70
4
280
1
281
0
  0
BLOCK_RECORD
  5
BCA9
330
1
100
AcDbSymbolTableRecord
100
AcDbBlockTableRecord
  2
Elektroverteiler
340
0
 70
4
280
1
281
0
  0
BLOCK_RECORD
  5
BCB1
330
1
100
AcDbSymbolTableRecord
100
AcDbBlockTableRecord
  2
Medienverteiler
340
0
 70
4
280
1
281
0
  0
BLOCK_RECORD
  5
BCB9
330
1
100
AcDbSymbolTableRecord
100
AcDbBlockTableRecord
  2
DBA-Verteiler
340
0
 70
4
280
1
281
0
  0
BLOCK_RECORD
  5
BD1D
330
1
100
AcDbSymbolTableRecord
100
AcDbBlockTableRecord
  2
Freilauftürschließer
340
0
 70
4
280
1
281
0
  0
BLOCK_RECORD
  5
BD28
330
1
100
AcDbSymbolTableRecord
100
AcDbBlockTableRecord
  2
Druckknopfmelder
340
0
 70
4
280
1
281
0
  0
BLOCK_RECORD
  5
BD2F
330
1
100
AcDbSymbolTableRecord
100
AcDbBlockTableRecord
  2
Sirene
340
0
 70
4
280
1
281
0
  0
BLOCK_RECORD
  5
BD37
330
1
100
AcDbSymbolTableRecord
100
AcDbBlockTableRecord
  2
Schlüsselschalter-RM
340
0
 70
4
280
1
281
0
  0
BLOCK_RECORD
  5
BD41
330
1
100
AcDbSymbolTableRecord
100
AcDbBlockTableRecord
  2
Rauchmelder
340
0
 70
4
280
1
281
0
  0
BLOCK_RECORD
  5
C441
330
1
100
AcDbSymbolTableRecord
100
AcDbBlockTableRecord
  2
Kabeltasse- Breite 200mm
340
0
 70
4
280
1
281
0
  0
BLOCK_RECORD
  5
C448
330
1
100
AcDbSymbolTableRecord
100
AcDbBlockTableRecord
  2
Kabeltasse-Breite 100mm
340
0
 70
4
280
1
281
0
  0
BLOCK_RECORD
  5
C44F
330
1
100
AcDbSymbolTableRecord
100
AcDbBlockTableRecord
  2
Kabeltasse 300mm
340
0
 70
4
280
1
281
0
  0
BLOCK_RECORD
  5
C456
330
1
100
AcDbSymbolTableRecord
100
AcDbBlockTableRecord
  2
Kabeltasse- Breite 400mm
340
0
 70
4
280
1
281
0
  0
BLOCK_RECORD
  5
C45D
330
1
100
AcDbSymbolTableRecord
100
AcDbBlockTableRecord
  2
Kabeltasse-Breite 500mm
340
0
 70
4
280
1
281
0
  0
BLOCK_RECORD
  5
CA95
330
1
100
AcDbSymbolTableRecord
100
AcDbBlockTableRecord
  2
Blitzschutzableiter
340
0
 70
4
280
1
281
0
  0
BLOCK_RECORD
  5
CA9D
330
1
100
AcDbSymbolTableRecord
100
AcDbBlockTableRecord
  2
Blitzschutzableiter mit Trennklemme
340
0
 70
4
280
1
281
0
  0
BLOCK_RECORD
  5
CAA8
330
1
100
AcDbSymbolTableRecord
100
AcDbBlockTableRecord
  2
Fangspitze
340
0
 70
4
280
1
281
0
  0
BLOCK_RECORD
  5
CAB1
330
1
100
AcDbSymbolTableRecord
100
AcDbBlockTableRecord
  2
Klemmpunkt
340
0
 70
4
280
1
281
0
  0
BLOCK_RECORD
  5
CAB7
330
1
100
AcDbSymbolTableRecord
100
AcDbBlockTableRecord
  2
Fangleitung
340
0
 70
4
280
1
281
0
  0
BLOCK_RECORD
  5
D3E5
330
1
100
AcDbSymbolTableRecord
100
AcDbBlockTableRecord
  2
Potentialausgleich
340
0
 70
4
280
1
281
0
  0
BLOCK_RECORD
  5
D3EF
330
1
100
AcDbSymbolTableRecord
100
AcDbBlockTableRecord
  2
Potentialausgleich-Anschluss
340
0
 70
4
280
1
281
0
  0
BLOCK_RECORD
  5
D3F8
330
1
100
AcDbSymbolTableRecord
100
AcDbBlockTableRecord
  2
Potentialausgleich-Doppelanschluss
340
0
 70
4
280
1
281
0
  0
BLOCK_RECORD
  5
D404
330
1
100
AcDbSymbolTableRecord
100
AcDbBlockTableRecord
  2
Potentialausgleichschiene
340
0
 70
4
280
1
281
0
  0
BLOCK_RECORD
  5
D6EE
330
1
100
AcDbSymbolTableRecord
100
AcDbBlockTableRecord
  2
Innensprechstelle-Gegesprechanlage(GSP)
340
0
 70
4
280
1
281
0
  0
BLOCK_RECORD
  5
D70C
330
1
100
AcDbSymbolTableRecord
100
AcDbBlockTableRecord
  2
Außensprechstelle-Gegensprechanlage(GSP)
340
0
 70
4
280
1
281
0
  0
BLOCK_RECORD
  5
DAED
330
1
100
AcDbSymbolTableRecord
100
AcDbBlockTableRecord
  2
Notbeleuchtung Richtungspfeil nach unten
340
0
 70
4
280
1
281
0
  0
BLOCK_RECORD
  5
DAFB
330
1
100
AcDbSymbolTableRecord
100
AcDbBlockTableRecord
  2
Notbeleuchtung- Richtungspfeil nach unten
340
0
 70
4
280
1
281
0
  0
BLOCK_RECORD
  5
DB04
330
1
100
AcDbSymbolTableRecord
100
AcDbBlockTableRecord
  2
Notbeleuchtung-Richtungspfeil nach links
340
0
 70
4
280
1
281
0
  0
BLOCK_RECORD
  5
DB0D
330
1
100
AcDbSymbolTableRecord
100
AcDbBlockTableRecord
  2
Notbeleuchtung-Richtungspfeil nach rechts
340
0
 70
4
280
1
281
0
  0
BLOCK_RECORD
  5
DB52
330
1
100
AcDbSymbolTableRecord
100
AcDbBlockTableRecord
  2
Oval 27-Gitter Lampe
340
0
 70
4
280
1
281
0
  0
BLOCK_RECORD
  5
E038
330
1
100
AcDbSymbolTableRecord
100
AcDbBlockTableRecord
  2
Stiegenhaus Anbauleuchte LED
340
0
 70
4
280
1
281
0
  0
BLOCK_RECORD
  5
E050
330
1
100
AcDbSymbolTableRecord
100
AcDbBlockTableRecord
  2
Terassenbeleuchtung
340
0
 70
4
280
1
281
0
  0
BLOCK_RECORD
  5
E05A
330
1
100
AcDbSymbolTableRecord
100
AcDbBlockTableRecord
  2
FR-Wannenleuchte
340
0
 70
4
280
1
281
0
  0
BLOCK_RECORD
  5
E062
330
1
100
AcDbSymbolTableRecord
100
AcDbBlockTableRecord
  2
Pollerlampe Quadrasyl
340
0
 70
4
280
1
281
0
  0
ENDTAB
  0
ENDSEC
  0
SECTION
  2
BLOCKS
  0
BLOCK
  5
20
330
1F
100
AcDbEntity
  8
0
100
AcDbBlockBegin
  2
*Model_Space
 70
0
 10
0.0
 20
0.0
 30
0.0
  3
*Model_Space
  1

  0
ENDBLK
  5
21
330
1F
100
AcDbEntity
  8
0
100
AcDbBlockEnd
  0
BLOCK
  5
D4
330
D2
100
AcDbEntity
 67
1
  8
0
100
AcDbBlockBegin
  2
*Paper_Space
 70
0
 10
0.0
 20
0.0
 30
0.0
  3
*Paper_Space
  1

  0
ENDBLK
  5
D5
330
D2
100
AcDbEntity
 67
1
  8
0
100
AcDbBlockEnd
  0
BLOCK
  5
D8
330
D6
100
AcDbEntity
 67
1
  8
0
100
AcDbBlockBegin
  2
*Paper_Space0
 70
0
 10
0.0
 20
0.0
 30
0.0
  3
*Paper_Space0
  1

  0
ENDBLK
  5
D9
330
D6
100
AcDbEntity
 67
1
  8
0
100
AcDbBlockEnd
  0
BLOCK
  5
1899
330
1898
100
AcDbEntity
  8
0
100
AcDbBlockBegin
  2
rm
 70
2
 10
0.0
 20
0.0
 30
0.0
  3
rm
  1

  0
LINE
  5
189A
330
1898
100
AcDbEntity
  8
E_BRANDMELDE
100
AcDbLine
 10
-334623.6238106636
 20
100100.2589490773
 30
0.0
 11
-334258.5983962712
 21
100469.0494116828
 31
0.0
 39
63676.22065676954
  0
LINE
  5
189B
330
1898
100
AcDbEntity
  8
E_BRANDMELDE
100
AcDbLine
 10
-334256.813061415
 20
100102.2376244381
 30
0.0
 11
-334625.4091912913
 21
100467.0706900787
 31
0.0
 39
63676.22065676954
  0
CIRCLE
  5
189C
330
1898
100
AcDbEntity
  8
E_BRANDMELDE
100
AcDbCircle
 10
-334441.1111263532
 20
100284.6541572583
 30
0.0
 40
259.4464737368169
 39
63676.22065676954
  0
ATTDEF
  5
189D
330
1898
100
AcDbEntity
  8
E_BRANDMELDE
100
AcDbText
 10
-334093.7344938543
 20
100160.8502283675
 30
0.0
 40
318.2400000007124
  1

 39
63676.22065676954
 50
0.0942858431187443
  7
OIE-DÜNN
 11
-334093.5813666617
 21
100067.7977227813
 31
0.0
100
AcDbAttributeDefinition
  3
rechts
  2
HM
 70
0
 74
1
 71
1
 72
0
 11
-334093.5813666617
 21
100067.7977227813
 31
0.0
  0
ENDBLK
  5
189E
330
1898
100
AcDbEntity
  8
0
100
AcDbBlockEnd
  0
BLOCK
  5
18A0
330
189F
100
AcDbEntity
  8
0
100
AcDbBlockBegin
  2
Videokamera-A0CHVFCO2L
 70
0
 10
508.0434570312498
 20
300.3540344238281
 30
0.0
  3
Videokamera-A0CHVFCO2L
  1

  0
LINE
  5
18A1
330
189F
100
AcDbEntity
  8
0
 62
0
370
-2
100
AcDbLine
 10
509.4576772615747
 20
300.3540258980393
 30
0.0
 11
508.0434636992016
 21
301.7682394604124
 31
0.0
  0
LINE
  5
18A2
330
189F
100
AcDbEntity
  8
0
 62
0
370
-2
100
AcDbLine
 10
512.2861043863207
 20
303.1824530227855
 30
0.0
 11
509.4576772615747
 21
300.3540258980393
 31
0.0
  0
LINE
  5
18A3
330
189F
100
AcDbEntity
  8
0
 62
0
370
-2
100
AcDbLine
 10
508.0434636992016
 20
301.7682394604124
 30
0.0
 11
510.8718908239477
 21
304.5966665851585
 31
0.0
  0
LINE
  5
18A4
330
189F
100
AcDbEntity
  8
0
 62
0
370
-2
100
AcDbLine
 10
511.7394528617076
 20
303.7291045473986
 30
0.0
 11
513.7003179486939
 21
304.5966665851585
 31
0.0
  0
LINE
  5
18A5
330
189F
100
AcDbEntity
  8
0
 62
0
370
-2
100
AcDbLine
 10
513.7003179486939
 20
304.5966665851585
 30
0.0
 11
512.2861043863207
 21
306.0108801475316
 31
0.0
  0
LINE
  5
18A6
330
189F
100
AcDbEntity
  8
0
 62
0
370
-2
100
AcDbLine
 10
510.8718908239477
 20
304.5966665851585
 30
0.0
 11
512.2861043863207
 21
303.1824530227855
 31
0.0
  0
LINE
  5
18A7
330
189F
100
AcDbEntity
  8
0
 62
0
370
-2
100
AcDbLine
 10
511.4185423485611
 20
304.0500150605453
 30
0.0
 11
512.2861043863207
 21
306.0108801475316
 31
0.0
  0
ENDBLK
  5
18A8
330
189F
100
AcDbEntity
  8
0
100
AcDbBlockEnd
  0
BLOCK
  5
18AC
330
18A9
100
AcDbEntity
  8
0
100
AcDbBlockBegin
  2
Türöffner
 70
2
 10
0.0
 20
0.0
 30
0.0
  3
Türöffner
  1

  0
LWPOLYLINE
  5
18AD
102
{ACAD_REACTORS
330
18B0
102
}
330
18A9
100
AcDbEntity
  8
0
  6
ByBlock
100
AcDbPolyline
 90
4
 70
1
 10
-7.321508946108677
 20
-12.36677863898149
 10
-7.321508946108677
 20
18.49044639197018
 10
4.792082249062787
 20
18.49044639197018
 10
4.792082249062787
 20
-12.36677863898058
  0
LINE
  5
18AE
102
{ACAD_REACTORS
330
18B0
102
}
330
18A9
100
AcDbEntity
  8
0
  6
ByBlock
100
AcDbLine
 10
4.792082249062787
 20
18.49044639197018
 30
0.0
 11
4.792082249062787
 21
33.40835811037323
 31
0.0
  0
LINE
  5
18AF
102
{ACAD_REACTORS
330
18B0
102
}
330
18A9
100
AcDbEntity
  8
0
  6
ByBlock
100
AcDbLine
 10
4.792082249062787
 20
33.40835811037323
 30
0.0
 11
-7.321508946108677
 21
18.49044639197018
 31
0.0
  0
HATCH
  5
18B0
330
18A9
100
AcDbEntity
  8
0
  6
ByBlock
100
AcDbHatch
 10
0.0
 20
0.0
 30
0.0
210
0.0
220
0.0
230
1.0
  2
SOLID
 70
1
 71
1
 91
1
 92
7
 72
0
 73
1
 93
3
 10
-7.321508946108677
 20
18.49044639197018
 10
4.792082249062787
 20
18.49044639197018
 10
4.792082249062787
 20
33.40835811037323
 97
3
330
18AD
330
18AE
330
18AF
 75
0
 76
1
 47
0.227002750821621
 98
1
 10
-1.326820481267077
 20
23.41293373334702
450
0
451
0
460
0.0
461
0.0
452
0
462
0.0
453
0
470

  0
ATTDEF
  5
18B1
330
18A9
100
AcDbEntity
  8
0
 62
130
100
AcDbText
 10
-11.76216378921918
 20
3.061833876494346
 30
0.0
 40
15.0
  1

 50
90.0
  7
M&P_ARIAL
 72
1
 11
-7.321508946108677
 21
3.061833876494346
 31
0.0
100
AcDbAttributeDefinition
  3

  2
BEZEICHUNG
 70
0
 74
1
 71
1
 72
0
 11
-7.321508946108677
 21
3.061833876494346
 31
0.0
  0
ENDBLK
  5
18B2
330
18A9
100
AcDbEntity
  8
0
100
AcDbBlockEnd
  0
BLOCK
  5
299F
330
299E
100
AcDbEntity
  8
0
100
AcDbBlockBegin
  2
WST
 70
0
 10
0.0
 20
0.0
 30
0.0
  3
WST
  1

  0
LWPOLYLINE
  5
29C9
330
299E
100
AcDbEntity
  8
E_ERDUNG
 62
240
370
40
420
15540004
100
AcDbPolyline
 90
5
 70
0
 10
2655.627421433746
 20
2358.514645012925
 10
2657.684706382395
 20
2358.503230587535
 10
2657.676187291625
 20
2356.967787796486
 10
2655.587519595342
 20
2356.979376342672
 10
2655.627421433746
 20
2358.514645012925
  0
TEXT
  5
29CA
330
299E
100
AcDbEntity
  8
E_ERDUNG
 62
240
370
40
420
15540004
100
AcDbText
 10
2655.855728204013
 20
2357.410019573261
 30
0.0
 40
0.6096799280180539
  1
WST
 50
0.3838503584881435
100
AcDbText
  0
ENDBLK
  5
29A2
330
299E
100
AcDbEntity
  8
0
100
AcDbBlockEnd
  0
BLOCK
  5
76F3
330
76F2
100
AcDbEntity
  8
0
100
AcDbBlockBegin
  2
Ausschalter Einpolig
 70
0
 10
0.0
 20
0.0
 30
0.0
  3
Ausschalter Einpolig
  1

  0
CIRCLE
  5
76F5
330
76F2
100
AcDbEntity
  8
0
 62
5
100
AcDbCircle
 10
2571.723826850723
 20
2402.322566544811
 30
1.85e-14
 40
0.32646948552184
1001
AcDbBlockRepETag
1070
1
1071
0
1005
76F5
  0
LINE
  5
76F6
330
76F2
100
AcDbEntity
  8
0
 62
5
100
AcDbLine
 10
2571.887061593484
 20
2402.605297412833
 30
1.85e-14
 11
2572.322354240847
 21
2403.359246394225
 31
1.85e-14
1001
AcDbBlockRepETag
1070
1
1071
1
1005
76F6
  0
LINE
  5
76F7
330
76F2
100
AcDbEntity
  8
0
 62
5
100
AcDbLine
 10
2572.322354240847
 20
2403.359246394225
 30
1.85e-14
 11
2572.510841486196
 21
2403.250423232385
 31
1.85e-14
1001
AcDbBlockRepETag
1070
1
1071
2
1005
76F7
  0
CIRCLE
  5
76F8
330
76F2
100
AcDbEntity
  8
ET_LEGENDE - Wohnung$0$800_KO_HI____L
 62
5
100
AcDbCircle
 10
2571.397357365202
 20
2401.832862316527
 30
1.85e-14
 40
0.032646948552184
1001
AcDbBlockRepETag
1070
1
1071
274
1005
76F8
  0
CIRCLE
  5
76F9
330
76F2
100
AcDbEntity
  8
ET_LEGENDE - Wohnung$0$800_KO_HI____L
 62
5
100
AcDbCircle
 10
2572.050296336246
 20
2401.832862316527
 30
1.85e-14
 40
0.032646948552184
1001
AcDbBlockRepETag
1070
1
1071
270
1005
76F9
  0
CIRCLE
  5
76FA
330
76F2
100
AcDbEntity
  8
ET_LEGENDE - Wohnung$0$800_KO_HI____L
 62
5
100
AcDbCircle
 10
2571.723826850723
 20
2401.506392831005
 30
1.85e-14
 40
0.032646948552184
1001
AcDbBlockRepETag
1070
1
1071
271
1005
76FA
  0
CIRCLE
  5
76FB
330
76F2
100
AcDbEntity
  8
ET_LEGENDE - Wohnung$0$800_KO_HI____L
 62
5
100
AcDbCircle
 10
2571.723826850723
 20
2403.138740258615
 30
1.85e-14
 40
0.032646948552184
1001
AcDbBlockRepETag
1070
1
1071
272
1005
76FB
  0
CIRCLE
  5
76FC
330
76F2
100
AcDbEntity
  8
ET_LEGENDE - Wohnung$0$800_KO_HI____L
 62
5
100
AcDbCircle
 10
2571.723826850723
 20
2402.812270773094
 30
1.85e-14
 40
0.032646948552184
1001
AcDbBlockRepETag
1070
1
1071
273
1005
76FC
  0
CIRCLE
  5
76FD
330
76F2
100
AcDbEntity
  8
ET_LEGENDE - Wohnung$0$800_KO_HI____L
 62
5
100
AcDbCircle
 10
2571.723826850723
 20
2401.832862316527
 30
1.85e-14
 40
0.032646948552184
1001
AcDbBlockRepETag
1070
1
1071
275
1005
76FD
  0
ENDBLK
  5
76F4
330
76F2
100
AcDbEntity
  8
0
100
AcDbBlockEnd
  0
BLOCK
  5
7700
330
76FF
100
AcDbEntity
  8
0
100
AcDbBlockBegin
  2
Ausschalter einpolig mit Kontrolllampe
 70
0
 10
0.0
 20
0.0
 30
0.0
  3
Ausschalter einpolig mit Kontrolllampe
  1

  0
CIRCLE
  5
7702
330
76FF
100
AcDbEntity
  8
0
 62
5
100
AcDbCircle
 10
2571.815021367614
 20
2399.04240294624
 30
1.85e-14
 40
0.32646948552184
1001
AcDbBlockRepETag
1070
1
1071
0
1005
7702
  0
LINE
  5
7703
330
76FF
100
AcDbEntity
  8
0
 62
5
100
AcDbLine
 10
2571.978256110375
 20
2399.325133814263
 30
1.85e-14
 11
2572.413548757737
 21
2400.079082795655
 31
1.85e-14
1001
AcDbBlockRepETag
1070
1
1071
1
1005
7703
  0
LINE
  5
7704
330
76FF
100
AcDbEntity
  8
0
 62
5
100
AcDbLine
 10
2572.413548757737
 20
2400.079082795655
 30
1.85e-14
 11
2572.602036003087
 21
2399.970259633815
 31
1.85e-14
1001
AcDbBlockRepETag
1070
1
1071
2
1005
7704
  0
LINE
  5
7705
330
76FF
100
AcDbEntity
  8
0
 62
5
100
AcDbLine
 10
2571.584172580552
 20
2398.811554159177
 30
1.85e-14
 11
2572.045870154677
 21
2399.273251733303
 31
1.85e-14
1001
AcDbBlockRepETag
1070
1
1071
268
1005
7705
  0
LINE
  5
7706
330
76FF
100
AcDbEntity
  8
0
 62
5
100
AcDbLine
 10
2572.045870154677
 20
2398.811554159177
 30
1.85e-14
 11
2571.584172580552
 21
2399.273251733303
 31
1.85e-14
1001
AcDbBlockRepETag
1070
1
1071
269
1005
7706
  0
CIRCLE
  5
7707
330
76FF
100
AcDbEntity
  8
ET_LEGENDE - Wohnung$0$800_KO_HI____L
 62
5
100
AcDbCircle
 10
2571.488551882092
 20
2398.552698717958
 30
1.85e-14
 40
0.032646948552184
1001
AcDbBlockRepETag
1070
1
1071
274
1005
7707
  0
CIRCLE
  5
7708
330
76FF
100
AcDbEntity
  8
ET_LEGENDE - Wohnung$0$800_KO_HI____L
 62
5
100
AcDbCircle
 10
2572.141490853136
 20
2398.552698717958
 30
1.85e-14
 40
0.032646948552184
1001
AcDbBlockRepETag
1070
1
1071
270
1005
7708
  0
CIRCLE
  5
7709
330
76FF
100
AcDbEntity
  8
ET_LEGENDE - Wohnung$0$800_KO_HI____L
 62
5
100
AcDbCircle
 10
2571.815021367614
 20
2398.226229232435
 30
1.85e-14
 40
0.032646948552184
1001
AcDbBlockRepETag
1070
1
1071
271
1005
7709
  0
CIRCLE
  5
770A
330
76FF
100
AcDbEntity
  8
ET_LEGENDE - Wohnung$0$800_KO_HI____L
 62
5
100
AcDbCircle
 10
2571.815021367614
 20
2399.858576660045
 30
1.85e-14
 40
0.032646948552184
1001
AcDbBlockRepETag
1070
1
1071
272
1005
770A
  0
CIRCLE
  5
770B
330
76FF
100
AcDbEntity
  8
ET_LEGENDE - Wohnung$0$800_KO_HI____L
 62
5
100
AcDbCircle
 10
2571.815021367614
 20
2399.532107174523
 30
1.85e-14
 40
0.032646948552184
1001
AcDbBlockRepETag
1070
1
1071
273
1005
770B
  0
CIRCLE
  5
770C
330
76FF
100
AcDbEntity
  8
ET_LEGENDE - Wohnung$0$800_KO_HI____L
 62
5
100
AcDbCircle
 10
2571.815021367614
 20
2398.552698717958
 30
1.85e-14
 40
0.032646948552184
1001
AcDbBlockRepETag
1070
1
1071
275
1005
770C
  0
ENDBLK
  5
7701
330
76FF
100
AcDbEntity
  8
0
100
AcDbBlockEnd
  0
BLOCK
  5
770F
330
770E
100
AcDbEntity
  8
0
100
AcDbBlockBegin
  2
Ausschalter zweipolig
 70
0
 10
0.0
 20
0.0
 30
0.0
  3
Ausschalter zweipolig
  1

  0
CIRCLE
  5
7711
330
770E
100
AcDbEntity
  8
0
 62
5
100
AcDbCircle
 10
2572.004574114318
 20
2396.429329292326
 30
1.85e-14
 40
0.32646948552184
1001
AcDbBlockRepETag
1070
1
1071
0
1005
7711
  0
LINE
  5
7712
330
770E
100
AcDbEntity
  8
0
 62
5
100
AcDbLine
 10
2572.167808857079
 20
2396.712060160348
 30
1.85e-14
 11
2572.603101504443
 21
2397.46600914174
 31
1.85e-14
1001
AcDbBlockRepETag
1070
1
1071
1
1005
7712
  0
LINE
  5
7713
330
770E
100
AcDbEntity
  8
0
 62
5
100
AcDbLine
 10
2572.603101504443
 20
2397.46600914174
 30
1.85e-14
 11
2572.791588749791
 21
2397.357185979899
 31
1.85e-14
1001
AcDbBlockRepETag
1070
1
1071
2
1005
7713
  0
LINE
  5
7714
330
770E
100
AcDbEntity
  8
0
 62
5
100
AcDbLine
 10
2572.529300257276
 20
2397.338181631987
 30
1.85e-14
 11
2572.717787502624
 21
2397.229358470147
 31
1.85e-14
1001
AcDbBlockRepETag
1070
1
1071
10
1005
7714
  0
CIRCLE
  5
7715
330
770E
100
AcDbEntity
  8
ET_LEGENDE - Wohnung$0$800_KO_HI____L
 62
5
100
AcDbCircle
 10
2571.678104628797
 20
2395.939625064042
 30
1.85e-14
 40
0.032646948552184
1001
AcDbBlockRepETag
1070
1
1071
274
1005
7715
  0
CIRCLE
  5
7716
330
770E
100
AcDbEntity
  8
ET_LEGENDE - Wohnung$0$800_KO_HI____L
 62
5
100
AcDbCircle
 10
2572.331043599841
 20
2395.939625064042
 30
1.85e-14
 40
0.032646948552184
1001
AcDbBlockRepETag
1070
1
1071
270
1005
7716
  0
CIRCLE
  5
7717
330
770E
100
AcDbEntity
  8
ET_LEGENDE - Wohnung$0$800_KO_HI____L
 62
5
100
AcDbCircle
 10
2572.004574114318
 20
2395.61315557852
 30
1.85e-14
 40
0.032646948552184
1001
AcDbBlockRepETag
1070
1
1071
271
1005
7717
  0
CIRCLE
  5
7718
330
770E
100
AcDbEntity
  8
ET_LEGENDE - Wohnung$0$800_KO_HI____L
 62
5
100
AcDbCircle
 10
2572.004574114318
 20
2397.24550300613
 30
1.85e-14
 40
0.032646948552184
1001
AcDbBlockRepETag
1070
1
1071
272
1005
7718
  0
CIRCLE
  5
7719
330
770E
100
AcDbEntity
  8
ET_LEGENDE - Wohnung$0$800_KO_HI____L
 62
5
100
AcDbCircle
 10
2572.004574114318
 20
2396.919033520608
 30
1.85e-14
 40
0.032646948552184
1001
AcDbBlockRepETag
1070
1
1071
273
1005
7719
  0
CIRCLE
  5
771A
330
770E
100
AcDbEntity
  8
ET_LEGENDE - Wohnung$0$800_KO_HI____L
 62
5
100
AcDbCircle
 10
2572.004574114318
 20
2395.939625064042
 30
1.85e-14
 40
0.032646948552184
1001
AcDbBlockRepETag
1070
1
1071
275
1005
771A
  0
ENDBLK
  5
7710
330
770E
100
AcDbEntity
  8
0
100
AcDbBlockEnd
  0
BLOCK
  5
771D
330
771C
100
AcDbEntity
  8
0
100
AcDbBlockBegin
  2
Serienschalter
 70
0
 10
0.0
 20
0.0
 30
0.0
  3
Serienschalter
  1

  0
CIRCLE
  5
771F
330
771C
100
AcDbEntity
  8
0
 62
5
100
AcDbCircle
 10
2572.149374317782
 20
2393.897359878726
 30
1.85e-14
 40
0.32646948552184
1001
AcDbBlockRepETag
1070
1
1071
0
1005
771F
  0
LINE
  5
7720
330
771C
100
AcDbEntity
  8
0
 62
5
100
AcDbLine
 10
2572.312609060542
 20
2394.180090746748
 30
1.85e-14
 11
2572.747901707904
 21
2394.934039728141
 31
1.85e-14
1001
AcDbBlockRepETag
1070
1
1071
1
1005
7720
  0
LINE
  5
7721
330
771C
100
AcDbEntity
  8
0
 62
5
100
AcDbLine
 10
2572.747901707904
 20
2394.934039728141
 30
1.85e-14
 11
2572.936388953253
 21
2394.8252165663
 31
1.85e-14
1001
AcDbBlockRepETag
1070
1
1071
2
1005
7721
  0
LINE
  5
7722
330
771C
100
AcDbEntity
  8
0
 62
5
100
AcDbLine
 10
2571.986139575021
 20
2394.180090746748
 30
1.85e-14
 11
2571.550846927658
 21
2394.934039728141
 31
1.85e-14
1001
AcDbBlockRepETag
1070
1
1071
14
1005
7722
  0
LINE
  5
7723
330
771C
100
AcDbEntity
  8
0
 62
5
100
AcDbLine
 10
2571.550846927658
 20
2394.934039728141
 30
1.85e-14
 11
2571.362359682309
 21
2394.8252165663
 31
1.85e-14
1001
AcDbBlockRepETag
1070
1
1071
15
1005
7723
  0
CIRCLE
  5
7724
330
771C
100
AcDbEntity
  8
ET_LEGENDE - Wohnung$0$800_KO_HI____L
 62
5
100
AcDbCircle
 10
2571.822904832259
 20
2393.407655650443
 30
1.85e-14
 40
0.032646948552184
1001
AcDbBlockRepETag
1070
1
1071
274
1005
7724
  0
CIRCLE
  5
7725
330
771C
100
AcDbEntity
  8
ET_LEGENDE - Wohnung$0$800_KO_HI____L
 62
5
100
AcDbCircle
 10
2572.475843803303
 20
2393.407655650443
 30
1.85e-14
 40
0.032646948552184
1001
AcDbBlockRepETag
1070
1
1071
270
1005
7725
  0
CIRCLE
  5
7726
330
771C
100
AcDbEntity
  8
ET_LEGENDE - Wohnung$0$800_KO_HI____L
 62
5
100
AcDbCircle
 10
2572.149374317782
 20
2393.081186164921
 30
1.85e-14
 40
0.032646948552184
1001
AcDbBlockRepETag
1070
1
1071
271
1005
7726
  0
CIRCLE
  5
7727
330
771C
100
AcDbEntity
  8
ET_LEGENDE - Wohnung$0$800_KO_HI____L
 62
5
100
AcDbCircle
 10
2572.149374317782
 20
2394.713533592531
 30
1.85e-14
 40
0.032646948552184
1001
AcDbBlockRepETag
1070
1
1071
272
1005
7727
  0
CIRCLE
  5
7728
330
771C
100
AcDbEntity
  8
ET_LEGENDE - Wohnung$0$800_KO_HI____L
 62
5
100
AcDbCircle
 10
2572.149374317782
 20
2394.387064107009
 30
1.85e-14
 40
0.032646948552184
1001
AcDbBlockRepETag
1070
1
1071
273
1005
7728
  0
CIRCLE
  5
7729
330
771C
100
AcDbEntity
  8
ET_LEGENDE - Wohnung$0$800_KO_HI____L
 62
5
100
AcDbCircle
 10
2572.149374317782
 20
2393.407655650443
 30
1.85e-14
 40
0.032646948552184
1001
AcDbBlockRepETag
1070
1
1071
275
1005
7729
  0
ENDBLK
  5
771E
330
771C
100
AcDbEntity
  8
0
100
AcDbBlockEnd
  0
BLOCK
  5
772C
330
772B
100
AcDbEntity
  8
0
100
AcDbBlockBegin
  2
Serienschalter mit Kontrolllampe
 70
0
 10
0.0
 20
0.0
 30
0.0
  3
Serienschalter mit Kontrolllampe
  1

  0
CIRCLE
  5
772E
330
772B
100
AcDbEntity
  8
0
 62
5
100
AcDbCircle
 10
2572.215269785725
 20
2391.112193827981
 30
1.85e-14
 40
0.32646948552184
1001
AcDbBlockRepETag
1070
1
1071
0
1005
772E
  0
LINE
  5
772F
330
772B
100
AcDbEntity
  8
0
 62
5
100
AcDbLine
 10
2572.378504528485
 20
2391.394924696005
 30
1.85e-14
 11
2572.813797175848
 21
2392.148873677396
 31
1.85e-14
1001
AcDbBlockRepETag
1070
1
1071
1
1005
772F
  0
LINE
  5
7730
330
772B
100
AcDbEntity
  8
0
 62
5
100
AcDbLine
 10
2572.813797175848
 20
2392.148873677396
 30
1.85e-14
 11
2573.002284421197
 21
2392.040050515556
 31
1.85e-14
1001
AcDbBlockRepETag
1070
1
1071
2
1005
7730
  0
LINE
  5
7731
330
772B
100
AcDbEntity
  8
0
 62
5
100
AcDbLine
 10
2572.052035042964
 20
2391.394924696005
 30
1.85e-14
 11
2571.616742395602
 21
2392.148873677396
 31
1.85e-14
1001
AcDbBlockRepETag
1070
1
1071
14
1005
7731
  0
LINE
  5
7732
330
772B
100
AcDbEntity
  8
0
 62
5
100
AcDbLine
 10
2571.616742395602
 20
2392.148873677396
 30
1.85e-14
 11
2571.428255150253
 21
2392.040050515556
 31
1.85e-14
1001
AcDbBlockRepETag
1070
1
1071
15
1005
7732
  0
LINE
  5
7733
330
772B
100
AcDbEntity
  8
0
 62
5
100
AcDbLine
 10
2571.984420998662
 20
2390.881345040918
 30
1.85e-14
 11
2572.446118572788
 21
2391.343042615044
 31
1.85e-14
1001
AcDbBlockRepETag
1070
1
1071
268
1005
7733
  0
LINE
  5
7734
330
772B
100
AcDbEntity
  8
0
 62
5
100
AcDbLine
 10
2572.446118572788
 20
2390.881345040918
 30
1.85e-14
 11
2571.984420998662
 21
2391.343042615044
 31
1.85e-14
1001
AcDbBlockRepETag
1070
1
1071
269
1005
7734
  0
CIRCLE
  5
7735
330
772B
100
AcDbEntity
  8
ET_LEGENDE - Wohnung$0$800_KO_HI____L
 62
5
100
AcDbCircle
 10
2571.888800300202
 20
2390.622489599699
 30
1.85e-14
 40
0.032646948552184
1001
AcDbBlockRepETag
1070
1
1071
274
1005
7735
  0
CIRCLE
  5
7736
330
772B
100
AcDbEntity
  8
ET_LEGENDE - Wohnung$0$800_KO_HI____L
 62
5
100
AcDbCircle
 10
2572.541739271247
 20
2390.622489599699
 30
1.85e-14
 40
0.032646948552184
1001
AcDbBlockRepETag
1070
1
1071
270
1005
7736
  0
CIRCLE
  5
7737
330
772B
100
AcDbEntity
  8
ET_LEGENDE - Wohnung$0$800_KO_HI____L
 62
5
100
AcDbCircle
 10
2572.215269785725
 20
2390.296020114176
 30
1.85e-14
 40
0.032646948552184
1001
AcDbBlockRepETag
1070
1
1071
271
1005
7737
  0
CIRCLE
  5
7738
330
772B
100
AcDbEntity
  8
ET_LEGENDE - Wohnung$0$800_KO_HI____L
 62
5
100
AcDbCircle
 10
2572.215269785725
 20
2391.928367541786
 30
1.85e-14
 40
0.032646948552184
1001
AcDbBlockRepETag
1070
1
1071
272
1005
7738
  0
CIRCLE
  5
7739
330
772B
100
AcDbEntity
  8
ET_LEGENDE - Wohnung$0$800_KO_HI____L
 62
5
100
AcDbCircle
 10
2572.215269785725
 20
2391.601898056264
 30
1.85e-14
 40
0.032646948552184
1001
AcDbBlockRepETag
1070
1
1071
273
1005
7739
  0
CIRCLE
  5
773A
330
772B
100
AcDbEntity
  8
ET_LEGENDE - Wohnung$0$800_KO_HI____L
 62
5
100
AcDbCircle
 10
2572.215269785725
 20
2390.622489599699
 30
1.85e-14
 40
0.032646948552184
1001
AcDbBlockRepETag
1070
1
1071
275
1005
773A
  0
ENDBLK
  5
772D
330
772B
100
AcDbEntity
  8
0
100
AcDbBlockEnd
  0
BLOCK
  5
773D
330
773C
100
AcDbEntity
  8
0
100
AcDbBlockBegin
  2
Wechselschalter
 70
0
 10
0.0
 20
0.0
 30
0.0
  3
Wechselschalter
  1

  0
CIRCLE
  5
773F
330
773C
100
AcDbEntity
  8
0
 62
5
100
AcDbCircle
 10
2572.239944273159
 20
2388.29071297926
 30
1.85e-14
 40
0.32646948552184
1001
AcDbBlockRepETag
1070
1
1071
0
1005
773F
  0
LINE
  5
7740
330
773C
100
AcDbEntity
  8
0
 62
5
100
AcDbLine
 10
2572.40317901592
 20
2388.573443847284
 30
1.85e-14
 11
2572.838471663283
 21
2389.327392828676
 31
1.85e-14
1001
AcDbBlockRepETag
1070
1
1071
1
1005
7740
  0
LINE
  5
7741
330
773C
100
AcDbEntity
  8
0
 62
5
100
AcDbLine
 10
2572.838471663283
 20
2389.327392828676
 30
1.85e-14
 11
2573.026958908631
 21
2389.218569666835
 31
1.85e-14
1001
AcDbBlockRepETag
1070
1
1071
2
1005
7741
  0
LINE
  5
7742
330
773C
100
AcDbEntity
  8
0
 62
5
100
AcDbLine
 10
2572.076709530399
 20
2388.007982111238
 30
1.85e-14
 11
2571.641416883036
 21
2387.254033129846
 31
1.85e-14
1001
AcDbBlockRepETag
1070
1
1071
8
1005
7742
  0
LINE
  5
7743
330
773C
100
AcDbEntity
  8
0
 62
5
100
AcDbLine
 10
2571.641416883036
 20
2387.254033129846
 30
1.85e-14
 11
2571.452929637688
 21
2387.362856291687
 31
1.85e-14
1001
AcDbBlockRepETag
1070
1
1071
9
1005
7743
  0
CIRCLE
  5
7744
330
773C
100
AcDbEntity
  8
ET_LEGENDE - Wohnung$0$800_KO_HI____L
 62
5
100
AcDbCircle
 10
2571.913474787637
 20
2387.801008750978
 30
1.85e-14
 40
0.032646948552184
1001
AcDbBlockRepETag
1070
1
1071
274
1005
7744
  0
CIRCLE
  5
7745
330
773C
100
AcDbEntity
  8
ET_LEGENDE - Wohnung$0$800_KO_HI____L
 62
5
100
AcDbCircle
 10
2572.566413758682
 20
2387.801008750978
 30
1.85e-14
 40
0.032646948552184
1001
AcDbBlockRepETag
1070
1
1071
270
1005
7745
  0
CIRCLE
  5
7746
330
773C
100
AcDbEntity
  8
ET_LEGENDE - Wohnung$0$800_KO_HI____L
 62
5
100
AcDbCircle
 10
2572.239944273159
 20
2387.474539265456
 30
1.85e-14
 40
0.032646948552184
1001
AcDbBlockRepETag
1070
1
1071
271
1005
7746
  0
CIRCLE
  5
7747
330
773C
100
AcDbEntity
  8
ET_LEGENDE - Wohnung$0$800_KO_HI____L
 62
5
100
AcDbCircle
 10
2572.239944273159
 20
2389.106886693066
 30
1.85e-14
 40
0.032646948552184
1001
AcDbBlockRepETag
1070
1
1071
272
1005
7747
  0
CIRCLE
  5
7748
330
773C
100
AcDbEntity
  8
ET_LEGENDE - Wohnung$0$800_KO_HI____L
 62
5
100
AcDbCircle
 10
2572.239944273159
 20
2388.780417207544
 30
1.85e-14
 40
0.032646948552184
1001
AcDbBlockRepETag
1070
1
1071
273
1005
7748
  0
CIRCLE
  5
7749
330
773C
100
AcDbEntity
  8
ET_LEGENDE - Wohnung$0$800_KO_HI____L
 62
5
100
AcDbCircle
 10
2572.239944273159
 20
2387.801008750978
 30
1.85e-14
 40
0.032646948552184
1001
AcDbBlockRepETag
1070
1
1071
275
1005
7749
  0
ENDBLK
  5
773E
330
773C
100
AcDbEntity
  8
0
100
AcDbBlockEnd
  0
BLOCK
  5
774C
330
774B
100
AcDbEntity
  8
0
100
AcDbBlockBegin
  2
Kreuzschalter
 70
0
 10
0.0
 20
0.0
 30
0.0
  3
Kreuzschalter
  1

  0
CIRCLE
  5
774E
330
774B
100
AcDbEntity
  8
0
 62
5
100
AcDbCircle
 10
2572.239944273159
 20
2385.412121390326
 30
1.85e-14
 40
0.32646948552184
1001
AcDbBlockRepETag
1070
1
1071
0
1005
774E
  0
LINE
  5
774F
330
774B
100
AcDbEntity
  8
0
 62
5
100
AcDbLine
 10
2572.40317901592
 20
2385.694852258348
 30
1.85e-14
 11
2572.838471663283
 21
2386.448801239741
 31
1.85e-14
1001
AcDbBlockRepETag
1070
1
1071
1
1005
774F
  0
LINE
  5
7750
330
774B
100
AcDbEntity
  8
0
 62
5
100
AcDbLine
 10
2572.838471663283
 20
2386.448801239741
 30
1.85e-14
 11
2573.026958908631
 21
2386.3399780779
 31
1.85e-14
1001
AcDbBlockRepETag
1070
1
1071
2
1005
7750
  0
LINE
  5
7751
330
774B
100
AcDbEntity
  8
0
 62
5
100
AcDbLine
 10
2572.076709530399
 20
2385.129390522303
 30
1.85e-14
 11
2571.641416883036
 21
2384.375441540911
 31
1.85e-14
1001
AcDbBlockRepETag
1070
1
1071
8
1005
7751
  0
LINE
  5
7752
330
774B
100
AcDbEntity
  8
0
 62
5
100
AcDbLine
 10
2571.641416883036
 20
2384.375441540911
 30
1.85e-14
 11
2571.452929637688
 21
2384.484264702751
 31
1.85e-14
1001
AcDbBlockRepETag
1070
1
1071
9
1005
7752
  0
LINE
  5
7753
330
774B
100
AcDbEntity
  8
0
 62
5
100
AcDbLine
 10
2572.838471663283
 20
2384.375441540911
 30
1.85e-14
 11
2573.026958908631
 21
2384.484264702751
 31
1.85e-14
1001
AcDbBlockRepETag
1070
1
1071
12
1005
7753
  0
LINE
  5
7754
330
774B
100
AcDbEntity
  8
0
 62
5
100
AcDbLine
 10
2572.40317901592
 20
2385.129390522303
 30
1.85e-14
 11
2572.838471663283
 21
2384.375441540911
 31
1.85e-14
1001
AcDbBlockRepETag
1070
1
1071
13
1005
7754
  0
LINE
  5
7755
330
774B
100
AcDbEntity
  8
0
 62
5
100
AcDbLine
 10
2572.076709530399
 20
2385.694852258348
 30
1.85e-14
 11
2571.641416883036
 21
2386.448801239741
 31
1.85e-14
1001
AcDbBlockRepETag
1070
1
1071
14
1005
7755
  0
LINE
  5
7756
330
774B
100
AcDbEntity
  8
0
 62
5
100
AcDbLine
 10
2571.641416883036
 20
2386.448801239741
 30
1.85e-14
 11
2571.452929637688
 21
2386.3399780779
 31
1.85e-14
1001
AcDbBlockRepETag
1070
1
1071
15
1005
7756
  0
CIRCLE
  5
7757
330
774B
100
AcDbEntity
  8
ET_LEGENDE - Wohnung$0$800_KO_HI____L
 62
5
100
AcDbCircle
 10
2571.913474787637
 20
2384.922417162043
 30
1.85e-14
 40
0.032646948552184
1001
AcDbBlockRepETag
1070
1
1071
274
1005
7757
  0
CIRCLE
  5
7758
330
774B
100
AcDbEntity
  8
ET_LEGENDE - Wohnung$0$800_KO_HI____L
 62
5
100
AcDbCircle
 10
2572.566413758682
 20
2384.922417162043
 30
1.85e-14
 40
0.032646948552184
1001
AcDbBlockRepETag
1070
1
1071
270
1005
7758
  0
CIRCLE
  5
7759
330
774B
100
AcDbEntity
  8
ET_LEGENDE - Wohnung$0$800_KO_HI____L
 62
5
100
AcDbCircle
 10
2572.239944273159
 20
2384.595947676521
 30
1.85e-14
 40
0.032646948552184
1001
AcDbBlockRepETag
1070
1
1071
271
1005
7759
  0
CIRCLE
  5
775A
330
774B
100
AcDbEntity
  8
ET_LEGENDE - Wohnung$0$800_KO_HI____L
 62
5
100
AcDbCircle
 10
2572.239944273159
 20
2386.228295104131
 30
1.85e-14
 40
0.032646948552184
1001
AcDbBlockRepETag
1070
1
1071
272
1005
775A
  0
CIRCLE
  5
775B
330
774B
100
AcDbEntity
  8
ET_LEGENDE - Wohnung$0$800_KO_HI____L
 62
5
100
AcDbCircle
 10
2572.239944273159
 20
2385.901825618609
 30
1.85e-14
 40
0.032646948552184
1001
AcDbBlockRepETag
1070
1
1071
273
1005
775B
  0
CIRCLE
  5
775C
330
774B
100
AcDbEntity
  8
ET_LEGENDE - Wohnung$0$800_KO_HI____L
 62
5
100
AcDbCircle
 10
2572.239944273159
 20
2384.922417162043
 30
1.85e-14
 40
0.032646948552184
1001
AcDbBlockRepETag
1070
1
1071
275
1005
775C
  0
ENDBLK
  5
774D
330
774B
100
AcDbEntity
  8
0
100
AcDbBlockEnd
  0
BLOCK
  5
775F
330
775E
100
AcDbEntity
  8
0
100
AcDbBlockBegin
  2
Dimmschalter
 70
0
 10
0.0
 20
0.0
 30
0.0
  3
Dimmschalter
  1

  0
CIRCLE
  5
7761
330
775E
100
AcDbEntity
  8
0
 62
5
100
AcDbCircle
 10
2572.365031287604
 20
2381.947195771905
 30
1.85e-14
 40
0.32646948552184
1001
AcDbBlockRepETag
1070
1
1071
0
1005
7761
  0
LINE
  5
7762
330
775E
100
AcDbEntity
  8
0
 62
5
100
AcDbLine
 10
2572.528266030365
 20
2382.229926639928
 30
1.85e-14
 11
2572.963558677728
 21
2382.98387562132
 31
1.85e-14
1001
AcDbBlockRepETag
1070
1
1071
1
1005
7762
  0
LINE
  5
7763
330
775E
100
AcDbEntity
  8
0
 62
5
100
AcDbLine
 10
2572.963558677728
 20
2382.98387562132
 30
1.85e-14
 11
2573.152045923076
 21
2382.87505245948
 31
1.85e-14
1001
AcDbBlockRepETag
1070
1
1071
2
1005
7763
  0
TEXT
  5
7764
330
775E
100
AcDbEntity
  8
0
 62
5
100
AcDbText
 10
2572.328724546542
 20
2382.812033792407
 30
1.85e-14
 40
0.6529389710436801
  1
D
  7
ET_LEGENDE - Wohnung$0$ROMANS
 41
0.8
100
AcDbText
1001
AcDbBlockRepETag
1070
1
1071
11
1005
7764
  0
CIRCLE
  5
7765
330
775E
100
AcDbEntity
  8
ET_LEGENDE - Wohnung$0$800_KO_HI____L
 62
5
100
AcDbCircle
 10
2572.038561802083
 20
2381.457491543622
 30
1.85e-14
 40
0.032646948552184
1001
AcDbBlockRepETag
1070
1
1071
274
1005
7765
  0
CIRCLE
  5
7766
330
775E
100
AcDbEntity
  8
ET_LEGENDE - Wohnung$0$800_KO_HI____L
 62
5
100
AcDbCircle
 10
2572.691500773127
 20
2381.457491543622
 30
1.85e-14
 40
0.032646948552184
1001
AcDbBlockRepETag
1070
1
1071
270
1005
7766
  0
CIRCLE
  5
7767
330
775E
100
AcDbEntity
  8
ET_LEGENDE - Wohnung$0$800_KO_HI____L
 62
5
100
AcDbCircle
 10
2572.365031287604
 20
2381.131022058101
 30
1.85e-14
 40
0.032646948552184
1001
AcDbBlockRepETag
1070
1
1071
271
1005
7767
  0
CIRCLE
  5
7768
330
775E
100
AcDbEntity
  8
ET_LEGENDE - Wohnung$0$800_KO_HI____L
 62
5
100
AcDbCircle
 10
2572.365031287604
 20
2382.76336948571
 30
1.85e-14
 40
0.032646948552184
1001
AcDbBlockRepETag
1070
1
1071
272
1005
7768
  0
CIRCLE
  5
7769
330
775E
100
AcDbEntity
  8
ET_LEGENDE - Wohnung$0$800_KO_HI____L
 62
5
100
AcDbCircle
 10
2572.365031287604
 20
2382.436900000188
 30
1.85e-14
 40
0.032646948552184
1001
AcDbBlockRepETag
1070
1
1071
273
1005
7769
  0
CIRCLE
  5
776A
330
775E
100
AcDbEntity
  8
ET_LEGENDE - Wohnung$0$800_KO_HI____L
 62
5
100
AcDbCircle
 10
2572.365031287604
 20
2381.457491543622
 30
1.85e-14
 40
0.032646948552184
1001
AcDbBlockRepETag
1070
1
1071
275
1005
776A
  0
ENDBLK
  5
7760
330
775E
100
AcDbEntity
  8
0
100
AcDbBlockEnd
  0
BLOCK
  5
776D
330
776C
100
AcDbEntity
  8
0
100
AcDbBlockBegin
  2
Zeitschalter
 70
0
 10
0.0
 20
0.0
 30
0.0
  3
Zeitschalter
  1

  0
CIRCLE
  5
776F
330
776C
100
AcDbEntity
  8
0
 62
5
100
AcDbCircle
 10
2572.336306253035
 20
2378.778751760413
 30
1.85e-14
 40
0.32646948552184
1001
AcDbBlockRepETag
1070
1
1071
0
1005
776F
  0
LINE
  5
7770
330
776C
100
AcDbEntity
  8
0
 62
5
100
AcDbLine
 10
2572.499540995796
 20
2379.061482628435
 30
1.85e-14
 11
2572.934833643158
 21
2379.815431609828
 31
1.85e-14
1001
AcDbBlockRepETag
1070
1
1071
1
1005
7770
  0
LINE
  5
7771
330
776C
100
AcDbEntity
  8
0
 62
5
100
AcDbLine
 10
2572.934833643158
 20
2379.815431609828
 30
1.85e-14
 11
2573.123320888507
 21
2379.706608447987
 31
1.85e-14
1001
AcDbBlockRepETag
1070
1
1071
2
1005
7771
  0
TEXT
  5
7772
330
776C
100
AcDbEntity
  8
0
 62
5
100
AcDbText
 10
2572.299999511973
 20
2379.643589780915
 30
1.85e-14
 40
0.6529389710436801
  1
t
  7
ET_LEGENDE - Wohnung$0$ROMANS
 41
0.8
100
AcDbText
1001
AcDbBlockRepETag
1070
1
1071
16
1005
7772
  0
CIRCLE
  5
7773
330
776C
100
AcDbEntity
  8
ET_LEGENDE - Wohnung$0$800_KO_HI____L
 62
5
100
AcDbCircle
 10
2572.009836767513
 20
2378.289047532129
 30
1.85e-14
 40
0.032646948552184
1001
AcDbBlockRepETag
1070
1
1071
274
1005
7773
  0
CIRCLE
  5
7774
330
776C
100
AcDbEntity
  8
ET_LEGENDE - Wohnung$0$800_KO_HI____L
 62
5
100
AcDbCircle
 10
2572.662775738557
 20
2378.289047532129
 30
1.85e-14
 40
0.032646948552184
1001
AcDbBlockRepETag
1070
1
1071
270
1005
7774
  0
CIRCLE
  5
7775
330
776C
100
AcDbEntity
  8
ET_LEGENDE - Wohnung$0$800_KO_HI____L
 62
5
100
AcDbCircle
 10
2572.336306253035
 20
2377.962578046608
 30
1.85e-14
 40
0.032646948552184
1001
AcDbBlockRepETag
1070
1
1071
271
1005
7775
  0
CIRCLE
  5
7776
330
776C
100
AcDbEntity
  8
ET_LEGENDE - Wohnung$0$800_KO_HI____L
 62
5
100
AcDbCircle
 10
2572.336306253035
 20
2379.594925474217
 30
1.85e-14
 40
0.032646948552184
1001
AcDbBlockRepETag
1070
1
1071
272
1005
7776
  0
CIRCLE
  5
7777
330
776C
100
AcDbEntity
  8
ET_LEGENDE - Wohnung$0$800_KO_HI____L
 62
5
100
AcDbCircle
 10
2572.336306253035
 20
2379.268455988695
 30
1.85e-14
 40
0.032646948552184
1001
AcDbBlockRepETag
1070
1
1071
273
1005
7777
  0
CIRCLE
  5
7778
330
776C
100
AcDbEntity
  8
ET_LEGENDE - Wohnung$0$800_KO_HI____L
 62
5
100
AcDbCircle
 10
2572.336306253035
 20
2378.289047532129
 30
1.85e-14
 40
0.032646948552184
1001
AcDbBlockRepETag
1070
1
1071
275
1005
7778
  0
ENDBLK
  5
776E
330
776C
100
AcDbEntity
  8
0
100
AcDbBlockEnd
  0
BLOCK
  5
777B
330
777A
100
AcDbEntity
  8
0
100
AcDbBlockBegin
  2
Taster
 70
0
 10
0.0
 20
0.0
 30
0.0
  3
Taster
  1

  0
CIRCLE
  5
777D
330
777A
100
AcDbEntity
  8
0
 62
5
100
AcDbCircle
 10
2572.3406920705
 20
2376.277084161664
 30
1.85e-14
 40
0.32646948552184
1001
AcDbBlockRepETag
1070
1
1071
0
1005
777D
  0
CIRCLE
  5
777E
330
777A
100
AcDbEntity
  8
0
 62
5
100
AcDbCircle
 10
2572.3406920705
 20
2376.277084161664
 30
1.85e-14
 40
0.4897042282827602
1001
AcDbBlockRepETag
1070
1
1071
17
1005
777E
  0
ENDBLK
  5
777C
330
777A
100
AcDbEntity
  8
0
100
AcDbBlockEnd
  0
BLOCK
  5
7781
330
7780
100
AcDbEntity
  8
0
100
AcDbBlockBegin
  2
Taster mit Kontrolllampe
 70
0
 10
0.0
 20
0.0
 30
0.0
  3
Taster mit Kontrolllampe
  1

  0
CIRCLE
  5
7783
330
7780
100
AcDbEntity
  8
0
 62
5
100
AcDbCircle
 10
2572.277707650526
 20
2373.516187691163
 30
1.85e-14
 40
0.32646948552184
1001
AcDbBlockRepETag
1070
1
1071
0
1005
7783
  0
CIRCLE
  5
7784
330
7780
100
AcDbEntity
  8
0
 62
5
100
AcDbCircle
 10
2572.277707650526
 20
2373.516187691163
 30
1.85e-14
 40
0.4897042282827602
1001
AcDbBlockRepETag
1070
1
1071
17
1005
7784
  0
LINE
  5
7785
330
7780
100
AcDbEntity
  8
0
 62
5
100
AcDbLine
 10
2572.046858863464
 20
2373.2853389041
 30
1.85e-14
 11
2572.508556437589
 21
2373.747036478226
 31
1.85e-14
1001
AcDbBlockRepETag
1070
1
1071
268
1005
7785
  0
LINE
  5
7786
330
7780
100
AcDbEntity
  8
0
 62
5
100
AcDbLine
 10
2572.508556437589
 20
2373.2853389041
 30
1.85e-14
 11
2572.046858863464
 21
2373.747036478226
 31
1.85e-14
1001
AcDbBlockRepETag
1070
1
1071
269
1005
7786
  0
ENDBLK
  5
7782
330
7780
100
AcDbEntity
  8
0
100
AcDbBlockEnd
  0
BLOCK
  5
7789
330
7788
100
AcDbEntity
  8
0
100
AcDbBlockBegin
  2
Notaustaster
 70
0
 10
0.0
 20
0.0
 30
0.0
  3
Notaustaster
  1

  0
LINE
  5
778B
330
7788
100
AcDbEntity
  8
0
 62
5
100
AcDbLine
 10
2572.120502888398
 20
2370.613445324818
 30
1.85e-14
 11
2572.120502888398
 21
2370.286975839297
 31
1.85e-14
1001
AcDbBlockRepETag
1070
1
1071
323
1005
778B
  0
LINE
  5
778C
330
7788
100
AcDbEntity
  8
0
 62
5
100
AcDbLine
 10
2572.528590557611
 20
2370.613445324818
 30
1.85e-14
 11
2572.528590557611
 21
2370.286975839297
 31
1.85e-14
1001
AcDbBlockRepETag
1070
1
1071
324
1005
778C
  0
LINE
  5
778D
330
7788
100
AcDbEntity
  8
0
 62
5
100
AcDbLine
 10
2572.528590557611
 20
2370.286975839297
 30
1.85e-14
 11
2572.814484144241
 21
2370.286975839297
 31
1.85e-14
1001
AcDbBlockRepETag
1070
1
1071
325
1005
778D
  0
LINE
  5
778E
330
7788
100
AcDbEntity
  8
0
 62
5
100
AcDbLine
 10
2572.120502888398
 20
2370.286975839297
 30
1.85e-14
 11
2571.835075687675
 21
2370.286975839297
 31
1.85e-14
1001
AcDbBlockRepETag
1070
1
1071
326
1005
778E
  0
LINE
  5
778F
330
7788
100
AcDbEntity
  8
0
 62
5
100
AcDbLine
 10
2571.835075687675
 20
2370.613445324818
 30
1.85e-14
 11
2572.814484144241
 21
2370.613445324818
 31
1.85e-14
1001
AcDbBlockRepETag
1070
1
1071
327
1005
778F
  0
ARC
  5
7790
330
7788
100
AcDbEntity
  8
0
 62
5
100
AcDbCircle
 10
2572.324779915958
 20
2370.613445324818
 30
1.85e-14
 40
0.4897042282827602
100
AcDbArc
 50
0.0
 51
180.0
1001
AcDbBlockRepETag
1070
1
1071
328
1005
7790
  0
ENDBLK
  5
778A
330
7788
100
AcDbEntity
  8
0
100
AcDbBlockEnd
  0
BLOCK
  5
7793
330
7792
100
AcDbEntity
  8
0
100
AcDbBlockBegin
  2
Raumthermostat
 70
0
 10
0.0
 20
0.0
 30
0.0
  3
Raumthermostat
  1

  0
LWPOLYLINE
  5
77E5
330
7792
100
AcDbEntity
  8
0
 62
160
100
AcDbPolyline
 90
4
 70
1
 10
2571.795648778608
 20
2350.406272834002
 10
2573.101526720695
 20
2350.406272834002
 10
2573.101526720695
 20
2349.100394891915
 10
2571.795648778608
 20
2349.100394891915
1001
AcDbBlockRepETag
1070
1
1071
23
1005
77E5
  0
LINE
  5
77E6
330
7792
100
AcDbEntity
  8
0
 62
160
100
AcDbLine
 10
2571.887060774253
 20
2349.620589923589
 30
1.85e-14
 11
2571.879128557282
 21
2349.611996688537
 31
1.85e-14
1001
AcDbBlockRepETag
1070
1
1071
84
1005
77E6
  0
LINE
  5
77E7
330
7792
100
AcDbEntity
  8
0
 62
160
100
AcDbLine
 10
2571.894992991224
 20
2349.62918315864
 30
1.85e-14
 11
2571.887060774253
 21
2349.620589923589
 31
1.85e-14
1001
AcDbBlockRepETag
1070
1
1071
85
1005
77E7
  0
LINE
  5
77E8
330
7792
100
AcDbEntity
  8
0
 62
160
100
AcDbLine
 10
2571.904247244356
 20
2349.637115375611
 30
1.85e-14
 11
2571.894992991224
 21
2349.62918315864
 31
1.85e-14
1001
AcDbBlockRepETag
1070
1
1071
86
1005
77E8
  0
LINE
  5
77E9
330
7792
100
AcDbEntity
  8
0
 62
160
100
AcDbLine
 10
2571.91350149749
 20
2349.645047592582
 30
1.85e-14
 11
2571.904247244356
 21
2349.637115375611
 31
1.85e-14
1001
AcDbBlockRepETag
1070
1
1071
87
1005
77E9
  0
LINE
  5
77EA
330
7792
100
AcDbEntity
  8
0
 62
160
100
AcDbLine
 10
2571.92077269638
 20
2349.652979809553
 30
1.85e-14
 11
2571.91350149749
 21
2349.645047592582
 31
1.85e-14
1001
AcDbBlockRepETag
1070
1
1071
88
1005
77EA
  0
LINE
  5
77EB
330
7792
100
AcDbEntity
  8
0
 62
160
100
AcDbLine
 10
2571.927771344464
 20
2349.658334918808
 30
1.85e-14
 11
2571.92077269638
 21
2349.652979809553
 31
1.85e-14
1001
AcDbBlockRepETag
1070
1
1071
89
1005
77EB
  0
LINE
  5
77EC
330
7792
100
AcDbEntity
  8
0
 62
160
100
AcDbLine
 10
2571.93719705757
 20
2349.663938931466
 30
1.85e-14
 11
2571.927771344464
 21
2349.658334918808
 31
1.85e-14
1001
AcDbBlockRepETag
1070
1
1071
90
1005
77EC
  0
LINE
  5
77ED
330
7792
100
AcDbEntity
  8
0
 62
160
100
AcDbLine
 10
2571.946876701158
 20
2349.670050107269
 30
1.85e-14
 11
2571.93719705757
 21
2349.663938931466
 31
1.85e-14
1001
AcDbBlockRepETag
1070
1
1071
91
1005
77ED
  0
LINE
  5
77EE
330
7792
100
AcDbEntity
  8
0
 62
160
100
AcDbLine
 10
2571.958084586909
 20
2349.673617061327
 30
1.85e-14
 11
2571.946876701158
 21
2349.670050107269
 31
1.85e-14
1001
AcDbBlockRepETag
1070
1
1071
92
1005
77EE
  0
LINE
  5
77EF
330
7792
100
AcDbEntity
  8
0
 62
160
100
AcDbLine
 10
2571.969164342602
 20
2349.674900380225
 30
1.85e-14
 11
2571.958084586909
 21
2349.673617061327
 31
1.85e-14
1001
AcDbBlockRepETag
1070
1
1071
93
1005
77EF
  0
LINE
  5
77F0
330
7792
100
AcDbEntity
  8
0
 62
160
100
AcDbLine
 10
2571.979528899598
 20
2349.675435563435
 30
1.85e-14
 11
2571.969164342602
 21
2349.674900380225
 31
1.85e-14
1001
AcDbBlockRepETag
1070
1
1071
94
1005
77F0
  0
LINE
  5
77F1
330
7792
100
AcDbEntity
  8
0
 62
160
100
AcDbLine
 10
2571.992213775491
 20
2349.675614891839
 30
1.85e-14
 11
2571.979528899598
 21
2349.675435563435
 31
1.85e-14
1001
AcDbBlockRepETag
1070
1
1071
95
1005
77F1
  0
LINE
  5
77F2
330
7792
100
AcDbEntity
  8
0
 62
160
100
AcDbLine
 10
2572.011330780372
 20
2349.675614891839
 30
1.85e-14
 11
2571.992213775491
 21
2349.675614891839
 31
1.85e-14
1001
AcDbBlockRepETag
1070
1
1071
96
1005
77F2
  0
LINE
  5
77F3
330
7792
100
AcDbEntity
  8
0
 62
160
100
AcDbLine
 10
2572.028842665051
 20
2349.67418586861
 30
1.85e-14
 11
2572.011330780372
 21
2349.675614891839
 31
1.85e-14
1001
AcDbBlockRepETag
1070
1
1071
97
1005
77F3
  0
LINE
  5
77F4
330
7792
100
AcDbEntity
  8
0
 62
160
100
AcDbLine
 10
2572.044921822703
 20
2349.671504348554
 30
1.85e-14
 11
2572.028842665051
 21
2349.67418586861
 31
1.85e-14
1001
AcDbBlockRepETag
1070
1
1071
98
1005
77F4
  0
LINE
  5
77F5
330
7792
100
AcDbEntity
  8
0
 62
160
100
AcDbLine
 10
2572.066857692262
 20
2349.660912026525
 30
1.85e-14
 11
2572.044921822703
 21
2349.671504348554
 31
1.85e-14
1001
AcDbBlockRepETag
1070
1
1071
99
1005
77F5
  0
LINE
  5
77F6
330
7792
100
AcDbEntity
  8
0
 62
160
100
AcDbLine
 10
2572.08801027085
 20
2349.646369628744
 30
1.85e-14
 11
2572.066857692262
 21
2349.660912026525
 31
1.85e-14
1001
AcDbBlockRepETag
1070
1
1071
100
1005
77F6
  0
LINE
  5
77F7
330
7792
100
AcDbEntity
  8
0
 62
160
100
AcDbLine
 10
2572.097264523983
 20
2349.635132321369
 30
1.85e-14
 11
2572.08801027085
 21
2349.646369628744
 31
1.85e-14
1001
AcDbBlockRepETag
1070
1
1071
101
1005
77F7
  0
LINE
  5
77F8
330
7792
100
AcDbEntity
  8
0
 62
160
100
AcDbLine
 10
2572.106518777115
 20
2349.623895013993
 30
1.85e-14
 11
2572.097264523983
 21
2349.635132321369
 31
1.85e-14
1001
AcDbBlockRepETag
1070
1
1071
102
1005
77F8
  0
LINE
  5
77F9
330
7792
100
AcDbEntity
  8
0
 62
160
100
AcDbLine
 10
2572.113128957925
 20
2349.609352616213
 30
1.85e-14
 11
2572.106518777115
 21
2349.623895013993
 31
1.85e-14
1001
AcDbBlockRepETag
1070
1
1071
249
1005
77F9
  0
LINE
  5
77FA
330
7792
100
AcDbEntity
  8
0
 62
160
100
AcDbLine
 10
2572.119739138733
 20
2349.594810218434
 30
1.85e-14
 11
2572.113128957925
 21
2349.609352616213
 31
1.85e-14
1001
AcDbBlockRepETag
1070
1
1071
230
1005
77FA
  0
LINE
  5
77FB
330
7792
100
AcDbEntity
  8
0
 62
160
100
AcDbLine
 10
2572.125688301461
 20
2349.580928838734
 30
1.85e-14
 11
2572.119739138733
 21
2349.594810218434
 31
1.85e-14
1001
AcDbBlockRepETag
1070
1
1071
231
1005
77FB
  0
LINE
  5
77FC
330
7792
100
AcDbEntity
  8
0
 62
160
100
AcDbLine
 10
2572.13163746419
 20
2349.567047459035
 30
1.85e-14
 11
2572.125688301461
 21
2349.580928838734
 31
1.85e-14
1001
AcDbBlockRepETag
1070
1
1071
232
1005
77FC
  0
LINE
  5
77FD
330
7792
100
AcDbEntity
  8
0
 62
160
100
AcDbLine
 10
2572.14617986197
 20
2349.535318591151
 30
1.85e-14
 11
2572.13163746419
 21
2349.567047459035
 31
1.85e-14
1001
AcDbBlockRepETag
1070
1
1071
107
1005
77FD
  0
LINE
  5
77FE
330
7792
100
AcDbEntity
  8
0
 62
160
100
AcDbLine
 10
2572.152129024698
 20
2349.51945415721
 30
1.85e-14
 11
2572.14617986197
 21
2349.535318591151
 31
1.85e-14
1001
AcDbBlockRepETag
1070
1
1071
108
1005
77FE
  0
LINE
  5
77FF
330
7792
100
AcDbEntity
  8
0
 62
160
100
AcDbLine
 10
2572.158078187426
 20
2349.503589723268
 30
1.85e-14
 11
2572.152129024698
 21
2349.51945415721
 31
1.85e-14
1001
AcDbBlockRepETag
1070
1
1071
109
1005
77FF
  0
LINE
  5
7800
330
7792
100
AcDbEntity
  8
0
 62
160
100
AcDbLine
 10
2572.163366332074
 20
2349.489708343568
 30
1.85e-14
 11
2572.158078187426
 21
2349.503589723268
 31
1.85e-14
1001
AcDbBlockRepETag
1070
1
1071
110
1005
7800
  0
LINE
  5
7801
330
7792
100
AcDbEntity
  8
0
 62
160
100
AcDbLine
 10
2572.168654476721
 20
2349.47582696387
 30
1.85e-14
 11
2572.163366332074
 21
2349.489708343568
 31
1.85e-14
1001
AcDbBlockRepETag
1070
1
1071
111
1005
7801
  0
LINE
  5
7802
330
7792
100
AcDbEntity
  8
0
 62
160
100
AcDbLine
 10
2572.17526465753
 20
2349.46194558417
 30
1.85e-14
 11
2572.168654476721
 21
2349.47582696387
 31
1.85e-14
1001
AcDbBlockRepETag
1070
1
1071
112
1005
7802
  0
LINE
  5
7803
330
7792
100
AcDbEntity
  8
0
 62
160
100
AcDbLine
 10
2572.181874838339
 20
2349.448064204471
 30
1.85e-14
 11
2572.17526465753
 21
2349.46194558417
 31
1.85e-14
1001
AcDbBlockRepETag
1070
1
1071
113
1005
7803
  0
LINE
  5
7804
330
7792
100
AcDbEntity
  8
0
 62
160
100
AcDbLine
 10
2572.199061308444
 20
2349.418979408911
 30
1.85e-14
 11
2572.181874838339
 21
2349.448064204471
 31
1.85e-14
1001
AcDbBlockRepETag
1070
1
1071
114
1005
7804
  0
LINE
  5
7805
330
7792
100
AcDbEntity
  8
0
 62
160
100
AcDbLine
 10
2572.210274829331
 20
2349.404604839714
 30
1.85e-14
 11
2572.199061308444
 21
2349.418979408911
 31
1.85e-14
1001
AcDbBlockRepETag
1070
1
1071
115
1005
7805
  0
LINE
  5
7806
330
7792
100
AcDbEntity
  8
0
 62
160
100
AcDbLine
 10
2572.220213887032
 20
2349.385928504866
 30
1.85e-14
 11
2572.210274829331
 21
2349.404604839714
 31
1.85e-14
1001
AcDbBlockRepETag
1070
1
1071
116
1005
7806
  0
LINE
  5
7807
330
7792
100
AcDbEntity
  8
0
 62
160
100
AcDbLine
 10
2572.246654610268
 20
2349.350233528497
 30
1.85e-14
 11
2572.220213887032
 21
2349.385928504866
 31
1.85e-14
1001
AcDbBlockRepETag
1070
1
1071
117
1005
7807
  0
LINE
  5
7808
330
7792
100
AcDbEntity
  8
0
 62
160
100
AcDbLine
 10
2572.271773297343
 20
2349.323792805261
 30
1.85e-14
 11
2572.246654610268
 21
2349.350233528497
 31
1.85e-14
1001
AcDbBlockRepETag
1070
1
1071
118
1005
7808
  0
LINE
  5
7809
330
7792
100
AcDbEntity
  8
0
 62
160
100
AcDbLine
 10
2572.300858092904
 20
2349.30131819051
 30
1.85e-14
 11
2572.271773297343
 21
2349.323792805261
 31
1.85e-14
1001
AcDbBlockRepETag
1070
1
1071
119
1005
7809
  0
LINE
  5
780A
330
7792
100
AcDbEntity
  8
0
 62
160
100
AcDbLine
 10
2572.329942888463
 20
2349.284131720406
 30
1.85e-14
 11
2572.300858092904
 21
2349.30131819051
 31
1.85e-14
1001
AcDbBlockRepETag
1070
1
1071
120
1005
780A
  0
LINE
  5
780B
330
7792
100
AcDbEntity
  8
0
 62
160
100
AcDbLine
 10
2572.341547569765
 20
2349.276446674245
 30
1.85e-14
 11
2572.329942888463
 21
2349.284131720406
 31
1.85e-14
1001
AcDbBlockRepETag
1070
1
1071
121
1005
780B
  0
LINE
  5
780C
330
7792
100
AcDbEntity
  8
0
 62
160
100
AcDbLine
 10
2572.357705647861
 20
2349.268267286464
 30
1.85e-14
 11
2572.341547569765
 21
2349.276446674245
 31
1.85e-14
1001
AcDbBlockRepETag
1070
1
1071
122
1005
780C
  0
LINE
  5
780D
330
7792
100
AcDbEntity
  8
0
 62
160
100
AcDbLine
 10
2572.37092600948
 20
2349.263640159898
 30
1.85e-14
 11
2572.357705647861
 21
2349.268267286464
 31
1.85e-14
1001
AcDbBlockRepETag
1070
1
1071
123
1005
780D
  0
LINE
  5
780E
330
7792
100
AcDbEntity
  8
0
 62
160
100
AcDbLine
 10
2572.384146371098
 20
2349.259013033331
 30
1.85e-14
 11
2572.37092600948
 21
2349.263640159898
 31
1.85e-14
1001
AcDbBlockRepETag
1070
1
1071
124
1005
780E
  0
LINE
  5
780F
330
7792
100
AcDbEntity
  8
0
 62
160
100
AcDbLine
 10
2572.399349786958
 20
2349.255707942927
 30
1.85e-14
 11
2572.384146371098
 21
2349.259013033331
 31
1.85e-14
1001
AcDbBlockRepETag
1070
1
1071
125
1005
780F
  0
LINE
  5
7810
330
7792
100
AcDbEntity
  8
0
 62
160
100
AcDbLine
 10
2572.414553202819
 20
2349.252402852522
 30
1.85e-14
 11
2572.399349786958
 21
2349.255707942927
 31
1.85e-14
1001
AcDbBlockRepETag
1070
1
1071
126
1005
7810
  0
LINE
  5
7811
330
7792
100
AcDbEntity
  8
0
 62
160
100
AcDbLine
 10
2572.42975661868
 20
2349.25108081636
 30
1.85e-14
 11
2572.414553202819
 21
2349.252402852522
 31
1.85e-14
1001
AcDbBlockRepETag
1070
1
1071
127
1005
7811
  0
LINE
  5
7812
330
7792
100
AcDbEntity
  8
0
 62
160
100
AcDbLine
 10
2572.444927850745
 20
2349.249761578789
 30
1.85e-14
 11
2572.42975661868
 21
2349.25108081636
 31
1.85e-14
1001
AcDbBlockRepETag
1070
1
1071
233
1005
7812
  0
LINE
  5
7813
330
7792
100
AcDbEntity
  8
0
 62
160
100
AcDbLine
 10
2572.44475516789
 20
2349.247775725956
 30
1.85e-14
 11
2572.444927850745
 21
2349.249761578789
 31
1.85e-14
1001
AcDbBlockRepETag
1070
1
1071
234
1005
7813
  0
LINE
  5
7814
330
7792
100
AcDbEntity
  8
0
 62
160
100
AcDbLine
 10
2572.462146504645
 20
2349.247775725956
 30
1.85e-14
 11
2572.44475516789
 21
2349.247775725956
 31
1.85e-14
1001
AcDbBlockRepETag
1070
1
1071
235
1005
7814
  0
LINE
  5
7815
330
7792
100
AcDbEntity
  8
0
 62
160
100
AcDbLine
 10
2572.479332974748
 20
2349.245792671713
 30
1.85e-14
 11
2572.462146504645
 21
2349.247775725956
 31
1.85e-14
1001
AcDbBlockRepETag
1070
1
1071
131
1005
7815
  0
LINE
  5
7816
330
7792
100
AcDbEntity
  8
0
 62
160
100
AcDbLine
 10
2572.496519444852
 20
2349.247114707875
 30
1.85e-14
 11
2572.479332974748
 21
2349.245792671713
 31
1.85e-14
1001
AcDbBlockRepETag
1070
1
1071
132
1005
7816
  0
LINE
  5
7817
330
7792
100
AcDbEntity
  8
0
 62
160
100
AcDbLine
 10
2572.513705914956
 20
2349.248436744037
 30
1.85e-14
 11
2572.496519444852
 21
2349.247114707875
 31
1.85e-14
1001
AcDbBlockRepETag
1070
1
1071
133
1005
7817
  0
LINE
  5
7818
330
7792
100
AcDbEntity
  8
0
 62
160
100
AcDbLine
 10
2572.526926276574
 20
2349.253724888685
 30
1.85e-14
 11
2572.513705914956
 21
2349.248436744037
 31
1.85e-14
1001
AcDbBlockRepETag
1070
1
1071
134
1005
7818
  0
LINE
  5
7819
330
7792
100
AcDbEntity
  8
0
 62
160
100
AcDbLine
 10
2572.540146638193
 20
2349.259013033331
 30
1.85e-14
 11
2572.526926276574
 21
2349.253724888685
 31
1.85e-14
1001
AcDbBlockRepETag
1070
1
1071
135
1005
7819
  0
LINE
  5
781A
330
7792
100
AcDbEntity
  8
0
 62
160
100
AcDbLine
 10
2572.557333108296
 20
2349.268928304545
 30
1.85e-14
 11
2572.540146638193
 21
2349.259013033331
 31
1.85e-14
1001
AcDbBlockRepETag
1070
1
1071
136
1005
781A
  0
LINE
  5
781B
330
7792
100
AcDbEntity
  8
0
 62
160
100
AcDbLine
 10
2572.574519578399
 20
2349.278843575759
 30
1.85e-14
 11
2572.557333108296
 21
2349.268928304545
 31
1.85e-14
1001
AcDbBlockRepETag
1070
1
1071
137
1005
781B
  0
LINE
  5
781C
330
7792
100
AcDbEntity
  8
0
 62
160
100
AcDbLine
 10
2572.588400958098
 20
2349.28743681081
 30
1.85e-14
 11
2572.574519578399
 21
2349.278843575759
 31
1.85e-14
1001
AcDbBlockRepETag
1070
1
1071
138
1005
781C
  0
LINE
  5
781D
330
7792
100
AcDbEntity
  8
0
 62
160
100
AcDbLine
 10
2572.602282337797
 20
2349.296030045862
 30
1.85e-14
 11
2572.588400958098
 21
2349.28743681081
 31
1.85e-14
1001
AcDbBlockRepETag
1070
1
1071
139
1005
781D
  0
LINE
  5
781E
330
7792
100
AcDbEntity
  8
0
 62
160
100
AcDbLine
 10
2572.628723061034
 20
2349.315860588289
 30
1.85e-14
 11
2572.602282337797
 21
2349.296030045862
 31
1.85e-14
1001
AcDbBlockRepETag
1070
1
1071
140
1005
781E
  0
LINE
  5
781F
330
7792
100
AcDbEntity
  8
0
 62
160
100
AcDbLine
 10
2572.644587494976
 20
2349.332386040312
 30
1.85e-14
 11
2572.628723061034
 21
2349.315860588289
 31
1.85e-14
1001
AcDbBlockRepETag
1070
1
1071
141
1005
781F
  0
LINE
  5
7820
330
7792
100
AcDbEntity
  8
0
 62
160
100
AcDbLine
 10
2572.660451928918
 20
2349.348911492335
 30
1.85e-14
 11
2572.644587494976
 21
2349.332386040312
 31
1.85e-14
1001
AcDbBlockRepETag
1070
1
1071
142
1005
7820
  0
LINE
  5
7821
330
7792
100
AcDbEntity
  8
0
 62
160
100
AcDbLine
 10
2572.671689236293
 20
2349.364114908196
 30
1.85e-14
 11
2572.660451928918
 21
2349.348911492335
 31
1.85e-14
1001
AcDbBlockRepETag
1070
1
1071
143
1005
7821
  0
LINE
  5
7822
330
7792
100
AcDbEntity
  8
0
 62
160
100
AcDbLine
 10
2572.682926543668
 20
2349.379318324057
 30
1.85e-14
 11
2572.671689236293
 21
2349.364114908196
 31
1.85e-14
1001
AcDbBlockRepETag
1070
1
1071
144
1005
7822
  0
LINE
  5
7823
330
7792
100
AcDbEntity
  8
0
 62
160
100
AcDbLine
 10
2572.696807923368
 20
2349.401792938808
 30
1.85e-14
 11
2572.682926543668
 21
2349.379318324057
 31
1.85e-14
1001
AcDbBlockRepETag
1070
1
1071
145
1005
7823
  0
LINE
  5
7824
330
7792
100
AcDbEntity
  8
0
 62
160
100
AcDbLine
 10
2572.710689303067
 20
2349.424267553558
 30
1.85e-14
 11
2572.696807923368
 21
2349.401792938808
 31
1.85e-14
1001
AcDbBlockRepETag
1070
1
1071
146
1005
7824
  0
LINE
  5
7825
330
7792
100
AcDbEntity
  8
0
 62
160
100
AcDbLine
 10
2572.735146972061
 20
2349.463267620333
 30
1.85e-14
 11
2572.710689303067
 21
2349.424267553558
 31
1.85e-14
1001
AcDbBlockRepETag
1070
1
1071
147
1005
7825
  0
LINE
  5
7826
330
7792
100
AcDbEntity
  8
0
 62
160
100
AcDbLine
 10
2572.759604641054
 20
2349.502267687106
 30
1.85e-14
 11
2572.735146972061
 21
2349.463267620333
 31
1.85e-14
1001
AcDbBlockRepETag
1070
1
1071
148
1005
7826
  0
LINE
  5
7827
330
7792
100
AcDbEntity
  8
0
 62
160
100
AcDbLine
 10
2572.766214821863
 20
2349.522098229533
 30
1.85e-14
 11
2572.759604641054
 21
2349.502267687106
 31
1.85e-14
1001
AcDbBlockRepETag
1070
1
1071
149
1005
7827
  0
LINE
  5
7828
330
7792
100
AcDbEntity
  8
0
 62
160
100
AcDbLine
 10
2572.772825002673
 20
2349.545894880446
 30
1.85e-14
 11
2572.766214821863
 21
2349.522098229533
 31
1.85e-14
1001
AcDbBlockRepETag
1070
1
1071
150
1005
7828
  0
LINE
  5
7829
330
7792
100
AcDbEntity
  8
0
 62
160
100
AcDbLine
 10
2572.778113147319
 20
2349.565725422873
 30
1.85e-14
 11
2572.772825002673
 21
2349.545894880446
 31
1.85e-14
1001
AcDbBlockRepETag
1070
1
1071
151
1005
7829
  0
LINE
  5
782A
330
7792
100
AcDbEntity
  8
0
 62
160
100
AcDbLine
 10
2572.786045364291
 20
2349.586878001463
 30
1.85e-14
 11
2572.778113147319
 21
2349.565725422873
 31
1.85e-14
1001
AcDbBlockRepETag
1070
1
1071
152
1005
782A
  0
LINE
  5
782B
330
7792
100
AcDbEntity
  8
0
 62
160
100
AcDbLine
 10
2572.788689436614
 20
2349.596793272676
 30
1.85e-14
 11
2572.786045364291
 21
2349.586878001463
 31
1.85e-14
1001
AcDbBlockRepETag
1070
1
1071
153
1005
782B
  0
LINE
  5
782C
330
7792
100
AcDbEntity
  8
0
 62
160
100
AcDbLine
 10
2572.791333508938
 20
2349.606708543889
 30
1.85e-14
 11
2572.788689436614
 21
2349.596793272676
 31
1.85e-14
1001
AcDbBlockRepETag
1070
1
1071
154
1005
782C
  0
LINE
  5
782D
330
7792
100
AcDbEntity
  8
0
 62
160
100
AcDbLine
 10
2572.7926555451
 20
2349.615962797023
 30
1.85e-14
 11
2572.791333508938
 21
2349.606708543889
 31
1.85e-14
1001
AcDbBlockRepETag
1070
1
1071
155
1005
782D
  0
LINE
  5
782E
330
7792
100
AcDbEntity
  8
0
 62
160
100
AcDbLine
 10
2572.793977581261
 20
2349.625217050155
 30
1.85e-14
 11
2572.7926555451
 21
2349.615962797023
 31
1.85e-14
1001
AcDbBlockRepETag
1070
1
1071
156
1005
782E
  0
LINE
  5
782F
330
7792
100
AcDbEntity
  8
0
 62
160
100
AcDbLine
 10
2572.795789818347
 20
2349.635132321369
 30
1.85e-14
 11
2572.793977581261
 21
2349.625217050155
 31
1.85e-14
1001
AcDbBlockRepETag
1070
1
1071
157
1005
782F
  0
LINE
  5
7830
330
7792
100
AcDbEntity
  8
0
 62
160
100
AcDbLine
 10
2572.797602055433
 20
2349.645047592582
 30
1.85e-14
 11
2572.795789818347
 21
2349.635132321369
 31
1.85e-14
1001
AcDbBlockRepETag
1070
1
1071
158
1005
7830
  0
LINE
  5
7831
330
7792
100
AcDbEntity
  8
0
 62
160
100
AcDbLine
 10
2572.798245035368
 20
2349.653640827634
 30
1.85e-14
 11
2572.797602055433
 21
2349.645047592582
 31
1.85e-14
1001
AcDbBlockRepETag
1070
1
1071
159
1005
7831
  0
LINE
  5
7832
330
7792
100
AcDbEntity
  8
0
 62
160
100
AcDbLine
 10
2572.801723184074
 20
2349.67576620018
 30
1.85e-14
 11
2572.798245035368
 21
2349.653640827634
 31
1.85e-14
1001
AcDbBlockRepETag
1070
1
1071
160
1005
7832
  0
LINE
  5
7833
330
7792
100
AcDbEntity
  8
0
 62
160
100
AcDbLine
 10
2572.802312582348
 20
2349.6913593654
 30
1.85e-14
 11
2572.801723184074
 21
2349.67576620018
 31
1.85e-14
1001
AcDbBlockRepETag
1070
1
1071
161
1005
7833
  0
LINE
  5
7834
330
7792
100
AcDbEntity
  8
0
 62
160
100
AcDbLine
 10
2572.80437198185
 20
2349.710777269259
 30
1.85e-14
 11
2572.802312582348
 21
2349.6913593654
 31
1.85e-14
1001
AcDbBlockRepETag
1070
1
1071
162
1005
7834
  0
LINE
  5
7835
330
7792
100
AcDbEntity
  8
0
 62
160
100
AcDbLine
 10
2572.804649264111
 20
2349.725691798453
 30
1.85e-14
 11
2572.80437198185
 21
2349.710777269259
 31
1.85e-14
1001
AcDbBlockRepETag
1070
1
1071
163
1005
7835
  0
LINE
  5
7836
330
7792
100
AcDbEntity
  8
0
 62
160
100
AcDbLine
 10
2572.80554844876
 20
2349.740198335712
 30
1.85e-14
 11
2572.804649264111
 21
2349.725691798453
 31
1.85e-14
1001
AcDbBlockRepETag
1070
1
1071
164
1005
7836
  0
LINE
  5
7837
330
7792
100
AcDbEntity
  8
0
 62
160
100
AcDbLine
 10
2572.808519979042
 20
2349.762708810985
 30
1.85e-14
 11
2572.80554844876
 21
2349.740198335712
 31
1.85e-14
1001
AcDbBlockRepETag
1070
1
1071
165
1005
7837
  0
LINE
  5
7838
330
7792
100
AcDbEntity
  8
0
 62
160
100
AcDbLine
 10
2572.809842015204
 20
2349.791793606545
 30
1.85e-14
 11
2572.808519979042
 21
2349.762708810985
 31
1.85e-14
1001
AcDbBlockRepETag
1070
1
1071
166
1005
7838
  0
LINE
  5
7839
330
7792
100
AcDbEntity
  8
0
 62
160
100
AcDbLine
 10
2572.811164051366
 20
2349.805013968163
 30
1.85e-14
 11
2572.809842015204
 21
2349.791793606545
 31
1.85e-14
1001
AcDbBlockRepETag
1070
1
1071
167
1005
7839
  0
LINE
  5
783A
330
7792
100
AcDbEntity
  8
0
 62
160
100
AcDbLine
 10
2572.812486087527
 20
2349.818234329781
 30
1.85e-14
 11
2572.811164051366
 21
2349.805013968163
 31
1.85e-14
1001
AcDbBlockRepETag
1070
1
1071
168
1005
783A
  0
LINE
  5
783B
330
7792
100
AcDbEntity
  8
0
 62
160
100
AcDbLine
 10
2572.812486087527
 20
2349.834759781803
 30
1.85e-14
 11
2572.812486087527
 21
2349.818234329781
 31
1.85e-14
1001
AcDbBlockRepETag
1070
1
1071
169
1005
783B
  0
LINE
  5
783C
330
7792
100
AcDbEntity
  8
0
 62
160
100
AcDbLine
 10
2572.812486087527
 20
2349.851285233826
 30
1.85e-14
 11
2572.812486087527
 21
2349.834759781803
 31
1.85e-14
1001
AcDbBlockRepETag
1070
1
1071
170
1005
783C
  0
LINE
  5
783D
330
7792
100
AcDbEntity
  8
0
 62
160
100
AcDbLine
 10
2572.812486087527
 20
2349.865827631607
 30
1.85e-14
 11
2572.812486087527
 21
2349.851285233826
 31
1.85e-14
1001
AcDbBlockRepETag
1070
1
1071
171
1005
783D
  0
LINE
  5
783E
330
7792
100
AcDbEntity
  8
0
 62
160
100
AcDbLine
 10
2572.812486087527
 20
2349.880370029386
 30
1.85e-14
 11
2572.812486087527
 21
2349.865827631607
 31
1.85e-14
1001
AcDbBlockRepETag
1070
1
1071
172
1005
783E
  0
LINE
  5
783F
330
7792
100
AcDbEntity
  8
0
 62
160
100
AcDbLine
 10
2572.811164051366
 20
2349.898878535652
 30
1.85e-14
 11
2572.812486087527
 21
2349.880370029386
 31
1.85e-14
1001
AcDbBlockRepETag
1070
1
1071
173
1005
783F
  0
LINE
  5
7840
330
7792
100
AcDbEntity
  8
0
 62
160
100
AcDbLine
 10
2572.809842015204
 20
2349.917387041918
 30
1.85e-14
 11
2572.811164051366
 21
2349.898878535652
 31
1.85e-14
1001
AcDbBlockRepETag
1070
1
1071
174
1005
7840
  0
LINE
  5
7841
330
7792
100
AcDbEntity
  8
0
 62
160
100
AcDbLine
 10
2572.80719794288
 20
2349.935234530102
 30
1.85e-14
 11
2572.809842015204
 21
2349.917387041918
 31
1.85e-14
1001
AcDbBlockRepETag
1070
1
1071
175
1005
7841
  0
LINE
  5
7842
330
7792
100
AcDbEntity
  8
0
 62
160
100
AcDbLine
 10
2572.804553870556
 20
2349.953082018286
 30
1.85e-14
 11
2572.80719794288
 21
2349.935234530102
 31
1.85e-14
1001
AcDbBlockRepETag
1070
1
1071
176
1005
7842
  0
LINE
  5
7843
330
7792
100
AcDbEntity
  8
0
 62
160
100
AcDbLine
 10
2572.802570816313
 20
2349.967624416066
 30
1.85e-14
 11
2572.804553870556
 21
2349.953082018286
 31
1.85e-14
1001
AcDbBlockRepETag
1070
1
1071
177
1005
7843
  0
LINE
  5
7844
330
7792
100
AcDbEntity
  8
0
 62
160
100
AcDbLine
 10
2572.80058776207
 20
2349.982166813846
 30
1.85e-14
 11
2572.802570816313
 21
2349.967624416066
 31
1.85e-14
1001
AcDbBlockRepETag
1070
1
1071
178
1005
7844
  0
LINE
  5
7845
330
7792
100
AcDbEntity
  8
0
 62
160
100
AcDbLine
 10
2572.797282671666
 20
2349.995387175465
 30
1.85e-14
 11
2572.80058776207
 21
2349.982166813846
 31
1.85e-14
1001
AcDbBlockRepETag
1070
1
1071
179
1005
7845
  0
LINE
  5
7846
330
7792
100
AcDbEntity
  8
0
 62
160
100
AcDbLine
 10
2572.793977581261
 20
2350.008607537083
 30
1.85e-14
 11
2572.797282671666
 21
2349.995387175465
 31
1.85e-14
1001
AcDbBlockRepETag
1070
1
1071
180
1005
7846
  0
LINE
  5
7847
330
7792
100
AcDbEntity
  8
0
 62
160
100
AcDbLine
 10
2572.791333508938
 20
2350.019844844458
 30
1.85e-14
 11
2572.793977581261
 21
2350.008607537083
 31
1.85e-14
1001
AcDbBlockRepETag
1070
1
1071
181
1005
7847
  0
LINE
  5
7848
330
7792
100
AcDbEntity
  8
0
 62
160
100
AcDbLine
 10
2572.788689436614
 20
2350.031082151835
 30
1.85e-14
 11
2572.791333508938
 21
2350.019844844458
 31
1.85e-14
1001
AcDbBlockRepETag
1070
1
1071
182
1005
7848
  0
LINE
  5
7849
330
7792
100
AcDbEntity
  8
0
 62
160
100
AcDbLine
 10
2572.786045364291
 20
2350.039675386886
 30
1.85e-14
 11
2572.788689436614
 21
2350.031082151835
 31
1.85e-14
1001
AcDbBlockRepETag
1070
1
1071
183
1005
7849
  0
LINE
  5
784A
330
7792
100
AcDbEntity
  8
0
 62
160
100
AcDbLine
 10
2572.780096201562
 20
2350.058183893151
 30
1.85e-14
 11
2572.786045364291
 21
2350.039675386886
 31
1.85e-14
1001
AcDbBlockRepETag
1070
1
1071
184
1005
784A
  0
LINE
  5
784B
330
7792
100
AcDbEntity
  8
0
 62
160
100
AcDbLine
 10
2572.771502966511
 20
2350.085285634468
 30
1.85e-14
 11
2572.780096201562
 21
2350.058183893151
 31
1.85e-14
1001
AcDbBlockRepETag
1070
1
1071
185
1005
784B
  0
LINE
  5
784C
330
7792
100
AcDbEntity
  8
0
 62
160
100
AcDbLine
 10
2572.766875839944
 20
2350.098505996087
 30
1.85e-14
 11
2572.771502966511
 21
2350.085285634468
 31
1.85e-14
1001
AcDbBlockRepETag
1070
1
1071
186
1005
784C
  0
LINE
  5
784D
330
7792
100
AcDbEntity
  8
0
 62
160
100
AcDbLine
 10
2572.75629955065
 20
2350.125607737404
 30
1.85e-14
 11
2572.766875839944
 21
2350.098505996087
 31
1.85e-14
1001
AcDbBlockRepETag
1070
1
1071
187
1005
784D
  0
LINE
  5
784E
330
7792
100
AcDbEntity
  8
0
 62
160
100
AcDbLine
 10
2572.750350387922
 20
2350.139489117103
 30
1.85e-14
 11
2572.75629955065
 21
2350.125607737404
 31
1.85e-14
1001
AcDbBlockRepETag
1070
1
1071
188
1005
784E
  0
LINE
  5
784F
330
7792
100
AcDbEntity
  8
0
 62
160
100
AcDbLine
 10
2572.738452062465
 20
2350.161963731854
 30
1.85e-14
 11
2572.750350387922
 21
2350.139489117103
 31
1.85e-14
1001
AcDbBlockRepETag
1070
1
1071
189
1005
784F
  0
LINE
  5
7850
330
7792
100
AcDbEntity
  8
0
 62
160
100
AcDbLine
 10
2572.723909664685
 20
2350.18047223812
 30
1.85e-14
 11
2572.738452062465
 21
2350.161963731854
 31
1.85e-14
1001
AcDbBlockRepETag
1070
1
1071
190
1005
7850
  0
LINE
  5
7851
330
7792
100
AcDbEntity
  8
0
 62
160
100
AcDbLine
 10
2572.709367266905
 20
2350.198980744385
 30
1.85e-14
 11
2572.723909664685
 21
2350.18047223812
 31
1.85e-14
1001
AcDbBlockRepETag
1070
1
1071
191
1005
7851
  0
LINE
  5
7852
330
7792
100
AcDbEntity
  8
0
 62
160
100
AcDbLine
 10
2572.69085876064
 20
2350.220133322974
 30
1.85e-14
 11
2572.709367266905
 21
2350.198980744385
 31
1.85e-14
1001
AcDbBlockRepETag
1070
1
1071
192
1005
7852
  0
LINE
  5
7853
330
7792
100
AcDbEntity
  8
0
 62
160
100
AcDbLine
 10
2572.668384145889
 20
2350.234675720754
 30
1.85e-14
 11
2572.69085876064
 21
2350.220133322974
 31
1.85e-14
1001
AcDbBlockRepETag
1070
1
1071
193
1005
7853
  0
LINE
  5
7854
330
7792
100
AcDbEntity
  8
0
 62
160
100
AcDbLine
 10
2572.631367133358
 20
2350.251862190857
 30
1.85e-14
 11
2572.668384145889
 21
2350.234675720754
 31
1.85e-14
1001
AcDbBlockRepETag
1070
1
1071
194
1005
7854
  0
LINE
  5
7855
330
7792
100
AcDbEntity
  8
0
 62
160
100
AcDbLine
 10
2572.604926410122
 20
2350.255828299343
 30
1.85e-14
 11
2572.631367133358
 21
2350.251862190857
 31
1.85e-14
1001
AcDbBlockRepETag
1070
1
1071
195
1005
7855
  0
LINE
  5
7856
330
7792
100
AcDbEntity
  8
0
 62
160
100
AcDbLine
 10
2572.565265325267
 20
2350.251862190857
 30
1.85e-14
 11
2572.604926410122
 21
2350.255828299343
 31
1.85e-14
1001
AcDbBlockRepETag
1070
1
1071
196
1005
7856
  0
LINE
  5
7857
330
7792
100
AcDbEntity
  8
0
 62
160
100
AcDbLine
 10
2572.546756819001
 20
2350.234675720754
 30
1.85e-14
 11
2572.565265325267
 21
2350.251862190857
 31
1.85e-14
1001
AcDbBlockRepETag
1070
1
1071
197
1005
7857
  0
LINE
  5
7858
330
7792
100
AcDbEntity
  8
0
 62
160
100
AcDbLine
 10
2572.533536457383
 20
2350.205590925193
 30
1.85e-14
 11
2572.546756819001
 21
2350.234675720754
 31
1.85e-14
1001
AcDbBlockRepETag
1070
1
1071
198
1005
7858
  0
LINE
  5
7859
330
7792
100
AcDbEntity
  8
0
 62
160
100
AcDbLine
 10
2572.529570348898
 20
2350.171217984986
 30
1.85e-14
 11
2572.533536457383
 21
2350.205590925193
 31
1.85e-14
1001
AcDbBlockRepETag
1070
1
1071
199
1005
7859
  0
LINE
  5
785A
330
7792
100
AcDbEntity
  8
0
 62
160
100
AcDbLine
 10
2572.540146638193
 20
2350.131556900132
 30
1.85e-14
 11
2572.529570348898
 21
2350.171217984986
 31
1.85e-14
1001
AcDbBlockRepETag
1070
1
1071
200
1005
785A
  0
LINE
  5
785B
330
7792
100
AcDbEntity
  8
0
 62
160
100
AcDbLine
 10
2572.561299216781
 20
2350.098505996086
 30
1.85e-14
 11
2572.540146638193
 21
2350.131556900132
 31
1.85e-14
1001
AcDbBlockRepETag
1070
1
1071
201
1005
785B
  0
LINE
  5
785C
330
7792
100
AcDbEntity
  8
0
 62
160
100
AcDbLine
 10
2572.568246919255
 20
2350.087041887121
 30
1.85e-14
 11
2572.561299216781
 21
2350.098505996086
 31
1.85e-14
1001
AcDbBlockRepETag
1070
1
1071
202
1005
785C
  0
LINE
  5
785D
330
7792
100
AcDbEntity
  8
0
 62
160
100
AcDbLine
 10
2572.579807723047
 20
2350.070743236688
 30
1.85e-14
 11
2572.568246919255
 21
2350.087041887121
 31
1.85e-14
1001
AcDbBlockRepETag
1070
1
1071
203
1005
785D
  0
LINE
  5
785E
330
7792
100
AcDbEntity
  8
0
 62
160
100
AcDbLine
 10
2572.600960301636
 20
2350.052234730423
 30
1.85e-14
 11
2572.579807723047
 21
2350.070743236688
 31
1.85e-14
1001
AcDbBlockRepETag
1070
1
1071
204
1005
785E
  0
LINE
  5
785F
330
7792
100
AcDbEntity
  8
0
 62
160
100
AcDbLine
 10
2572.622112880225
 20
2350.040336404966
 30
1.85e-14
 11
2572.600960301636
 21
2350.052234730423
 31
1.85e-14
1001
AcDbBlockRepETag
1070
1
1071
205
1005
785F
  0
LINE
  5
7860
330
7792
100
AcDbEntity
  8
0
 62
160
100
AcDbLine
 10
2572.645909531138
 20
2350.035048260319
 30
1.85e-14
 11
2572.622112880225
 21
2350.040336404966
 31
1.85e-14
1001
AcDbBlockRepETag
1070
1
1071
206
1005
7860
  0
LINE
  5
7861
330
7792
100
AcDbEntity
  8
0
 62
160
100
AcDbLine
 10
2572.663096001241
 20
2350.031082151835
 30
1.85e-14
 11
2572.645909531138
 21
2350.035048260319
 31
1.85e-14
1001
AcDbBlockRepETag
1070
1
1071
207
1005
7861
  0
LINE
  5
7862
330
7792
100
AcDbEntity
  8
0
 62
160
100
AcDbLine
 10
2572.674553647974
 20
2350.02843807951
 30
1.85e-14
 11
2572.663096001241
 21
2350.031082151835
 31
1.85e-14
1001
AcDbBlockRepETag
1070
1
1071
208
1005
7862
  0
LINE
  5
7863
330
7792
100
AcDbEntity
  8
0
 62
160
100
AcDbLine
 10
2572.681604507506
 20
2350.02843807951
 30
1.85e-14
 11
2572.674553647974
 21
2350.02843807951
 31
1.85e-14
1001
AcDbBlockRepETag
1070
1
1071
209
1005
7863
  0
LINE
  5
7864
330
7792
100
AcDbEntity
  8
0
 62
160
100
AcDbLine
 10
2572.704079122258
 20
2350.02843807951
 30
1.85e-14
 11
2572.681604507506
 21
2350.02843807951
 31
1.85e-14
1001
AcDbBlockRepETag
1070
1
1071
210
1005
7864
  0
LINE
  5
7865
330
7792
100
AcDbEntity
  8
0
 62
160
100
AcDbLine
 10
2572.72787577317
 20
2350.031082151835
 30
1.85e-14
 11
2572.704079122258
 21
2350.02843807951
 31
1.85e-14
1001
AcDbBlockRepETag
1070
1
1071
211
1005
7865
  0
LINE
  5
7866
330
7792
100
AcDbEntity
  8
0
 62
160
100
AcDbLine
 10
2572.737130026303
 20
2350.0357092784
 30
1.85e-14
 11
2572.72787577317
 21
2350.031082151835
 31
1.85e-14
1001
AcDbBlockRepETag
1070
1
1071
212
1005
7866
  0
LINE
  5
7867
330
7792
100
AcDbEntity
  8
0
 62
160
100
AcDbLine
 10
2572.746384279435
 20
2350.040336404966
 30
1.85e-14
 11
2572.737130026303
 21
2350.0357092784
 31
1.85e-14
1001
AcDbBlockRepETag
1070
1
1071
213
1005
7867
  0
LINE
  5
7868
330
7792
100
AcDbEntity
  8
0
 62
160
100
AcDbLine
 10
2572.770180930349
 20
2350.053556766585
 30
1.85e-14
 11
2572.746384279435
 21
2350.040336404966
 31
1.85e-14
1001
AcDbBlockRepETag
1070
1
1071
236
1005
7868
  0
LINE
  5
7869
330
7792
100
AcDbEntity
  8
0
 62
160
100
AcDbLine
 10
2572.786706382371
 20
2350.061488983556
 30
1.85e-14
 11
2572.770180930349
 21
2350.053556766585
 31
1.85e-14
1001
AcDbBlockRepETag
1070
1
1071
215
1005
7869
  0
LINE
  5
786A
330
7792
100
AcDbEntity
  8
0
 62
160
100
AcDbLine
 10
2572.803231834394
 20
2350.069421200526
 30
1.85e-14
 11
2572.786706382371
 21
2350.061488983556
 31
1.85e-14
1001
AcDbBlockRepETag
1070
1
1071
237
1005
786A
  0
LINE
  5
786B
330
7792
100
AcDbEntity
  8
0
 62
160
100
AcDbLine
 10
2572.817774232174
 20
2350.076692399417
 30
1.85e-14
 11
2572.803231834394
 21
2350.069421200526
 31
1.85e-14
1001
AcDbBlockRepETag
1070
1
1071
238
1005
786B
  0
LINE
  5
786C
330
7792
100
AcDbEntity
  8
0
 62
160
100
AcDbLine
 10
2572.832316629954
 20
2350.083963598307
 30
1.85e-14
 11
2572.817774232174
 21
2350.076692399417
 31
1.85e-14
1001
AcDbBlockRepETag
1070
1
1071
239
1005
786C
  0
LINE
  5
786D
330
7792
100
AcDbEntity
  8
0
 62
160
100
AcDbLine
 10
2572.832316629954
 20
2350.083963598307
 30
1.85e-14
 11
2572.832316629954
 21
2350.083963598307
 31
1.85e-14
1001
AcDbBlockRepETag
1070
1
1071
240
1005
786D
  0
LINE
  5
786E
330
7792
100
AcDbEntity
  8
0
 62
160
100
AcDbLine
 10
2572.844875973492
 20
2350.091895815277
 30
1.85e-14
 11
2572.832316629954
 21
2350.083963598307
 31
1.85e-14
1001
AcDbBlockRepETag
1070
1
1071
241
1005
786E
  0
LINE
  5
786F
330
7792
100
AcDbEntity
  8
0
 62
160
100
AcDbLine
 10
2572.844875973492
 20
2350.091895815277
 30
1.85e-14
 11
2572.844875973492
 21
2350.091895815277
 31
1.85e-14
1001
AcDbBlockRepETag
1070
1
1071
242
1005
786F
  0
LINE
  5
7870
330
7792
100
AcDbEntity
  8
0
 62
160
100
AcDbLine
 10
2572.857435317029
 20
2350.099828032249
 30
1.85e-14
 11
2572.844875973492
 21
2350.091895815277
 31
1.85e-14
1001
AcDbBlockRepETag
1070
1
1071
243
1005
7870
  0
LINE
  5
7871
330
7792
100
AcDbEntity
  8
0
 62
160
100
AcDbLine
 10
2572.870655678647
 20
2350.107099231138
 30
1.85e-14
 11
2572.857435317029
 21
2350.099828032249
 31
1.85e-14
1001
AcDbBlockRepETag
1070
1
1071
244
1005
7871
  0
LINE
  5
7872
330
7792
100
AcDbEntity
  8
0
 62
160
100
AcDbLine
 10
2572.883876040265
 20
2350.114370430029
 30
1.85e-14
 11
2572.870655678647
 21
2350.107099231138
 31
1.85e-14
1001
AcDbBlockRepETag
1070
1
1071
245
1005
7872
  0
LINE
  5
7873
330
7792
100
AcDbEntity
  8
0
 62
160
100
AcDbLine
 10
2572.893791311479
 20
2350.119658574676
 30
1.85e-14
 11
2572.883876040265
 21
2350.114370430029
 31
1.85e-14
1001
AcDbBlockRepETag
1070
1
1071
246
1005
7873
  0
LINE
  5
7874
330
7792
100
AcDbEntity
  8
0
 62
160
100
AcDbLine
 10
2572.903706582692
 20
2350.124946719323
 30
1.85e-14
 11
2572.893791311479
 21
2350.119658574676
 31
1.85e-14
1001
AcDbBlockRepETag
1070
1
1071
226
1005
7874
  0
LINE
  5
7875
330
7792
100
AcDbEntity
  8
0
 62
160
100
AcDbLine
 10
2572.911638799663
 20
2350.126268755484
 30
1.85e-14
 11
2572.903706582692
 21
2350.124946719323
 31
1.85e-14
1001
AcDbBlockRepETag
1070
1
1071
247
1005
7875
  0
LINE
  5
7876
330
7792
100
AcDbEntity
  8
0
 62
160
100
AcDbLine
 10
2572.919571016634
 20
2350.127590791647
 30
1.85e-14
 11
2572.911638799663
 21
2350.126268755484
 31
1.85e-14
1001
AcDbBlockRepETag
1070
1
1071
248
1005
7876
  0
ENDBLK
  5
7794
330
7792
100
AcDbEntity
  8
0
100
AcDbBlockEnd
  0
BLOCK
  5
779E
330
779D
100
AcDbEntity
  8
0
100
AcDbBlockBegin
  2
Schlüsselschalter
 70
0
 10
0.0
 20
0.0
 30
0.0
  3
Schlüsselschalter
  1

  0
LWPOLYLINE
  5
77A0
330
779D
100
AcDbEntity
  8
0
 62
5
100
AcDbPolyline
 90
4
 70
1
 10
2571.599398439273
 20
2365.595493608765
 10
2572.90527638136
 20
2365.595493608765
 10
2572.90527638136
 20
2364.289615666678
 10
2571.599398439273
 20
2364.289615666678
1001
AcDbBlockRepETag
1070
1
1071
23
1005
77A0
  0
ARC
  5
77A1
330
779D
100
AcDbEntity
  8
0
  6
ByBlock
 62
5
100
AcDbCircle
 10
2572.201788168427
 20
2365.225463600821
 30
1.85e-14
 40
0.2371749736968272
100
AcDbArc
 50
282.3256315788952
 51
254.672471110772
1001
AcDbBlockRepETag
1070
1
1071
28
1005
77A1
  0
LWPOLYLINE
  5
77A2
330
779D
100
AcDbEntity
  8
0
  6
ByBlock
 62
5
100
AcDbPolyline
 90
14
 70
0
 10
2572.139094175438
 20
2364.996724816634
 10
2572.139094175438
 20
2364.435285042103
 10
2572.411069687949
 20
2364.435285042103
 10
2572.411069687949
 20
2364.521385980365
 10
2572.266015904465
 20
2364.521385980365
 10
2572.266015904465
 20
2364.566702171471
 10
2572.411069687949
 20
2364.566702171471
 10
2572.411069687949
 20
2364.616550507172
 10
2572.266015904465
 20
2364.616550507172
 10
2572.266015904465
 20
2364.65733455368
 10
2572.411069687949
 20
2364.65733455368
 10
2572.411069687949
 20
2364.702650394461
 10
2572.252417305651
 20
2364.702650394461
 10
2572.252417305651
 20
2364.993755468439
1001
AcDbBlockRepETag
1070
1
1071
29
1005
77A2
  0
ENDBLK
  5
779F
330
779D
100
AcDbEntity
  8
0
100
AcDbBlockEnd
  0
BLOCK
  5
77A5
330
77A4
100
AcDbEntity
  8
0
100
AcDbBlockBegin
  2
Bewegungsmelder 180^ °
 70
0
 10
0.0
 20
0.0
 30
0.0
  3
Bewegungsmelder 180^ °
  1

  0
LWPOLYLINE
  5
77A7
330
77A4
100
AcDbEntity
  8
0
 62
160
100
AcDbPolyline
 90
4
 70
1
 10
2571.668490134369
 20
2362.16758736477
 10
2572.647898590935
 20
2362.16758736477
 10
2572.647898590935
 20
2361.514648393727
 10
2571.668490134369
 20
2361.514648393727
1001
AcDbBlockRepETag
1070
1
1071
278
1005
77A7
  0
ARC
  5
77A8
330
77A4
100
AcDbEntity
  8
0
 62
160
100
AcDbCircle
 10
2572.158194362651
 20
2362.16758736477
 30
1.85e-14
 40
0.4897042282823147
100
AcDbArc
 50
0.0
 51
180.0
1001
AcDbBlockRepETag
1070
1
1071
279
1005
77A8
  0
LINE
  5
77A9
330
77A4
100
AcDbEntity
  8
0
 62
160
100
AcDbLine
 10
2572.158194362651
 20
2362.722585490157
 30
1.85e-14
 11
2572.158194362651
 21
2363.049054975679
 31
1.85e-14
1001
AcDbBlockRepETag
1070
1
1071
280
1005
77A9
  0
LINE
  5
77AA
330
77A4
100
AcDbEntity
  8
0
 62
160
100
AcDbLine
 10
2571.880695299958
 20
2362.648229840408
 30
1.85e-14
 11
2571.717460557197
 21
2362.93096070843
 31
1.85e-14
1001
AcDbBlockRepETag
1070
1
1071
281
1005
77AA
  0
LINE
  5
77AB
330
77A4
100
AcDbEntity
  8
0
 62
160
100
AcDbLine
 10
2572.435693425345
 20
2362.648229840408
 30
1.85e-14
 11
2572.598928168106
 21
2362.93096070843
 31
1.85e-14
1001
AcDbBlockRepETag
1070
1
1071
282
1005
77AB
  0
ENDBLK
  5
77A6
330
77A4
100
AcDbEntity
  8
0
100
AcDbBlockEnd
  0
BLOCK
  5
77B3
330
77B2
100
AcDbEntity
  8
0
100
AcDbBlockBegin
  2
Bewegungsmelder 180°
 70
0
 10
0.0
 20
0.0
 30
0.0
  3
Bewegungsmelder 180°
  1

  0
LWPOLYLINE
  5
77B5
330
77B2
100
AcDbEntity
  8
0
 62
160
100
AcDbPolyline
 90
4
 70
1
 10
2571.668490134369
 20
2362.16758736477
 10
2572.647898590935
 20
2362.16758736477
 10
2572.647898590935
 20
2361.514648393727
 10
2571.668490134369
 20
2361.514648393727
1001
AcDbBlockRepETag
1070
1
1071
278
1005
77B5
  0
ARC
  5
77B6
330
77B2
100
AcDbEntity
  8
0
 62
160
100
AcDbCircle
 10
2572.158194362651
 20
2362.16758736477
 30
1.85e-14
 40
0.4897042282823147
100
AcDbArc
 50
0.0
 51
180.0
1001
AcDbBlockRepETag
1070
1
1071
279
1005
77B6
  0
LINE
  5
77B7
330
77B2
100
AcDbEntity
  8
0
 62
160
100
AcDbLine
 10
2572.158194362651
 20
2362.722585490157
 30
1.85e-14
 11
2572.158194362651
 21
2363.049054975679
 31
1.85e-14
1001
AcDbBlockRepETag
1070
1
1071
280
1005
77B7
  0
LINE
  5
77B8
330
77B2
100
AcDbEntity
  8
0
 62
160
100
AcDbLine
 10
2571.880695299958
 20
2362.648229840408
 30
1.85e-14
 11
2571.717460557197
 21
2362.93096070843
 31
1.85e-14
1001
AcDbBlockRepETag
1070
1
1071
281
1005
77B8
  0
LINE
  5
77B9
330
77B2
100
AcDbEntity
  8
0
 62
160
100
AcDbLine
 10
2572.435693425345
 20
2362.648229840408
 30
1.85e-14
 11
2572.598928168106
 21
2362.93096070843
 31
1.85e-14
1001
AcDbBlockRepETag
1070
1
1071
282
1005
77B9
  0
ENDBLK
  5
77B4
330
77B2
100
AcDbEntity
  8
0
100
AcDbBlockEnd
  0
BLOCK
  5
77BC
330
77BB
100
AcDbEntity
  8
0
100
AcDbBlockBegin
  2
Bewegungsmelder 360°
 70
0
 10
0.0
 20
0.0
 30
0.0
  3
Bewegungsmelder 360°
  1

  0
LINE
  5
77BE
330
77BB
100
AcDbEntity
  8
0
 62
160
100
AcDbLine
 10
2572.748429220547
 20
2358.342120379403
 30
1.85e-14
 11
2573.09168502263
 21
2358.466557280808
 31
1.85e-14
1001
AcDbBlockRepETag
1070
1
1071
31
1005
77BE
  0
LINE
  5
77BF
330
77BB
100
AcDbEntity
  8
0
 62
160
100
AcDbLine
 10
2572.747585953341
 20
2357.684181694255
 30
1.85e-14
 11
2573.090521651506
 21
2357.558865314561
 31
1.85e-14
1001
AcDbBlockRepETag
1070
1
1071
32
1005
77BF
  0
LINE
  5
77C0
330
77BB
100
AcDbEntity
  8
0
 62
160
100
AcDbLine
 10
2572.791615285457
 20
2358.180117532532
 30
1.85e-14
 11
2573.151264501779
 21
2358.243058213289
 31
1.85e-14
1001
AcDbBlockRepETag
1070
1
1071
33
1005
77C0
  0
LINE
  5
77C1
330
77BB
100
AcDbEntity
  8
0
 62
160
100
AcDbLine
 10
2572.806013757866
 20
2358.013076691449
 30
1.85e-14
 11
2573.17112862898
 21
2358.012608730826
 31
1.85e-14
1001
AcDbBlockRepETag
1070
1
1071
3
1005
77C1
  0
LINE
  5
77C2
330
77BB
100
AcDbEntity
  8
0
 62
160
100
AcDbLine
 10
2572.791187147476
 20
2357.846073307586
 30
1.85e-14
 11
2573.150673842779
 21
2357.782210924328
 31
1.85e-14
1001
AcDbBlockRepETag
1070
1
1071
4
1005
77C2
  0
ELLIPSE
  5
77C3
330
77BB
100
AcDbEntity
  8
0
 62
160
100
AcDbEllipse
 10
2572.089023860669
 20
2358.014309465632
 30
1.85e-14
 11
-0.2743003967649777
 21
0.2743003967649777
 31
0.0
 40
0.9999999999999984
 41
3.926990816987241
 42
10.21017612416683
1001
AcDbBlockRepETag
1070
1
1071
5
1005
77C3
  0
LINE
  5
77C4
330
77BB
100
AcDbEntity
  8
0
 62
160
100
AcDbLine
 10
2572.416834774441
 20
2357.354904105754
 30
1.85e-14
 11
2572.541271675844
 21
2357.01164830367
 31
1.85e-14
1001
AcDbBlockRepETag
1070
1
1071
6
1005
77C4
  0
LINE
  5
77C5
330
77BB
100
AcDbEntity
  8
0
 62
160
100
AcDbLine
 10
2571.758896089292
 20
2357.35574737296
 30
1.85e-14
 11
2571.633579709598
 21
2357.012811674794
 31
1.85e-14
1001
AcDbBlockRepETag
1070
1
1071
7
1005
77C5
  0
LINE
  5
77C6
330
77BB
100
AcDbEntity
  8
0
 62
160
100
AcDbLine
 10
2571.42961850079
 20
2357.68649855186
 30
1.85e-14
 11
2571.086362698706
 21
2357.562061650456
 31
1.85e-14
1001
AcDbBlockRepETag
1070
1
1071
34
1005
77C6
  0
LINE
  5
77C7
330
77BB
100
AcDbEntity
  8
0
 62
160
100
AcDbLine
 10
2571.430461767996
 20
2358.344437237009
 30
1.85e-14
 11
2571.087526069831
 21
2358.469753616702
 31
1.85e-14
1001
AcDbBlockRepETag
1070
1
1071
35
1005
77C7
  0
LINE
  5
77C8
330
77BB
100
AcDbEntity
  8
0
 62
160
100
AcDbLine
 10
2571.761212946897
 20
2358.67371482551
 30
1.85e-14
 11
2571.636776045493
 21
2359.016970627594
 31
1.85e-14
1001
AcDbBlockRepETag
1070
1
1071
36
1005
77C8
  0
LINE
  5
77C9
330
77BB
100
AcDbEntity
  8
0
 62
160
100
AcDbLine
 10
2572.419151632046
 20
2358.672871558304
 30
1.85e-14
 11
2572.544468011739
 21
2359.015807256469
 31
1.85e-14
1001
AcDbBlockRepETag
1070
1
1071
37
1005
77C9
  0
LINE
  5
77CA
330
77BB
100
AcDbEntity
  8
0
 62
160
100
AcDbLine
 10
2571.920787702623
 20
2357.312146178824
 30
1.85e-14
 11
2571.856925319366
 21
2356.952659483521
 31
1.85e-14
1001
AcDbBlockRepETag
1070
1
1071
38
1005
77CA
  0
LINE
  5
77CB
330
77BB
100
AcDbEntity
  8
0
 62
160
100
AcDbLine
 10
2572.087791086485
 20
2357.297319568434
 30
1.85e-14
 11
2572.087323125863
 21
2356.932204697321
 31
1.85e-14
1001
AcDbBlockRepETag
1070
1
1071
39
1005
77CB
  0
LINE
  5
77CC
330
77BB
100
AcDbEntity
  8
0
 62
160
100
AcDbLine
 10
2572.254831927568
 20
2357.311718040843
 30
1.85e-14
 11
2572.317772608327
 21
2356.952068824522
 31
1.85e-14
1001
AcDbBlockRepETag
1070
1
1071
40
1005
77CC
  0
LINE
  5
77CD
330
77BB
100
AcDbEntity
  8
0
 62
160
100
AcDbLine
 10
2571.386860573861
 20
2358.182545623678
 30
1.85e-14
 11
2571.027373878558
 21
2358.246408006936
 31
1.85e-14
1001
AcDbBlockRepETag
1070
1
1071
41
1005
77CD
  0
LINE
  5
77CE
330
77BB
100
AcDbEntity
  8
0
 62
160
100
AcDbLine
 10
2571.38643243588
 20
2357.848501398732
 30
1.85e-14
 11
2571.026783219558
 21
2357.785560717974
 31
1.85e-14
1001
AcDbBlockRepETag
1070
1
1071
42
1005
77CE
  0
LINE
  5
77CF
330
77BB
100
AcDbEntity
  8
0
 62
160
100
AcDbLine
 10
2571.37203396347
 20
2358.015542239815
 30
1.85e-14
 11
2571.006919092358
 21
2358.016010200438
 31
1.85e-14
1001
AcDbBlockRepETag
1070
1
1071
43
1005
77CF
  0
LINE
  5
77D0
330
77BB
100
AcDbEntity
  8
0
 62
160
100
AcDbLine
 10
2571.923215793769
 20
2358.71690089042
 30
1.85e-14
 11
2571.860275113011
 21
2359.076550106742
 31
1.85e-14
1001
AcDbBlockRepETag
1070
1
1071
44
1005
77D0
  0
LINE
  5
77D1
330
77BB
100
AcDbEntity
  8
0
 62
160
100
AcDbLine
 10
2572.090256634852
 20
2358.73129936283
 30
1.85e-14
 11
2572.090724595475
 21
2359.096414233943
 31
1.85e-14
1001
AcDbBlockRepETag
1070
1
1071
45
1005
77D1
  0
LINE
  5
77D2
330
77BB
100
AcDbEntity
  8
0
 62
160
100
AcDbLine
 10
2572.257260018715
 20
2358.716472752439
 30
1.85e-14
 11
2572.321122401972
 21
2359.075959447742
 31
1.85e-14
1001
AcDbBlockRepETag
1070
1
1071
46
1005
77D2
  0
ENDBLK
  5
77BD
330
77BB
100
AcDbEntity
  8
0
100
AcDbBlockEnd
  0
BLOCK
  5
77D5
330
77D4
100
AcDbEntity
  8
0
100
AcDbBlockBegin
  2
Lichtsensor
 70
0
 10
0.0
 20
0.0
 30
0.0
  3
Lichtsensor
  1

  0
TEXT
  5
77D7
330
77D4
100
AcDbEntity
  8
0
 62
160
100
AcDbText
 10
2571.125689711813
 20
2353.387088002147
 30
1.85e-14
 40
0.9141145594611518
  1
Lx
  7
ET_LEGENDE - Wohnung$0$Standard
 41
0.8000000000001817
100
AcDbText
1001
AcDbBlockRepETag
1070
1
1071
83
1005
77D7
  0
LINE
  5
77D8
330
77D4
100
AcDbEntity
  8
0
 62
160
100
AcDbLine
 10
2573.553986345127
 20
2353.171135110289
 30
1.85e-14
 11
2573.553986345127
 21
2354.477013052376
 31
1.85e-14
1001
AcDbBlockRepETag
1070
1
1071
82
1005
77D8
  0
LINE
  5
77D9
330
77D4
100
AcDbEntity
  8
0
 62
160
100
AcDbLine
 10
2572.496152553533
 20
2353.880634460178
 30
1.85e-14
 11
2572.496152553533
 21
2354.211562353627
 31
1.85e-14
1001
AcDbBlockRepETag
1070
1
1071
81
1005
77D9
  0
LINE
  5
77DA
330
77D4
100
AcDbEntity
  8
0
 62
160
100
AcDbLine
 10
2572.496152553533
 20
2354.211562353627
 30
1.85e-14
 11
2572.496152553533
 21
2353.880634460178
 31
1.85e-14
1001
AcDbBlockRepETag
1070
1
1071
80
1005
77DA
  0
LINE
  5
77DB
330
77D4
100
AcDbEntity
  8
0
 62
160
100
AcDbLine
 10
2572.496152553533
 20
2353.880634460178
 30
1.85e-14
 11
2572.792245931881
 21
2353.880634460178
 31
1.85e-14
1001
AcDbBlockRepETag
1070
1
1071
79
1005
77DB
  0
LINE
  5
77DC
330
77D4
100
AcDbEntity
  8
0
 62
160
100
AcDbLine
 10
2572.496152553533
 20
2353.392951248779
 30
1.85e-14
 11
2572.792245931881
 21
2353.392951248779
 31
1.85e-14
1001
AcDbBlockRepETag
1070
1
1071
78
1005
77DC
  0
LINE
  5
77DD
330
77D4
100
AcDbEntity
  8
0
 62
160
100
AcDbLine
 10
2572.496152553533
 20
2353.392951248779
 30
1.85e-14
 11
2572.496152553533
 21
2353.723879142228
 31
1.85e-14
1001
AcDbBlockRepETag
1070
1
1071
76
1005
77DD
  0
LINE
  5
77DE
330
77D4
100
AcDbEntity
  8
0
 62
160
100
AcDbLine
 10
2573.21026011308
 20
2354.420569444226
 30
1.85e-14
 11
2572.496152553533
 21
2353.880634460178
 31
1.85e-14
1001
AcDbBlockRepETag
1070
1
1071
75
1005
77DE
  0
LINE
  5
77DF
330
77D4
100
AcDbEntity
  8
0
 62
160
100
AcDbLine
 10
2573.21026011308
 20
2353.932886232827
 30
1.85e-14
 11
2572.496152553533
 21
2353.392951248779
 31
1.85e-14
1001
AcDbBlockRepETag
1070
1
1071
74
1005
77DF
  0
LINE
  5
77E0
330
77D4
100
AcDbEntity
  8
0
 62
160
100
AcDbLine
 10
2570.942230460952
 20
2354.477013052376
 30
1.85e-14
 11
2570.942230460952
 21
2353.171135110289
 31
1.85e-14
1001
AcDbBlockRepETag
1070
1
1071
73
1005
77E0
  0
LINE
  5
77E1
330
77D4
100
AcDbEntity
  8
0
 62
160
100
AcDbLine
 10
2570.942230460952
 20
2353.171135110289
 30
1.85e-14
 11
2573.553986345127
 21
2353.171135110289
 31
1.85e-14
1001
AcDbBlockRepETag
1070
1
1071
72
1005
77E1
  0
LINE
  5
77E2
330
77D4
100
AcDbEntity
  8
0
 62
160
100
AcDbLine
 10
2573.553986345127
 20
2354.477013052376
 30
1.85e-14
 11
2570.942230460952
 21
2354.477013052376
 31
1.85e-14
1001
AcDbBlockRepETag
1070
1
1071
71
1005
77E2
  0
LINE
  5
77E3
330
77D4
100
AcDbEntity
  8
0
 62
160
100
AcDbLine
 10
2572.496152553533
 20
2353.723879142228
 30
1.85e-14
 11
2572.496152553533
 21
2353.392951248779
 31
1.85e-14
1001
AcDbBlockRepETag
1070
1
1071
77
1005
77E3
  0
ENDBLK
  5
77D6
330
77D4
100
AcDbEntity
  8
0
100
AcDbBlockEnd
  0
BLOCK
  5
7C1B
330
7C1A
100
AcDbEntity
  8
0
100
AcDbBlockBegin
  2
Jalousieschalter
 70
0
 10
0.0
 20
0.0
 30
0.0
  3
Jalousieschalter
  1

  0
LINE
  5
7C1D
330
7C1A
100
AcDbEntity
  8
0
 62
160
100
AcDbLine
 10
2572.215714180444
 20
2368.404783752673
 30
1.85e-14
 11
2572.457434449175
 21
2367.873409564772
 31
1.85e-14
1001
AcDbBlockRepETag
1070
1
1071
21
1005
7C1D
  0
LINE
  5
7C1E
330
7C1A
100
AcDbEntity
  8
0
 62
160
100
AcDbLine
 10
2572.457434449175
 20
2367.873409564772
 30
1.85e-14
 11
2571.973993911711
 21
2367.873409564772
 31
1.85e-14
1001
AcDbBlockRepETag
1070
1
1071
22
1005
7C1E
  0
LWPOLYLINE
  5
7C1F
330
7C1A
100
AcDbEntity
  8
0
 62
160
100
AcDbPolyline
 90
4
 70
1
 10
2571.76868624718
 20
2368.828628615377
 10
2573.074564189268
 20
2368.828628615377
 10
2573.074564189268
 20
2367.52275067329
 10
2571.76868624718
 20
2367.52275067329
1001
AcDbBlockRepETag
1070
1
1071
23
1005
7C1F
  0
LINE
  5
7C20
330
7C1A
100
AcDbEntity
  8
0
 62
160
100
AcDbLine
 10
2572.215714180444
 20
2368.404783752673
 30
1.85e-14
 11
2571.973993911711
 21
2367.873409564772
 31
1.85e-14
1001
AcDbBlockRepETag
1070
1
1071
24
1005
7C20
  0
LINE
  5
7C21
330
7C1A
100
AcDbEntity
  8
0
 62
160
100
AcDbLine
 10
2572.457432798771
 20
2368.380630279418
 30
1.85e-14
 11
2572.940873336228
 21
2368.380630279418
 31
1.85e-14
1001
AcDbBlockRepETag
1070
1
1071
25
1005
7C21
  0
LINE
  5
7C22
330
7C1A
100
AcDbEntity
  8
0
 62
160
100
AcDbLine
 10
2572.699153067502
 20
2367.849256091514
 30
1.85e-14
 11
2572.940873336228
 21
2368.380630279418
 31
1.85e-14
1001
AcDbBlockRepETag
1070
1
1071
26
1005
7C22
  0
LINE
  5
7C23
330
7C1A
100
AcDbEntity
  8
0
 62
160
100
AcDbLine
 10
2572.699153067502
 20
2367.849256091514
 30
1.85e-14
 11
2572.457432798771
 21
2368.380630279418
 31
1.85e-14
1001
AcDbBlockRepETag
1070
1
1071
27
1005
7C23
  0
ENDBLK
  5
7C1C
330
7C1A
100
AcDbEntity
  8
0
100
AcDbBlockEnd
  0
BLOCK
  5
7C26
330
7C25
100
AcDbEntity
  8
0
100
AcDbBlockBegin
  2
Hotelcardschalter
 70
0
 10
0.0
 20
0.0
 30
0.0
  3
Hotelcardschalter
  1

  0
LWPOLYLINE
  5
7C28
330
7C25
100
AcDbEntity
  8
0
 62
160
100
AcDbPolyline
 90
4
 70
1
 10
2571.780084626354
 20
2346.938934797747
 10
2573.085962568442
 20
2346.938934797747
 10
2573.085962568442
 20
2345.63305685566
 10
2571.780084626354
 20
2345.63305685566
1001
AcDbBlockRepETag
1070
1
1071
23
1005
7C28
  0
LWPOLYLINE
  5
7C29
330
7C25
100
AcDbEntity
  8
0
 62
160
100
AcDbPolyline
 90
8
 70
1
 10
2572.002891866176
 20
2346.578391511523
 10
2572.863155328621
 20
2346.578391511523
 42
-0.4142135623730951
 10
2572.993743122829
 20
2346.447803717314
 10
2572.993743122829
 20
2346.124187936093
 42
-0.4142135623730875
 10
2572.863155328621
 20
2345.993600141884
 10
2572.002891866176
 20
2345.993600141885
 42
-0.4142135623730951
 10
2571.872304071967
 20
2346.124187936093
 10
2571.872304071967
 20
2346.447803717314
 42
-0.4142135623730875
1001
AcDbBlockRepETag
1070
1
1071
267
1005
7C29
  0
LWPOLYLINE
  5
7C2A
330
7C25
100
AcDbEntity
  8
0
 62
160
100
AcDbPolyline
 90
4
 70
1
 10
2571.965893140475
 20
2346.38001670596
 10
2572.900154054321
 20
2346.38001670596
 10
2572.900154054321
 20
2346.191974947447
 10
2571.965893140475
 20
2346.191974947447
1001
AcDbBlockRepETag
1070
1
1071
276
1005
7C2A
  0
LINE
  5
7C2B
330
7C25
100
AcDbEntity
  8
0
 62
160
100
AcDbLine
 10
2571.965893140475
 20
2346.285995826704
 30
1.85e-14
 11
2572.900154054321
 21
2346.285995826704
 31
1.85e-14
1001
AcDbBlockRepETag
1070
1
1071
277
1005
7C2B
  0
ENDBLK
  5
7C27
330
7C25
100
AcDbEntity
  8
0
100
AcDbBlockEnd
  0
BLOCK
  5
8FE8
330
8FE7
100
AcDbEntity
  8
0
100
AcDbBlockBegin
  2
Steckdose 1-Fach
 70
0
 10
0.0
 20
0.0
 30
0.0
  3
Steckdose 1-Fach
  1

  0
LINE
  5
8FEA
330
8FE7
100
AcDbEntity
  8
0
 62
160
100
AcDbLine
 10
2572.400252529412
 20
2342.192314716597
 30
1.85e-14
 11
2572.400252529412
 21
2341.376141002793
 31
1.85e-14
1001
AcDbBlockRepETag
1070
1
1071
0
1005
8FEA
  0
LINE
  5
8FEB
330
8FE7
100
AcDbEntity
  8
0
 62
160
100
AcDbLine
 10
2572.808339386313
 20
2342.192314716597
 30
1.85e-14
 11
2571.992165672509
 21
2342.192314716597
 31
1.85e-14
1001
AcDbBlockRepETag
1070
1
1071
1
1005
8FEB
  0
ARC
  5
8FEC
330
8FE7
100
AcDbEntity
  8
0
 62
160
100
AcDbCircle
 10
2572.400252529412
 20
2342.600401573499
 30
1.85e-14
 40
0.4080868569022705
100
AcDbArc
 50
180.0
 51
0.0
1001
AcDbBlockRepETag
1070
1
1071
2
1005
8FEC
  0
ENDBLK
  5
8FE9
330
8FE7
100
AcDbEntity
  8
0
100
AcDbBlockEnd
  0
BLOCK
  5
8FEF
330
8FEE
100
AcDbEntity
  8
0
100
AcDbBlockBegin
  2
EDV-Steckdose 1-Fach
 70
0
 10
0.0
 20
0.0
 30
0.0
  3
EDV-Steckdose 1-Fach
  1

  0
TEXT
  5
8FF1
330
8FEE
100
AcDbEntity
  8
0
 62
5
100
AcDbText
 10
2571.746063492916
 20
2340.140009321633
 30
1.85e-14
 40
0.6529389710436801
  1
EDV
  7
ET_LEGENDE - Wohnung$0$ROMANS
 41
0.6
 72
1
 11
2572.315053167683
 21
2339.922362997952
 31
1.85e-14
100
AcDbText
 73
1
1001
AcDbBlockRepETag
1070
1
1071
53
1005
8FF1
1001
ACAD
1000
ACAD_MTEXT_DEFINED_HEIGHT_BEGIN
1070
46
1040
79.83317497237289
1000
ACAD_MTEXT_DEFINED_HEIGHT_END
  0
LINE
  5
8FF2
330
8FEE
100
AcDbEntity
  8
0
 62
5
100
AcDbLine
 10
2572.315053167683
 20
2339.51427614105
 30
1.85e-14
 11
2572.315053167683
 21
2338.698102427246
 31
1.85e-14
1001
AcDbBlockRepETag
1070
1
1071
0
1005
8FF2
  0
LINE
  5
8FF3
330
8FEE
100
AcDbEntity
  8
0
 62
5
100
AcDbLine
 10
2572.723140024586
 20
2339.51427614105
 30
1.85e-14
 11
2571.90696631078
 21
2339.51427614105
 31
1.85e-14
1001
AcDbBlockRepETag
1070
1
1071
1
1005
8FF3
  0
ARC
  5
8FF4
330
8FEE
100
AcDbEntity
  8
0
 62
5
100
AcDbCircle
 10
2572.315053167683
 20
2339.922362997952
 30
1.85e-14
 40
0.4080868569022705
100
AcDbArc
 50
180.0
 51
0.0
1001
AcDbBlockRepETag
1070
1
1071
2
1005
8FF4
  0
ENDBLK
  5
8FF0
330
8FEE
100
AcDbEntity
  8
0
100
AcDbBlockEnd
  0
BLOCK
  5
8FF7
330
8FF6
100
AcDbEntity
  8
0
100
AcDbBlockBegin
  2
Steckdose 1-Fach geschalten
 70
0
 10
0.0
 20
0.0
 30
0.0
  3
Steckdose 1-Fach geschalten
  1

  0
LINE
  5
8FF9
330
8FF6
100
AcDbEntity
  8
0
  6
ByBlock
 62
160
100
AcDbLine
 10
2572.265099655755
 20
2335.848655915863
 30
1.85e-14
 11
2571.878222009948
 21
2335.33507715311
 31
1.85e-14
1001
AcDbBlockRepETag
1070
1
1071
33
1005
8FF9
  0
LINE
  5
8FFA
330
8FF6
100
AcDbEntity
  8
0
  6
ByBlock
 62
160
100
AcDbLine
 10
2571.878222009948
 20
2335.33507715311
 30
1.85e-14
 11
2571.878222009948
 21
2335.33507715311
 31
1.85e-14
1001
AcDbBlockRepETag
1070
1
1071
34
1005
8FFA
  0
LINE
  5
8FFB
330
8FF6
100
AcDbEntity
  8
0
  6
ByBlock
 62
160
100
AcDbLine
 10
2571.878222009948
 20
2335.33507715311
 30
1.85e-14
 11
2571.733266342207
 21
2335.439431036185
 31
1.85e-14
1001
AcDbBlockRepETag
1070
1
1071
35
1005
8FFB
  0
LINE
  5
8FFC
330
8FF6
100
AcDbEntity
  8
0
 62
160
100
AcDbLine
 10
2572.265099655755
 20
2335.848655915863
 30
1.85e-14
 11
2572.265099655755
 21
2335.032482202059
 31
1.85e-14
1001
AcDbBlockRepETag
1070
1
1071
0
1005
8FFC
  0
LINE
  5
8FFD
330
8FF6
100
AcDbEntity
  8
0
 62
160
100
AcDbLine
 10
2572.673186512657
 20
2335.848655915863
 30
1.85e-14
 11
2571.857012798853
 21
2335.848655915863
 31
1.85e-14
1001
AcDbBlockRepETag
1070
1
1071
1
1005
8FFD
  0
ARC
  5
8FFE
330
8FF6
100
AcDbEntity
  8
0
 62
160
100
AcDbCircle
 10
2572.265099655755
 20
2336.256742772765
 30
1.85e-14
 40
0.4080868569022705
100
AcDbArc
 50
180.0
 51
0.0
1001
AcDbBlockRepETag
1070
1
1071
2
1005
8FFE
  0
ENDBLK
  5
8FF8
330
8FF6
100
AcDbEntity
  8
0
100
AcDbBlockEnd
  0
BLOCK
  5
9001
330
9000
100
AcDbEntity
  8
0
100
AcDbBlockBegin
  2
Steckdose 2-Fach
 70
0
 10
0.0
 20
0.0
 30
0.0
  3
Steckdose 2-Fach
  1

  0
LINE
  5
9003
330
9000
100
AcDbEntity
  8
ET_LEGENDE - Wohnung$0$800_KO_HI____L
 62
160
100
AcDbLine
 10
2571.841636176094
 20
2333.017171297848
 30
1.85e-14
 11
2571.841636176094
 21
2332.200997584044
 31
1.85e-14
1001
AcDbBlockRepETag
1070
1
1071
46
1005
9003
  0
LINE
  5
9004
330
9000
100
AcDbEntity
  8
0
 62
160
100
AcDbLine
 10
2572.251424212774
 20
2333.016320707959
 30
1.85e-14
 11
2572.251424212774
 21
2332.200146994154
 31
1.85e-14
1001
AcDbBlockRepETag
1070
1
1071
47
1005
9004
  0
ARC
  5
9005
330
9000
100
AcDbEntity
  8
0
 62
160
100
AcDbCircle
 10
2571.841636176094
 20
2333.42525815475
 30
1.85e-14
 40
0.4080868569022705
100
AcDbArc
 50
180.0
 51
0.0
1001
AcDbBlockRepETag
1070
1
1071
12
1005
9005
  0
ARC
  5
9006
330
9000
100
AcDbEntity
  8
0
 62
160
100
AcDbCircle
 10
2572.659511069676
 20
2333.424407564861
 30
1.85e-14
 40
0.4080868569022705
100
AcDbArc
 50
180.0
 51
0.0
1001
AcDbBlockRepETag
1070
1
1071
13
1005
9006
  0
LINE
  5
9007
330
9000
100
AcDbEntity
  8
0
 62
160
100
AcDbLine
 10
2571.433549319191
 20
2333.016320707959
 30
1.85e-14
 11
2573.069299106357
 21
2333.016320707959
 31
1.85e-14
1001
AcDbBlockRepETag
1070
1
1071
14
1005
9007
  0
LINE
  5
9008
330
9000
100
AcDbEntity
  8
ET_LEGENDE - Wohnung$0$800_KO_HI____L
 62
160
100
AcDbLine
 10
2572.659511069676
 20
2333.016320707959
 30
1.85e-14
 11
2572.659511069676
 21
2332.200146994154
 31
1.85e-14
1001
AcDbBlockRepETag
1070
1
1071
54
1005
9008
  0
ENDBLK
  5
9002
330
9000
100
AcDbEntity
  8
0
100
AcDbBlockEnd
  0
BLOCK
  5
900B
330
900A
100
AcDbEntity
  8
0
100
AcDbBlockBegin
  2
EDV-Steckdose 2-Fach
 70
0
 10
0.0
 20
0.0
 30
0.0
  3
EDV-Steckdose 2-Fach
  1

  0
TEXT
  5
900D
330
900A
100
AcDbEntity
  8
0
 62
160
100
AcDbText
 10
2571.696602897568
 20
2330.634179538024
 30
1.85e-14
 40
0.6529389710436801
  1
EDV
  7
ET_LEGENDE - Wohnung$0$ROMANS
 41
0.6
 72
1
 11
2572.265592572335
 21
2330.416533214343
 31
1.85e-14
100
AcDbText
 73
1
1001
AcDbBlockRepETag
1070
1
1071
53
1005
900D
1001
ACAD
1000
ACAD_MTEXT_DEFINED_HEIGHT_BEGIN
1070
46
1040
79.83317497237289
1000
ACAD_MTEXT_DEFINED_HEIGHT_END
  0
LINE
  5
900E
330
900A
100
AcDbEntity
  8
ET_LEGENDE - Wohnung$0$800_KO_HI____L
 62
160
100
AcDbLine
 10
2571.855804535655
 20
2330.00929694733
 30
1.85e-14
 11
2571.855804535655
 21
2329.193123233526
 31
1.85e-14
1001
AcDbBlockRepETag
1070
1
1071
46
1005
900E
  0
LINE
  5
900F
330
900A
100
AcDbEntity
  8
0
 62
160
100
AcDbLine
 10
2572.265592572335
 20
2330.008446357441
 30
1.85e-14
 11
2572.265592572335
 21
2329.192272643636
 31
1.85e-14
1001
AcDbBlockRepETag
1070
1
1071
47
1005
900F
  0
ARC
  5
9010
330
900A
100
AcDbEntity
  8
0
 62
160
100
AcDbCircle
 10
2571.855804535655
 20
2330.417383804233
 30
1.85e-14
 40
0.4080868569022705
100
AcDbArc
 50
180.0
 51
0.0
1001
AcDbBlockRepETag
1070
1
1071
12
1005
9010
  0
ARC
  5
9011
330
900A
100
AcDbEntity
  8
0
 62
160
100
AcDbCircle
 10
2572.673679429238
 20
2330.416533214343
 30
1.85e-14
 40
0.4080868569022705
100
AcDbArc
 50
180.0
 51
0.0
1001
AcDbBlockRepETag
1070
1
1071
13
1005
9011
  0
LINE
  5
9012
330
900A
100
AcDbEntity
  8
0
 62
160
100
AcDbLine
 10
2571.447717678752
 20
2330.008446357441
 30
1.85e-14
 11
2573.083467465918
 21
2330.008446357441
 31
1.85e-14
1001
AcDbBlockRepETag
1070
1
1071
14
1005
9012
  0
LINE
  5
9013
330
900A
100
AcDbEntity
  8
ET_LEGENDE - Wohnung$0$800_KO_HI____L
 62
160
100
AcDbLine
 10
2572.673679429238
 20
2330.008446357441
 30
1.85e-14
 11
2572.673679429238
 21
2329.192272643636
 31
1.85e-14
1001
AcDbBlockRepETag
1070
1
1071
54
1005
9013
  0
ENDBLK
  5
900C
330
900A
100
AcDbEntity
  8
0
100
AcDbBlockEnd
  0
BLOCK
  5
9016
330
9015
100
AcDbEntity
  8
0
100
AcDbBlockBegin
  2
Steckdose 3-Fach
 70
0
 10
0.0
 20
0.0
 30
0.0
  3
Steckdose 3-Fach
  1

  0
LINE
  5
9018
330
9015
100
AcDbEntity
  8
ET_LEGENDE - Wohnung$0$800_KO_HI____L
 62
160
100
AcDbLine
 10
2571.401380362448
 20
2326.494658630378
 30
1.85e-14
 11
2571.401380362448
 21
2325.678484916574
 31
1.85e-14
1001
AcDbBlockRepETag
1070
1
1071
48
1005
9018
  0
LINE
  5
9019
330
9015
100
AcDbEntity
  8
ET_LEGENDE - Wohnung$0$800_KO_HI____L
 62
160
100
AcDbLine
 10
2573.037130149614
 20
2326.494658630378
 30
1.85e-14
 11
2573.037130149614
 21
2325.678484916574
 31
1.85e-14
1001
AcDbBlockRepETag
1070
1
1071
49
1005
9019
  0
LINE
  5
901A
330
9015
100
AcDbEntity
  8
0
 62
160
100
AcDbLine
 10
2572.22010584592
 20
2326.494658630378
 30
1.85e-14
 11
2572.22010584592
 21
2325.678484916574
 31
1.85e-14
1001
AcDbBlockRepETag
1070
1
1071
0
1005
901A
  0
LINE
  5
901B
330
9015
100
AcDbEntity
  8
0
 62
160
100
AcDbLine
 10
2572.628192702822
 20
2326.494658630378
 30
1.85e-14
 11
2571.812018989018
 21
2326.494658630378
 31
1.85e-14
1001
AcDbBlockRepETag
1070
1
1071
1
1005
901B
  0
ARC
  5
901C
330
9015
100
AcDbEntity
  8
0
 62
160
100
AcDbCircle
 10
2572.22010584592
 20
2326.902745487281
 30
1.85e-14
 40
0.4080868569022705
100
AcDbArc
 50
180.0
 51
0.0
1001
AcDbBlockRepETag
1070
1
1071
2
1005
901C
  0
LINE
  5
901D
330
9015
100
AcDbEntity
  8
0
 62
160
100
AcDbLine
 10
2571.80946721935
 20
2326.494658630378
 30
1.85e-14
 11
2570.993293505546
 21
2326.494658630378
 31
1.85e-14
1001
AcDbBlockRepETag
1070
1
1071
8
1005
901D
  0
ARC
  5
901E
330
9015
100
AcDbEntity
  8
0
 62
160
100
AcDbCircle
 10
2571.401380362448
 20
2326.902745487281
 30
1.85e-14
 40
0.4080868569022705
100
AcDbArc
 50
180.0
 51
0.0
1001
AcDbBlockRepETag
1070
1
1071
9
1005
901E
  0
LINE
  5
901F
330
9015
100
AcDbEntity
  8
0
 62
160
100
AcDbLine
 10
2573.445217006516
 20
2326.494658630378
 30
1.85e-14
 11
2572.629043292713
 21
2326.494658630378
 31
1.85e-14
1001
AcDbBlockRepETag
1070
1
1071
10
1005
901F
  0
ARC
  5
9020
330
9015
100
AcDbEntity
  8
0
 62
160
100
AcDbCircle
 10
2573.037130149614
 20
2326.902745487281
 30
1.85e-14
 40
0.4080868569022705
100
AcDbArc
 50
180.0
 51
0.0
1001
AcDbBlockRepETag
1070
1
1071
11
1005
9020
  0
ENDBLK
  5
9017
330
9015
100
AcDbEntity
  8
0
100
AcDbBlockEnd
  0
BLOCK
  5
9023
330
9022
100
AcDbEntity
  8
0
100
AcDbBlockBegin
  2
EDV-Steckdose 3-Fach
 70
0
 10
0.0
 20
0.0
 30
0.0
  3
EDV-Steckdose 3-Fach
  1

  0
TEXT
  5
9025
330
9022
100
AcDbEntity
  8
0
 62
160
100
AcDbText
 10
2571.588740650692
 20
2323.398280547973
 30
1.85e-14
 40
0.6529389710436801
  1
EDV
  7
ET_LEGENDE - Wohnung$0$ROMANS
 41
0.6
 72
1
 11
2572.157730325459
 21
2323.180634224292
 31
1.85e-14
100
AcDbText
 73
1
1001
AcDbBlockRepETag
1070
1
1071
53
1005
9025
1001
ACAD
1000
ACAD_MTEXT_DEFINED_HEIGHT_BEGIN
1070
46
1040
79.83317497237289
1000
ACAD_MTEXT_DEFINED_HEIGHT_END
  0
LINE
  5
9026
330
9022
100
AcDbEntity
  8
ET_LEGENDE - Wohnung$0$800_KO_HI____L
 62
160
100
AcDbLine
 10
2571.339004841986
 20
2322.77254736739
 30
1.85e-14
 11
2571.339004841986
 21
2321.956373653586
 31
1.85e-14
1001
AcDbBlockRepETag
1070
1
1071
48
1005
9026
  0
LINE
  5
9027
330
9022
100
AcDbEntity
  8
ET_LEGENDE - Wohnung$0$800_KO_HI____L
 62
160
100
AcDbLine
 10
2572.974754629154
 20
2322.77254736739
 30
1.85e-14
 11
2572.974754629154
 21
2321.956373653586
 31
1.85e-14
1001
AcDbBlockRepETag
1070
1
1071
49
1005
9027
  0
LINE
  5
9028
330
9022
100
AcDbEntity
  8
0
 62
160
100
AcDbLine
 10
2572.157730325459
 20
2322.77254736739
 30
1.85e-14
 11
2572.157730325459
 21
2321.956373653586
 31
1.85e-14
1001
AcDbBlockRepETag
1070
1
1071
0
1005
9028
  0
LINE
  5
9029
330
9022
100
AcDbEntity
  8
0
 62
160
100
AcDbLine
 10
2572.565817182361
 20
2322.77254736739
 30
1.85e-14
 11
2571.749643468557
 21
2322.77254736739
 31
1.85e-14
1001
AcDbBlockRepETag
1070
1
1071
1
1005
9029
  0
ARC
  5
902A
330
9022
100
AcDbEntity
  8
0
 62
160
100
AcDbCircle
 10
2572.157730325459
 20
2323.180634224292
 30
1.85e-14
 40
0.4080868569022705
100
AcDbArc
 50
180.0
 51
0.0
1001
AcDbBlockRepETag
1070
1
1071
2
1005
902A
  0
LINE
  5
902B
330
9022
100
AcDbEntity
  8
0
 62
160
100
AcDbLine
 10
2571.747091698889
 20
2322.77254736739
 30
1.85e-14
 11
2570.930917985084
 21
2322.77254736739
 31
1.85e-14
1001
AcDbBlockRepETag
1070
1
1071
8
1005
902B
  0
ARC
  5
902C
330
9022
100
AcDbEntity
  8
0
 62
160
100
AcDbCircle
 10
2571.339004841986
 20
2323.180634224292
 30
1.85e-14
 40
0.4080868569022705
100
AcDbArc
 50
180.0
 51
0.0
1001
AcDbBlockRepETag
1070
1
1071
9
1005
902C
  0
LINE
  5
902D
330
9022
100
AcDbEntity
  8
0
 62
160
100
AcDbLine
 10
2573.382841486055
 20
2322.77254736739
 30
1.85e-14
 11
2572.566667772251
 21
2322.77254736739
 31
1.85e-14
1001
AcDbBlockRepETag
1070
1
1071
10
1005
902D
  0
ARC
  5
902E
330
9022
100
AcDbEntity
  8
0
 62
160
100
AcDbCircle
 10
2572.974754629154
 20
2323.180634224292
 30
1.85e-14
 40
0.4080868569022705
100
AcDbArc
 50
180.0
 51
0.0
1001
AcDbBlockRepETag
1070
1
1071
11
1005
902E
  0
ENDBLK
  5
9024
330
9022
100
AcDbEntity
  8
0
100
AcDbBlockEnd
  0
BLOCK
  5
9031
330
9030
100
AcDbEntity
  8
0
100
AcDbBlockBegin
  2
Steckdose mit Klappdeckel 1-Fach
 70
0
 10
0.0
 20
0.0
 30
0.0
  3
Steckdose mit Klappdeckel 1-Fach
  1

  0
LINE
  5
9033
330
9030
100
AcDbEntity
  8
0
 62
160
100
AcDbLine
 10
2572.17526469613
 20
2319.119038666167
 30
1.85e-14
 11
2572.17526469613
 21
2318.302864952363
 31
1.85e-14
1001
AcDbBlockRepETag
1070
1
1071
0
1005
9033
  0
LINE
  5
9034
330
9030
100
AcDbEntity
  8
0
 62
160
100
AcDbLine
 10
2572.583351553031
 20
2319.119038666167
 30
1.85e-14
 11
2571.767177839227
 21
2319.119038666167
 31
1.85e-14
1001
AcDbBlockRepETag
1070
1
1071
1
1005
9034
  0
ARC
  5
9035
330
9030
100
AcDbEntity
  8
0
 62
160
100
AcDbCircle
 10
2572.17526469613
 20
2319.52712552307
 30
1.85e-14
 40
0.4080868569022705
100
AcDbArc
 50
180.0
 51
0.0
1001
AcDbBlockRepETag
1070
1
1071
2
1005
9035
  0
LINE
  5
9036
330
9030
100
AcDbEntity
  8
0
 62
160
100
AcDbLine
 10
2572.643814487314
 20
2319.594985147608
 30
1.85e-14
 11
2571.700916014869
 21
2319.594985147608
 31
1.85e-14
1001
AcDbBlockRepETag
1070
1
1071
15
1005
9036
  0
LINE
  5
9037
330
9030
100
AcDbEntity
  8
0
 62
160
100
AcDbLine
 10
2571.700916014869
 20
2318.95542261688
 30
1.85e-14
 11
2572.643814487314
 21
2318.95542261688
 31
1.85e-14
1001
AcDbBlockRepETag
1070
1
1071
16
1005
9037
  0
LINE
  5
9038
330
9030
100
AcDbEntity
  8
0
 62
160
100
AcDbLine
 10
2571.700916014869
 20
2319.594985147608
 30
1.85e-14
 11
2571.700916014869
 21
2318.95542261688
 31
1.85e-14
1001
AcDbBlockRepETag
1070
1
1071
17
1005
9038
  0
LINE
  5
9039
330
9030
100
AcDbEntity
  8
0
 62
160
100
AcDbLine
 10
2572.643814487314
 20
2318.95542261688
 30
1.85e-14
 11
2572.643814487314
 21
2319.594985147608
 31
1.85e-14
1001
AcDbBlockRepETag
1070
1
1071
18
1005
9039
  0
ENDBLK
  5
9032
330
9030
100
AcDbEntity
  8
0
100
AcDbBlockEnd
  0
BLOCK
  5
903C
330
903B
100
AcDbEntity
  8
0
100
AcDbBlockBegin
  2
Steckdose mit Klappdeckel 2-Fach
 70
0
 10
0.0
 20
0.0
 30
0.0
  3
Steckdose mit Klappdeckel 2-Fach
  1

  0
LINE
  5
903E
330
903B
100
AcDbEntity
  8
ET_LEGENDE - Wohnung$0$800_KO_HI____L
 62
160
100
AcDbLine
 10
2571.791773700028
 20
2316.366259092888
 30
1.85e-14
 11
2571.791773700028
 21
2315.550085379084
 31
1.85e-14
1001
AcDbBlockRepETag
1070
1
1071
46
1005
903E
  0
LINE
  5
903F
330
903B
100
AcDbEntity
  8
0
 62
160
100
AcDbLine
 10
2572.201561736708
 20
2316.365408502999
 30
1.85e-14
 11
2572.201561736708
 21
2315.549234789195
 31
1.85e-14
1001
AcDbBlockRepETag
1070
1
1071
47
1005
903F
  0
ARC
  5
9040
330
903B
100
AcDbEntity
  8
0
 62
160
100
AcDbCircle
 10
2571.791773700028
 20
2316.774345949791
 30
1.85e-14
 40
0.4080868569022705
100
AcDbArc
 50
180.0
 51
0.0
1001
AcDbBlockRepETag
1070
1
1071
12
1005
9040
  0
ARC
  5
9041
330
903B
100
AcDbEntity
  8
0
 62
160
100
AcDbCircle
 10
2572.609648593611
 20
2316.773495359901
 30
1.85e-14
 40
0.4080868569022705
100
AcDbArc
 50
180.0
 51
0.0
1001
AcDbBlockRepETag
1070
1
1071
13
1005
9041
  0
LINE
  5
9042
330
903B
100
AcDbEntity
  8
0
 62
160
100
AcDbLine
 10
2571.383686843125
 20
2316.365408502999
 30
1.85e-14
 11
2573.019436630291
 21
2316.365408502999
 31
1.85e-14
1001
AcDbBlockRepETag
1070
1
1071
14
1005
9042
  0
LINE
  5
9043
330
903B
100
AcDbEntity
  8
0
 62
160
100
AcDbLine
 10
2573.079048974685
 20
2316.84135498444
 30
1.85e-14
 11
2571.318275608657
 21
2316.84135498444
 31
1.85e-14
1001
AcDbBlockRepETag
1070
1
1071
19
1005
9043
  0
LINE
  5
9044
330
903B
100
AcDbEntity
  8
0
 62
160
100
AcDbLine
 10
2571.318275608658
 20
2316.201792453712
 30
1.85e-14
 11
2573.079048974685
 21
2316.201792453713
 31
1.85e-14
1001
AcDbBlockRepETag
1070
1
1071
20
1005
9044
  0
LINE
  5
9045
330
903B
100
AcDbEntity
  8
0
 62
160
100
AcDbLine
 10
2571.318275608657
 20
2316.84135498444
 30
1.85e-14
 11
2571.318275608658
 21
2316.201792453712
 31
1.85e-14
1001
AcDbBlockRepETag
1070
1
1071
21
1005
9045
  0
LINE
  5
9046
330
903B
100
AcDbEntity
  8
0
 62
160
100
AcDbLine
 10
2573.079048974685
 20
2316.201792453713
 30
1.85e-14
 11
2573.079048974685
 21
2316.84135498444
 31
1.85e-14
1001
AcDbBlockRepETag
1070
1
1071
22
1005
9046
  0
LINE
  5
9047
330
903B
100
AcDbEntity
  8
ET_LEGENDE - Wohnung$0$800_KO_HI____L
 62
160
100
AcDbLine
 10
2572.609648593611
 20
2316.365408502999
 30
1.85e-14
 11
2572.609648593611
 21
2315.549234789195
 31
1.85e-14
1001
AcDbBlockRepETag
1070
1
1071
54
1005
9047
  0
ENDBLK
  5
903D
330
903B
100
AcDbEntity
  8
0
100
AcDbBlockEnd
  0
BLOCK
  5
904A
330
9049
100
AcDbEntity
  8
0
100
AcDbBlockBegin
  2
Steckdose mit Klappdeckel 3-Fach
 70
0
 10
0.0
 20
0.0
 30
0.0
  3
Steckdose mit Klappdeckel 3-Fach
  1

  0
LINE
  5
904C
330
9049
100
AcDbEntity
  8
ET_LEGENDE - Wohnung$0$800_KO_HI____L
 62
160
100
AcDbLine
 10
2571.510844070545
 20
2313.78294943531
 30
1.85e-14
 11
2571.510844070545
 21
2312.966775721505
 31
1.85e-14
1001
AcDbBlockRepETag
1070
1
1071
48
1005
904C
  0
LINE
  5
904D
330
9049
100
AcDbEntity
  8
ET_LEGENDE - Wohnung$0$800_KO_HI____L
 62
160
100
AcDbLine
 10
2573.146593857712
 20
2313.78294943531
 30
1.85e-14
 11
2573.146593857712
 21
2312.966775721505
 31
1.85e-14
1001
AcDbBlockRepETag
1070
1
1071
49
1005
904D
  0
LINE
  5
904E
330
9049
100
AcDbEntity
  8
0
 62
160
100
AcDbLine
 10
2572.329569554018
 20
2313.78294943531
 30
1.85e-14
 11
2572.329569554018
 21
2312.966775721505
 31
1.85e-14
1001
AcDbBlockRepETag
1070
1
1071
0
1005
904E
  0
LINE
  5
904F
330
9049
100
AcDbEntity
  8
0
 62
160
100
AcDbLine
 10
2572.73765641092
 20
2313.78294943531
 30
1.85e-14
 11
2571.921482697116
 21
2313.78294943531
 31
1.85e-14
1001
AcDbBlockRepETag
1070
1
1071
1
1005
904F
  0
ARC
  5
9050
330
9049
100
AcDbEntity
  8
0
 62
160
100
AcDbCircle
 10
2572.329569554018
 20
2314.191036292212
 30
1.85e-14
 40
0.4080868569022705
100
AcDbArc
 50
180.0
 51
0.0
1001
AcDbBlockRepETag
1070
1
1071
2
1005
9050
  0
LINE
  5
9051
330
9049
100
AcDbEntity
  8
0
 62
160
100
AcDbLine
 10
2571.918930927448
 20
2313.78294943531
 30
1.85e-14
 11
2571.102757213643
 21
2313.78294943531
 31
1.85e-14
1001
AcDbBlockRepETag
1070
1
1071
8
1005
9051
  0
ARC
  5
9052
330
9049
100
AcDbEntity
  8
0
 62
160
100
AcDbCircle
 10
2571.510844070545
 20
2314.191036292212
 30
1.85e-14
 40
0.4080868569022705
100
AcDbArc
 50
180.0
 51
0.0
1001
AcDbBlockRepETag
1070
1
1071
9
1005
9052
  0
LINE
  5
9053
330
9049
100
AcDbEntity
  8
0
 62
160
100
AcDbLine
 10
2573.554680714614
 20
2313.78294943531
 30
1.85e-14
 11
2572.73850700081
 21
2313.78294943531
 31
1.85e-14
1001
AcDbBlockRepETag
1070
1
1071
10
1005
9053
  0
ARC
  5
9054
330
9049
100
AcDbEntity
  8
0
 62
160
100
AcDbCircle
 10
2573.146593857712
 20
2314.191036292212
 30
1.85e-14
 40
0.4080868569022705
100
AcDbArc
 50
180.0
 51
0.0
1001
AcDbBlockRepETag
1070
1
1071
11
1005
9054
  0
LINE
  5
9055
330
9049
100
AcDbEntity
  8
0
 62
160
100
AcDbLine
 10
2573.615994238784
 20
2314.258895916749
 30
1.85e-14
 11
2571.037345979178
 21
2314.258895916749
 31
1.85e-14
1001
AcDbBlockRepETag
1070
1
1071
23
1005
9055
  0
LINE
  5
9056
330
9049
100
AcDbEntity
  8
0
 62
160
100
AcDbLine
 10
2571.037345979178
 20
2313.619333386023
 30
1.85e-14
 11
2573.615994238784
 21
2313.619333386023
 31
1.85e-14
1001
AcDbBlockRepETag
1070
1
1071
24
1005
9056
  0
LINE
  5
9057
330
9049
100
AcDbEntity
  8
0
 62
160
100
AcDbLine
 10
2571.037345979178
 20
2314.258895916749
 30
1.85e-14
 11
2571.037345979178
 21
2313.619333386023
 31
1.85e-14
1001
AcDbBlockRepETag
1070
1
1071
25
1005
9057
  0
LINE
  5
9058
330
9049
100
AcDbEntity
  8
0
 62
160
100
AcDbLine
 10
2573.615994238784
 20
2313.619333386023
 30
1.85e-14
 11
2573.615994238784
 21
2314.258895916749
 31
1.85e-14
1001
AcDbBlockRepETag
1070
1
1071
26
1005
9058
  0
ENDBLK
  5
904B
330
9049
100
AcDbEntity
  8
0
100
AcDbBlockEnd
  0
BLOCK
  5
905B
330
905A
100
AcDbEntity
  8
0
100
AcDbBlockBegin
  2
Steckdose mit 16A
 70
0
 10
0.0
 20
0.0
 30
0.0
  3
Steckdose mit 16A
  1

  0
LINE
  5
905D
330
905A
100
AcDbEntity
  8
0
 62
160
100
AcDbLine
 10
2572.359924857092
 20
2310.739762156684
 30
1.85e-14
 11
2571.993370626593
 21
2310.560394158201
 31
1.85e-14
1001
AcDbBlockRepETag
1070
1
1071
28
1005
905D
  0
LINE
  5
905E
330
905A
100
AcDbEntity
  8
0
 62
160
100
AcDbLine
 10
2572.359924857092
 20
2310.805301405272
 30
1.85e-14
 11
2571.993370626593
 21
2310.625933406789
 31
1.85e-14
1001
AcDbBlockRepETag
1070
1
1071
29
1005
905E
  0
LINE
  5
905F
330
905A
100
AcDbEntity
  8
0
 62
160
100
AcDbLine
 10
2572.359924857092
 20
2310.87084065386
 30
1.85e-14
 11
2571.993370626593
 21
2310.691472655376
 31
1.85e-14
1001
AcDbBlockRepETag
1070
1
1071
30
1005
905F
  0
LINE
  5
9060
330
905A
100
AcDbEntity
  8
0
 62
160
100
AcDbLine
 10
2572.359924857092
 20
2310.936379902447
 30
1.85e-14
 11
2571.993370626593
 21
2310.757011903964
 31
1.85e-14
1001
AcDbBlockRepETag
1070
1
1071
31
1005
9060
  0
LINE
  5
9061
330
905A
100
AcDbEntity
  8
0
 62
160
100
AcDbLine
 10
2572.359924857092
 20
2311.001919151035
 30
1.85e-14
 11
2571.993370626593
 21
2310.822551152551
 31
1.85e-14
1001
AcDbBlockRepETag
1070
1
1071
32
1005
9061
  0
TEXT
  5
9062
330
905A
100
AcDbEntity
  8
0
 62
160
100
AcDbText
 10
2571.589002667904
 20
2311.742011760828
 30
1.85e-14
 40
0.6529389710436801
  1
16A
  7
ET_LEGENDE - Wohnung$0$ROMANS
 41
0.6
 72
1
 11
2572.176647741843
 21
2311.524365437147
 31
1.85e-14
100
AcDbText
 73
1
1001
AcDbBlockRepETag
1070
1
1071
50
1005
9062
1001
ACAD
1000
ACAD_MTEXT_DEFINED_HEIGHT_BEGIN
1070
46
1040
79.83317497237289
1000
ACAD_MTEXT_DEFINED_HEIGHT_END
  0
LINE
  5
9063
330
905A
100
AcDbEntity
  8
0
 62
160
100
AcDbLine
 10
2572.176647741843
 20
2311.116278580245
 30
1.85e-14
 11
2572.176647741843
 21
2310.30010486644
 31
1.85e-14
1001
AcDbBlockRepETag
1070
1
1071
0
1005
9063
  0
LINE
  5
9064
330
905A
100
AcDbEntity
  8
0
 62
160
100
AcDbLine
 10
2572.584734598745
 20
2311.116278580245
 30
1.85e-14
 11
2571.76856088494
 21
2311.116278580245
 31
1.85e-14
1001
AcDbBlockRepETag
1070
1
1071
1
1005
9064
  0
ARC
  5
9065
330
905A
100
AcDbEntity
  8
0
 62
160
100
AcDbCircle
 10
2572.176647741843
 20
2311.524365437147
 30
1.85e-14
 40
0.4080868569022705
100
AcDbArc
 50
180.0
 51
0.0
1001
AcDbBlockRepETag
1070
1
1071
2
1005
9065
  0
ENDBLK
  5
905C
330
905A
100
AcDbEntity
  8
0
100
AcDbBlockEnd
  0
BLOCK
  5
9068
330
9067
100
AcDbEntity
  8
0
100
AcDbBlockBegin
  2
Steckdose mit 32A
 70
0
 10
0.0
 20
0.0
 30
0.0
  3
Steckdose mit 32A
  1

  0
LINE
  5
906A
330
9067
100
AcDbEntity
  8
0
 62
160
100
AcDbLine
 10
2572.301923070837
 20
2307.338874834798
 30
1.85e-14
 11
2571.935368840339
 21
2307.159506836315
 31
1.85e-14
1001
AcDbBlockRepETag
1070
1
1071
28
1005
906A
  0
LINE
  5
906B
330
9067
100
AcDbEntity
  8
0
 62
160
100
AcDbLine
 10
2572.301923070837
 20
2307.404414083386
 30
1.85e-14
 11
2571.935368840339
 21
2307.225046084903
 31
1.85e-14
1001
AcDbBlockRepETag
1070
1
1071
29
1005
906B
  0
LINE
  5
906C
330
9067
100
AcDbEntity
  8
0
 62
160
100
AcDbLine
 10
2572.301923070837
 20
2307.469953331974
 30
1.85e-14
 11
2571.935368840339
 21
2307.29058533349
 31
1.85e-14
1001
AcDbBlockRepETag
1070
1
1071
30
1005
906C
  0
LINE
  5
906D
330
9067
100
AcDbEntity
  8
0
 62
160
100
AcDbLine
 10
2572.301923070837
 20
2307.535492580561
 30
1.85e-14
 11
2571.935368840339
 21
2307.356124582078
 31
1.85e-14
1001
AcDbBlockRepETag
1070
1
1071
31
1005
906D
  0
LINE
  5
906E
330
9067
100
AcDbEntity
  8
0
 62
160
100
AcDbLine
 10
2572.301923070837
 20
2307.601031829149
 30
1.85e-14
 11
2571.935368840339
 21
2307.421663830666
 31
1.85e-14
1001
AcDbBlockRepETag
1070
1
1071
32
1005
906E
  0
TEXT
  5
906F
330
9067
100
AcDbEntity
  8
0
 62
160
100
AcDbText
 10
2571.558983980408
 20
2308.341124438942
 30
1.85e-14
 40
0.6529389710436801
  1
32A
  7
ET_LEGENDE - Wohnung$0$ROMANS
 41
0.6
 72
1
 11
2572.118645955588
 21
2308.123478115261
 31
1.85e-14
100
AcDbText
 73
1
1001
AcDbBlockRepETag
1070
1
1071
51
1005
906F
1001
ACAD
1000
ACAD_MTEXT_DEFINED_HEIGHT_BEGIN
1070
46
1040
79.83317497237289
1000
ACAD_MTEXT_DEFINED_HEIGHT_END
  0
LINE
  5
9070
330
9067
100
AcDbEntity
  8
0
 62
160
100
AcDbLine
 10
2572.118645955588
 20
2307.715391258359
 30
1.85e-14
 11
2572.118645955588
 21
2306.899217544554
 31
1.85e-14
1001
AcDbBlockRepETag
1070
1
1071
0
1005
9070
  0
LINE
  5
9071
330
9067
100
AcDbEntity
  8
0
 62
160
100
AcDbLine
 10
2572.52673281249
 20
2307.715391258359
 30
1.85e-14
 11
2571.710559098686
 21
2307.715391258359
 31
1.85e-14
1001
AcDbBlockRepETag
1070
1
1071
1
1005
9071
  0
ARC
  5
9072
330
9067
100
AcDbEntity
  8
0
 62
160
100
AcDbCircle
 10
2572.118645955588
 20
2308.123478115261
 30
1.85e-14
 40
0.4080868569022705
100
AcDbArc
 50
180.0
 51
0.0
1001
AcDbBlockRepETag
1070
1
1071
2
1005
9072
  0
ENDBLK
  5
9069
330
9067
100
AcDbEntity
  8
0
100
AcDbBlockEnd
  0
BLOCK
  5
9075
330
9074
100
AcDbEntity
  8
0
100
AcDbBlockBegin
  2
Steckdose mit 63A
 70
0
 10
0.0
 20
0.0
 30
0.0
  3
Steckdose mit 63A
  1

  0
LINE
  5
908A
330
9074
100
AcDbEntity
  8
0
 62
160
100
AcDbLine
 10
2572.41360008502
 20
2303.53410936064
 30
1.85e-14
 11
2572.047045854521
 21
2303.354741362157
 31
1.85e-14
1001
AcDbBlockRepETag
1070
1
1071
28
1005
908A
  0
LINE
  5
908B
330
9074
100
AcDbEntity
  8
0
 62
160
100
AcDbLine
 10
2572.41360008502
 20
2303.599648609228
 30
1.85e-14
 11
2572.047045854521
 21
2303.420280610745
 31
1.85e-14
1001
AcDbBlockRepETag
1070
1
1071
29
1005
908B
  0
LINE
  5
908C
330
9074
100
AcDbEntity
  8
0
 62
160
100
AcDbLine
 10
2572.41360008502
 20
2303.665187857816
 30
1.85e-14
 11
2572.047045854521
 21
2303.485819859332
 31
1.85e-14
1001
AcDbBlockRepETag
1070
1
1071
30
1005
908C
  0
LINE
  5
908D
330
9074
100
AcDbEntity
  8
0
 62
160
100
AcDbLine
 10
2572.41360008502
 20
2303.730727106403
 30
1.85e-14
 11
2572.047045854521
 21
2303.55135910792
 31
1.85e-14
1001
AcDbBlockRepETag
1070
1
1071
31
1005
908D
  0
LINE
  5
908E
330
9074
100
AcDbEntity
  8
0
 62
160
100
AcDbLine
 10
2572.41360008502
 20
2303.796266354991
 30
1.85e-14
 11
2572.047045854521
 21
2303.616898356508
 31
1.85e-14
1001
AcDbBlockRepETag
1070
1
1071
32
1005
908E
  0
TEXT
  5
908F
330
9074
100
AcDbEntity
  8
0
 62
160
100
AcDbText
 10
2571.661333295005
 20
2304.536358964784
 30
1.85e-14
 40
0.6529389710436801
  1
63A
  7
ET_LEGENDE - Wohnung$0$ROMANS
 41
0.6
 72
1
 11
2572.230322969771
 21
2304.318712641103
 31
1.85e-14
100
AcDbText
 73
1
1001
AcDbBlockRepETag
1070
1
1071
52
1005
908F
1001
ACAD
1000
ACAD_MTEXT_DEFINED_HEIGHT_BEGIN
1070
46
1040
79.83317497237289
1000
ACAD_MTEXT_DEFINED_HEIGHT_END
  0
LINE
  5
9090
330
9074
100
AcDbEntity
  8
0
 62
160
100
AcDbLine
 10
2572.230322969771
 20
2303.910625784201
 30
1.85e-14
 11
2572.230322969771
 21
2303.094452070396
 31
1.85e-14
1001
AcDbBlockRepETag
1070
1
1071
0
1005
9090
  0
LINE
  5
9091
330
9074
100
AcDbEntity
  8
0
 62
160
100
AcDbLine
 10
2572.638409826673
 20
2303.910625784201
 30
1.85e-14
 11
2571.822236112868
 21
2303.910625784201
 31
1.85e-14
1001
AcDbBlockRepETag
1070
1
1071
1
1005
9091
  0
ARC
  5
9092
330
9074
100
AcDbEntity
  8
0
 62
160
100
AcDbCircle
 10
2572.230322969771
 20
2304.318712641103
 30
1.85e-14
 40
0.4080868569022705
100
AcDbArc
 50
180.0
 51
0.0
1001
AcDbBlockRepETag
1070
1
1071
2
1005
9092
  0
ENDBLK
  5
9076
330
9074
100
AcDbEntity
  8
0
100
AcDbBlockEnd
  0
BLOCK
  5
9741
330
9740
100
AcDbEntity
  8
0
100
AcDbBlockBegin
  2
Telefondose
 70
0
 10
0.0
 20
0.0
 30
0.0
  3
Telefondose
  1

  0
LINE
  5
9743
330
9740
100
AcDbEntity
  8
0
 62
3
100
AcDbLine
 10
2572.131118776255
 20
2300.292425744229
 30
1.85e-14
 11
2572.131118776255
 21
2299.629284601763
 31
1.85e-14
1001
AcDbBlockRepETag
1070
1
1071
63
1005
9743
  0
LINE
  5
9744
330
9740
100
AcDbEntity
  8
0
 62
3
100
AcDbLine
 10
2571.723031919353
 20
2300.292425744229
 30
1.85e-14
 11
2572.539205633157
 21
2300.292425744229
 31
1.85e-14
1001
AcDbBlockRepETag
1070
1
1071
64
1005
9744
  0
LINE
  5
9745
330
9740
100
AcDbEntity
  8
0
 62
3
100
AcDbLine
 10
2572.539205633157
 20
2300.292425744229
 30
1.85e-14
 11
2572.539205633157
 21
2300.853545172469
 31
1.85e-14
1001
AcDbBlockRepETag
1070
1
1071
65
1005
9745
  0
LINE
  5
9746
330
9740
100
AcDbEntity
  8
0
 62
3
100
AcDbLine
 10
2571.723031919353
 20
2300.853545172469
 30
1.85e-14
 11
2571.723031919353
 21
2300.292425744229
 31
1.85e-14
1001
AcDbBlockRepETag
1070
1
1071
66
1005
9746
  0
TEXT
  5
9747
330
9740
100
AcDbEntity
  8
0
 62
3
100
AcDbText
 10
2571.913461825312
 20
2300.553614085361
 30
1.85e-14
 40
0.6529708528287812
  1
T
  7
ET_LEGENDE - Wohnung$0$Standard
 72
1
 11
2572.131118776255
 21
2300.553614085361
 31
1.85e-14
100
AcDbText
1001
AcDbBlockRepETag
1070
1
1071
174
1005
9747
  0
LINE
  5
9748
330
9740
100
AcDbEntity
  8
0
 62
3
100
AcDbLine
 10
2571.827625652773
 20
2300.397019477649
 30
1.85e-14
 11
2572.434611899736
 21
2300.397019477649
 31
1.85e-14
1001
AcDbBlockRepETag
1070
1
1071
74
1005
9748
  0
LINE
  5
9749
330
9740
100
AcDbEntity
  8
0
 62
3
100
AcDbLine
 10
2571.827625652773
 20
2300.853545172469
 30
1.85e-14
 11
2571.827625652773
 21
2300.397019477649
 31
1.85e-14
1001
AcDbBlockRepETag
1070
1
1071
75
1005
9749
  0
LINE
  5
974A
330
9740
100
AcDbEntity
  8
0
 62
3
100
AcDbLine
 10
2572.434611899736
 20
2300.397019477649
 30
1.85e-14
 11
2572.434611899736
 21
2300.853545172469
 31
1.85e-14
1001
AcDbBlockRepETag
1070
1
1071
76
1005
974A
  0
ENDBLK
  5
9742
330
9740
100
AcDbEntity
  8
0
100
AcDbBlockEnd
  0
BLOCK
  5
974D
330
974C
100
AcDbEntity
  8
0
100
AcDbBlockBegin
  2
EDV-Mediendose 1-Anschluss
 70
0
 10
0.0
 20
0.0
 30
0.0
  3
EDV-Mediendose 1-Anschluss
  1

  0
LINE
  5
974F
330
974C
100
AcDbEntity
  8
0
 62
3
100
AcDbLine
 10
2572.053455545246
 20
2297.288243031848
 30
1.85e-14
 11
2572.053455545246
 21
2296.625101889382
 31
1.85e-14
1001
AcDbBlockRepETag
1070
1
1071
63
1005
974F
  0
LINE
  5
9750
330
974C
100
AcDbEntity
  8
0
 62
3
100
AcDbLine
 10
2571.645368688344
 20
2297.288243031848
 30
1.85e-14
 11
2572.461542402149
 21
2297.288243031848
 31
1.85e-14
1001
AcDbBlockRepETag
1070
1
1071
64
1005
9750
  0
LINE
  5
9751
330
974C
100
AcDbEntity
  8
0
 62
3
100
AcDbLine
 10
2572.461542402149
 20
2297.288243031848
 30
1.85e-14
 11
2572.461542402149
 21
2297.849362460088
 31
1.85e-14
1001
AcDbBlockRepETag
1070
1
1071
65
1005
9751
  0
LINE
  5
9752
330
974C
100
AcDbEntity
  8
0
 62
3
100
AcDbLine
 10
2571.645368688344
 20
2297.849362460088
 30
1.85e-14
 11
2571.645368688344
 21
2297.288243031848
 31
1.85e-14
1001
AcDbBlockRepETag
1070
1
1071
66
1005
9752
  0
LWPOLYLINE
  5
9753
330
974C
100
AcDbEntity
  8
0
 62
3
100
AcDbPolyline
 90
4
 70
1
 10
2571.941655144037
 20
2297.826889995685
 10
2572.165255946455
 20
2297.826889995685
 10
2572.165255946455
 20
2297.598616909878
 10
2571.941655144037
 20
2297.598616909878
1001
AcDbBlockRepETag
1070
1
1071
173
1005
9753
  0
ENDBLK
  5
974E
330
974C
100
AcDbEntity
  8
0
100
AcDbBlockEnd
  0
BLOCK
  5
9756
330
9755
100
AcDbEntity
  8
0
100
AcDbBlockBegin
  2
EDV-Mediendose 2-Anschlüsse
 70
0
 10
0.0
 20
0.0
 30
0.0
  3
EDV-Mediendose 2-Anschlüsse
  1

  0
LINE
  5
9758
330
9755
100
AcDbEntity
  8
0
 62
3
100
AcDbLine
 10
2572.193831368088
 20
2294.272511124213
 30
1.85e-14
 11
2572.193831368088
 21
2293.609369981748
 31
1.85e-14
1001
AcDbBlockRepETag
1070
1
1071
63
1005
9758
  0
LINE
  5
9759
330
9755
100
AcDbEntity
  8
0
 62
3
100
AcDbLine
 10
2571.785744511186
 20
2294.272511124213
 30
1.85e-14
 11
2572.601918224989
 21
2294.272511124213
 31
1.85e-14
1001
AcDbBlockRepETag
1070
1
1071
64
1005
9759
  0
LINE
  5
975A
330
9755
100
AcDbEntity
  8
0
 62
3
100
AcDbLine
 10
2572.601918224989
 20
2294.272511124213
 30
1.85e-14
 11
2572.601918224989
 21
2294.833630552453
 31
1.85e-14
1001
AcDbBlockRepETag
1070
1
1071
65
1005
975A
  0
LINE
  5
975B
330
9755
100
AcDbEntity
  8
0
 62
3
100
AcDbLine
 10
2571.785744511186
 20
2294.833630552453
 30
1.85e-14
 11
2571.785744511186
 21
2294.272511124213
 31
1.85e-14
1001
AcDbBlockRepETag
1070
1
1071
66
1005
975B
  0
LWPOLYLINE
  5
975C
330
9755
100
AcDbEntity
  8
0
 62
3
100
AcDbPolyline
 90
4
 70
1
 10
2572.263620306028
 20
2294.81115808805
 10
2572.487221108447
 20
2294.81115808805
 10
2572.487221108447
 20
2294.582885002243
 10
2572.263620306028
 20
2294.582885002243
1001
AcDbBlockRepETag
1070
1
1071
67
1005
975C
  0
LWPOLYLINE
  5
975D
330
9755
100
AcDbEntity
  8
0
 62
3
100
AcDbPolyline
 90
4
 70
1
 10
2571.900441627728
 20
2294.81115808805
 10
2572.124042430148
 20
2294.81115808805
 10
2572.124042430148
 20
2294.582885002243
 10
2571.900441627728
 20
2294.582885002243
1001
AcDbBlockRepETag
1070
1
1071
68
1005
975D
  0
ENDBLK
  5
9757
330
9755
100
AcDbEntity
  8
0
100
AcDbBlockEnd
  0
BLOCK
  5
9760
330
975F
100
AcDbEntity
  8
0
100
AcDbBlockBegin
  2
TV-Mediendose
 70
0
 10
0.0
 20
0.0
 30
0.0
  3
TV-Mediendose
  1

  0
LINE
  5
9762
330
975F
100
AcDbEntity
  8
0
 62
3
100
AcDbLine
 10
2572.314099471155
 20
2291.628737704123
 30
1.85e-14
 11
2572.314099471155
 21
2290.965596561658
 31
1.85e-14
1001
AcDbBlockRepETag
1070
1
1071
63
1005
9762
  0
LINE
  5
9763
330
975F
100
AcDbEntity
  8
0
 62
3
100
AcDbLine
 10
2571.906012614253
 20
2291.628737704123
 30
1.85e-14
 11
2572.722186328057
 21
2291.628737704123
 31
1.85e-14
1001
AcDbBlockRepETag
1070
1
1071
64
1005
9763
  0
LINE
  5
9764
330
975F
100
AcDbEntity
  8
0
 62
3
100
AcDbLine
 10
2572.722186328057
 20
2291.628737704123
 30
1.85e-14
 11
2572.722186328057
 21
2292.189857132363
 31
1.85e-14
1001
AcDbBlockRepETag
1070
1
1071
65
1005
9764
  0
LINE
  5
9765
330
975F
100
AcDbEntity
  8
0
 62
3
100
AcDbLine
 10
2571.906012614253
 20
2292.189857132363
 30
1.85e-14
 11
2571.906012614253
 21
2291.628737704123
 31
1.85e-14
1001
AcDbBlockRepETag
1070
1
1071
66
1005
9765
  0
LINE
  5
9766
330
975F
100
AcDbEntity
  8
0
 62
3
100
AcDbLine
 10
2572.010606347673
 20
2291.733331437543
 30
1.85e-14
 11
2572.617592594637
 21
2291.733331437543
 31
1.85e-14
1001
AcDbBlockRepETag
1070
1
1071
74
1005
9766
  0
LINE
  5
9767
330
975F
100
AcDbEntity
  8
0
 62
3
100
AcDbLine
 10
2572.010606347673
 20
2292.189857132363
 30
1.85e-14
 11
2572.010606347673
 21
2291.733331437543
 31
1.85e-14
1001
AcDbBlockRepETag
1070
1
1071
75
1005
9767
  0
LINE
  5
9768
330
975F
100
AcDbEntity
  8
0
 62
3
100
AcDbLine
 10
2572.617592594637
 20
2291.733331437543
 30
1.85e-14
 11
2572.617592594637
 21
2292.189857132363
 31
1.85e-14
1001
AcDbBlockRepETag
1070
1
1071
76
1005
9768
  0
ENDBLK
  5
9761
330
975F
100
AcDbEntity
  8
0
100
AcDbBlockEnd
  0
BLOCK
  5
976B
330
976A
100
AcDbEntity
  8
0
100
AcDbBlockBegin
  2
Wlandose (Anschluss)
 70
0
 10
0.0
 20
0.0
 30
0.0
  3
Wlandose (Anschluss)
  1

  0
TEXT
  5
976D
330
976A
100
AcDbEntity
  8
0
 62
3
100
AcDbText
 10
2571.680211911932
 20
2288.215785383791
 30
1.85e-14
 40
0.6529389710436801
  1
WLAN
  7
ET_LEGENDE - Wohnung$0$ROMANS
 41
0.6
 72
1
 11
2572.417100179253
 21
2288.542254869313
 31
1.85e-14
100
AcDbText
 73
2
1001
AcDbBlockRepETag
1070
1
1071
242
1005
976D
  0
LWPOLYLINE
  5
976E
330
976A
100
AcDbEntity
  8
0
 62
3
100
AcDbPolyline
 90
4
 70
1
 10
2571.437691722687
 20
2289.358428583117
 10
2573.396508635819
 20
2289.358428583117
 10
2573.396508635819
 20
2287.726081155508
 10
2571.437691722687
 20
2287.726081155508
1001
AcDbBlockRepETag
1070
1
1071
261
1005
976E
  0
LINE
  5
976F
330
976A
100
AcDbEntity
  8
0
 62
3
100
AcDbLine
 10
2571.92739595097
 20
2289.684898068639
 30
1.85e-14
 11
2571.92739595097
 21
2289.358428583117
 31
1.85e-14
1001
AcDbBlockRepETag
1070
1
1071
262
1005
976F
  0
CIRCLE
  5
9770
330
976A
100
AcDbEntity
  8
0
 62
3
100
AcDbCircle
 10
2571.92739595097
 20
2289.880779759952
 30
1.85e-14
 40
0.1958816913131039
1001
AcDbBlockRepETag
1070
1
1071
263
1005
9770
  0
ENDBLK
  5
976C
330
976A
100
AcDbEntity
  8
0
100
AcDbBlockEnd
  0
BLOCK
  5
9ABE
330
9ABD
100
AcDbEntity
  8
0
100
AcDbBlockBegin
  2
Steckdose
 70
0
 10
0.0
 20
0.0
 30
0.0
  3
Steckdose
  1

  0
LINE
  5
9AC0
330
9ABD
100
AcDbEntity
  8
0
 62
160
100
AcDbLine
 10
2572.096999281848
 20
2301.479873726318
 30
1.85e-14
 11
2572.096999281848
 21
2300.663700012514
 31
1.85e-14
1001
AcDbBlockRepETag
1070
1
1071
0
1005
9AC0
  0
LINE
  5
9AC1
330
9ABD
100
AcDbEntity
  8
0
 62
160
100
AcDbLine
 10
2572.505086138751
 20
2301.479873726318
 30
1.85e-14
 11
2571.688912424947
 21
2301.479873726318
 31
1.85e-14
1001
AcDbBlockRepETag
1070
1
1071
1
1005
9AC1
  0
ARC
  5
9AC2
330
9ABD
100
AcDbEntity
  8
0
 62
160
100
AcDbCircle
 10
2572.096999281848
 20
2301.88796058322
 30
1.85e-14
 40
0.4080868569022705
100
AcDbArc
 50
180.0
 51
0.0
1001
AcDbBlockRepETag
1070
1
1071
2
1005
9AC2
  0
LINE
  5
9AC3
330
9ABD
100
AcDbEntity
  8
0
 62
160
100
AcDbLine
 10
2572.565549073035
 20
2301.955820207759
 30
1.85e-14
 11
2571.622650600589
 21
2301.955820207759
 31
1.85e-14
1001
AcDbBlockRepETag
1070
1
1071
15
1005
9AC3
  0
LINE
  5
9AC4
330
9ABD
100
AcDbEntity
  8
0
 62
160
100
AcDbLine
 10
2571.622650600589
 20
2301.316257677031
 30
1.85e-14
 11
2572.565549073035
 21
2301.316257677031
 31
1.85e-14
1001
AcDbBlockRepETag
1070
1
1071
16
1005
9AC4
  0
LINE
  5
9AC5
330
9ABD
100
AcDbEntity
  8
0
 62
160
100
AcDbLine
 10
2571.622650600589
 20
2301.955820207759
 30
1.85e-14
 11
2571.622650600589
 21
2301.316257677031
 31
1.85e-14
1001
AcDbBlockRepETag
1070
1
1071
17
1005
9AC5
  0
LINE
  5
9AC6
330
9ABD
100
AcDbEntity
  8
0
 62
160
100
AcDbLine
 10
2572.565549073035
 20
2301.316257677031
 30
1.85e-14
 11
2572.565549073035
 21
2301.955820207759
 31
1.85e-14
1001
AcDbBlockRepETag
1070
1
1071
18
1005
9AC6
  0
TEXT
  5
9AC7
330
9ABD
100
AcDbEntity
  8
E_Muster
 62
160
100
AcDbText
 10
2570.770504152792
 20
2302.100723928589
 30
1.16e-14
 40
0.5026769914122842
  1
versperrbar
  7
ET_LEGENDE - Wohnung$0$ROMANS
 41
0.6
 11
2570.770504152792
 21
2302.352062424295
 31
1.16e-14
100
AcDbText
 73
2
  0
ENDBLK
  5
9ABF
330
9ABD
100
AcDbEntity
  8
0
100
AcDbBlockEnd
  0
BLOCK
  5
9AD2
330
9AD1
100
AcDbEntity
  8
0
100
AcDbBlockBegin
  2
Steckdose versperrbar
 70
0
 10
0.0
 20
0.0
 30
0.0
  3
Steckdose versperrbar
  1

  0
LINE
  5
9AD4
330
9AD1
100
AcDbEntity
  8
0
 62
160
100
AcDbLine
 10
2572.096999281848
 20
2301.479873726318
 30
1.85e-14
 11
2572.096999281848
 21
2300.663700012514
 31
1.85e-14
1001
AcDbBlockRepETag
1070
1
1071
0
1005
9AD4
  0
LINE
  5
9AD5
330
9AD1
100
AcDbEntity
  8
0
 62
160
100
AcDbLine
 10
2572.505086138751
 20
2301.479873726318
 30
1.85e-14
 11
2571.688912424947
 21
2301.479873726318
 31
1.85e-14
1001
AcDbBlockRepETag
1070
1
1071
1
1005
9AD5
  0
ARC
  5
9AD6
330
9AD1
100
AcDbEntity
  8
0
 62
160
100
AcDbCircle
 10
2572.096999281848
 20
2301.88796058322
 30
1.85e-14
 40
0.4080868569022705
100
AcDbArc
 50
180.0
 51
0.0
1001
AcDbBlockRepETag
1070
1
1071
2
1005
9AD6
  0
LINE
  5
9AD7
330
9AD1
100
AcDbEntity
  8
0
 62
160
100
AcDbLine
 10
2572.565549073035
 20
2301.955820207759
 30
1.85e-14
 11
2571.622650600589
 21
2301.955820207759
 31
1.85e-14
1001
AcDbBlockRepETag
1070
1
1071
15
1005
9AD7
  0
LINE
  5
9AD8
330
9AD1
100
AcDbEntity
  8
0
 62
160
100
AcDbLine
 10
2571.622650600589
 20
2301.316257677031
 30
1.85e-14
 11
2572.565549073035
 21
2301.316257677031
 31
1.85e-14
1001
AcDbBlockRepETag
1070
1
1071
16
1005
9AD8
  0
LINE
  5
9AD9
330
9AD1
100
AcDbEntity
  8
0
 62
160
100
AcDbLine
 10
2571.622650600589
 20
2301.955820207759
 30
1.85e-14
 11
2571.622650600589
 21
2301.316257677031
 31
1.85e-14
1001
AcDbBlockRepETag
1070
1
1071
17
1005
9AD9
  0
LINE
  5
9ADA
330
9AD1
100
AcDbEntity
  8
0
 62
160
100
AcDbLine
 10
2572.565549073035
 20
2301.316257677031
 30
1.85e-14
 11
2572.565549073035
 21
2301.955820207759
 31
1.85e-14
1001
AcDbBlockRepETag
1070
1
1071
18
1005
9ADA
  0
TEXT
  5
9ADB
330
9AD1
100
AcDbEntity
  8
E_Muster
 62
160
100
AcDbText
 10
2570.770504152792
 20
2302.100723928589
 30
1.16e-14
 40
0.5026769914122842
  1
versperrbar
  7
ET_LEGENDE - Wohnung$0$ROMANS
 41
0.6
 11
2570.770504152792
 21
2302.352062424295
 31
1.16e-14
100
AcDbText
 73
2
  0
ENDBLK
  5
9AD3
330
9AD1
100
AcDbEntity
  8
0
100
AcDbBlockEnd
  0
BLOCK
  5
B88B
330
B88A
100
AcDbEntity
  8
0
100
AcDbBlockBegin
  2
Anschluss
 70
0
 10
0.0
 20
0.0
 30
0.0
  3
Anschluss
  1

  0
TEXT
  5
B88D
330
B88A
100
AcDbEntity
  8
0
 62
160
100
AcDbText
 10
2571.724477904969
 20
2281.633207186559
 30
1.85e-14
 40
0.6529389710436801
  1
E
  7
ET_LEGENDE - Wohnung$0$ROMANS
 41
0.8
 72
1
 11
2571.985653493386
 21
2281.959676672081
 31
1.85e-14
100
AcDbText
 73
2
1001
AcDbBlockRepETag
1070
1
1071
0
1005
B88D
  0
LWPOLYLINE
  5
B88E
330
B88A
100
AcDbEntity
  8
0
 62
160
100
AcDbPolyline
 90
4
 70
1
 10
2571.332714522342
 20
2282.612615643125
 10
2572.638592464429
 20
2282.612615643125
 10
2572.638592464429
 20
2281.306737701038
 10
2571.332714522342
 20
2281.306737701038
1001
AcDbBlockRepETag
1070
1
1071
1
1005
B88E
  0
ENDBLK
  5
B88C
330
B88A
100
AcDbEntity
  8
0
100
AcDbBlockEnd
  0
BLOCK
  5
B891
330
B890
100
AcDbEntity
  8
0
100
AcDbBlockBegin
  2
E-Herd Anschluss
 70
0
 10
0.0
 20
0.0
 30
0.0
  3
E-Herd Anschluss
  1

  0
LWPOLYLINE
  5
B893
330
B890
100
AcDbEntity
  8
0
 62
160
100
AcDbPolyline
 90
4
 70
1
 10
2571.35537671706
 20
2279.747831401728
 10
2572.661254659147
 20
2279.747831401728
 10
2572.661254659147
 20
2278.44195345964
 10
2571.35537671706
 20
2278.44195345964
1001
AcDbBlockRepETag
1070
1
1071
1
1005
B893
  0
HATCH
  5
B894
330
B890
100
AcDbEntity
  8
0
 62
160
100
AcDbHatch
 10
0.0
 20
0.0
 30
1.85e-14
210
0.0
220
0.0
230
1.0
  2
SOLID
 70
1
 71
1
 91
1
 92
1
 93
1
 72
2
 10
2571.624134005816
 20
2279.479074112972
 40
0.16323474276092
 50
0.0
 51
360.0
 73
1
 97
1
330
B895
 75
0
 76
1
 98
1
 10
2572.008315688103
 20
2279.094892430684
450
0
451
0
460
0.0
461
0.0
452
0
462
0.0
453
0
470

1001
AcDbBlockRepETag
1070
1
1071
66
1005
B894
1001
ACAD
1010
0.0
1020
0.0
1030
0.0
  0
CIRCLE
  5
B895
102
{ACAD_REACTORS
330
B894
102
}
330
B890
100
AcDbEntity
  8
0
 62
160
100
AcDbCircle
 10
2571.624134005816
 20
2279.479074112972
 30
1.85e-14
 40
0.16323474276092
1001
AcDbBlockRepETag
1070
1
1071
62
1005
B895
  0
CIRCLE
  5
B896
330
B890
100
AcDbEntity
  8
0
 62
160
100
AcDbCircle
 10
2572.392497370391
 20
2278.710710748397
 30
1.85e-14
 40
0.16323474276092
1001
AcDbBlockRepETag
1070
1
1071
63
1005
B896
  0
CIRCLE
  5
B897
330
B890
100
AcDbEntity
  8
0
 62
160
100
AcDbCircle
 10
2571.624134005816
 20
2278.710710748397
 30
1.85e-14
 40
0.16323474276092
1001
AcDbBlockRepETag
1070
1
1071
64
1005
B897
  0
CIRCLE
  5
B898
330
B890
100
AcDbEntity
  8
0
 62
160
100
AcDbCircle
 10
2572.392497370391
 20
2279.479074112972
 30
1.85e-14
 40
0.16323474276092
1001
AcDbBlockRepETag
1070
1
1071
65
1005
B898
  0
CIRCLE
  5
B899
330
B890
100
AcDbEntity
  8
0
 62
160
100
AcDbCircle
 10
2572.008315688103
 20
2279.094892430684
 30
1.85e-14
 40
0.16323474276092
1001
AcDbBlockRepETag
1070
1
1071
61
1005
B899
  0
HATCH
  5
B89A
330
B890
100
AcDbEntity
  8
0
 62
160
100
AcDbHatch
 10
0.0
 20
0.0
 30
1.85e-14
210
0.0
220
0.0
230
1.0
  2
SOLID
 70
1
 71
1
 91
1
 92
1
 93
1
 72
2
 10
2572.392497370391
 20
2279.479074112972
 40
0.16323474276092
 50
0.0
 51
360.0
 73
1
 97
1
330
B89B
 75
0
 76
1
 98
1
 10
2572.77667905268
 20
2279.094892430684
450
0
451
0
460
0.0
461
0.0
452
0
462
0.0
453
0
470

1001
AcDbBlockRepETag
1070
1
1071
67
1005
B89A
1001
ACAD
1010
0.0
1020
0.0
1030
0.0
  0
CIRCLE
  5
B89B
102
{ACAD_REACTORS
330
B89A
102
}
330
B890
100
AcDbEntity
  8
0
 62
160
100
AcDbCircle
 10
2572.392497370391
 20
2279.479074112972
 30
1.85e-14
 40
0.16323474276092
1001
AcDbBlockRepETag
1070
1
1071
68
1005
B89B
  0
HATCH
  5
B89C
330
B890
100
AcDbEntity
  8
0
 62
160
100
AcDbHatch
 10
0.0
 20
0.0
 30
1.85e-14
210
0.0
220
0.0
230
1.0
  2
SOLID
 70
1
 71
1
 91
1
 92
1
 93
1
 72
2
 10
2572.008315688103
 20
2279.094892430684
 40
0.16323474276092
 50
0.0
 51
360.0
 73
1
 97
1
330
B89D
 75
0
 76
1
 98
1
 10
2572.392497370391
 20
2278.710710748397
450
0
451
0
460
0.0
461
0.0
452
0
462
0.0
453
0
470

1001
AcDbBlockRepETag
1070
1
1071
69
1005
B89C
1001
ACAD
1010
0.0
1020
0.0
1030
0.0
  0
CIRCLE
  5
B89D
102
{ACAD_REACTORS
330
B89C
102
}
330
B890
100
AcDbEntity
  8
0
 62
160
100
AcDbCircle
 10
2572.008315688103
 20
2279.094892430684
 30
1.85e-14
 40
0.16323474276092
1001
AcDbBlockRepETag
1070
1
1071
70
1005
B89D
  0
HATCH
  5
B89E
330
B890
100
AcDbEntity
  8
0
 62
160
100
AcDbHatch
 10
0.0
 20
0.0
 30
1.85e-14
210
0.0
220
0.0
230
1.0
  2
SOLID
 70
1
 71
1
 91
1
 92
1
 93
1
 72
2
 10
2571.624134005816
 20
2278.710710748397
 40
0.16323474276092
 50
0.0
 51
360.0
 73
1
 97
1
330
B89F
 75
0
 76
1
 98
1
 10
2572.008315688103
 20
2278.326529066109
450
0
451
0
460
0.0
461
0.0
452
0
462
0.0
453
0
470

1001
AcDbBlockRepETag
1070
1
1071
71
1005
B89E
1001
ACAD
1010
0.0
1020
0.0
1030
0.0
  0
CIRCLE
  5
B89F
102
{ACAD_REACTORS
330
B89E
102
}
330
B890
100
AcDbEntity
  8
0
 62
160
100
AcDbCircle
 10
2571.624134005816
 20
2278.710710748397
 30
1.85e-14
 40
0.16323474276092
1001
AcDbBlockRepETag
1070
1
1071
72
1005
B89F
  0
HATCH
  5
B8A0
330
B890
100
AcDbEntity
  8
0
 62
160
100
AcDbHatch
 10
0.0
 20
0.0
 30
1.85e-14
210
0.0
220
0.0
230
1.0
  2
SOLID
 70
1
 71
1
 91
1
 92
1
 93
1
 72
2
 10
2572.392497370391
 20
2278.710710748397
 40
0.16323474276092
 50
0.0
 51
360.0
 73
1
 97
1
330
B8A1
 75
0
 76
1
 98
1
 10
2572.77667905268
 20
2278.326529066109
450
0
451
0
460
0.0
461
0.0
452
0
462
0.0
453
0
470

1001
AcDbBlockRepETag
1070
1
1071
73
1005
B8A0
1001
ACAD
1010
0.0
1020
0.0
1030
0.0
  0
CIRCLE
  5
B8A1
102
{ACAD_REACTORS
330
B8A0
102
}
330
B890
100
AcDbEntity
  8
0
 62
160
100
AcDbCircle
 10
2572.392497370391
 20
2278.710710748397
 30
1.85e-14
 40
0.16323474276092
1001
AcDbBlockRepETag
1070
1
1071
74
1005
B8A1
  0
LINE
  5
B8A2
330
B890
100
AcDbEntity
  8
0
 62
160
100
AcDbLine
 10
2572.008315688103
 20
2278.44195345964
 30
1.85e-14
 11
2572.008315688103
 21
2278.115483974119
 31
1.85e-14
1001
AcDbBlockRepETag
1070
1
1071
75
1005
B8A2
  0
ENDBLK
  5
B892
330
B890
100
AcDbEntity
  8
0
100
AcDbBlockEnd
  0
BLOCK
  5
B8A5
330
B8A4
100
AcDbEntity
  8
0
100
AcDbBlockBegin
  2
Handtuchheizung
 70
0
 10
0.0
 20
0.0
 30
0.0
  3
Handtuchheizung
  1

  0
LWPOLYLINE
  5
B8A7
330
B8A4
100
AcDbEntity
  8
0
 62
160
100
AcDbPolyline
 90
4
 70
1
 10
2571.283607716218
 20
2276.829832384242
 10
2572.589485658305
 20
2276.829832384242
 10
2572.589485658305
 20
2275.523954442154
 10
2571.283607716218
 20
2275.523954442154
1001
AcDbBlockRepETag
1070
1
1071
1
1005
B8A7
  0
HATCH
  5
B8A8
330
B8A4
100
AcDbEntity
  8
0
 62
160
100
AcDbHatch
 10
0.0
 20
0.0
 30
1.85e-14
210
0.0
220
0.0
230
1.0
  2
SOLID
 70
1
 71
1
 91
1
 92
1
 93
1
 72
2
 10
2571.552365004975
 20
2276.561075095485
 40
0.16323474276092
 50
0.0
 51
360.0
 73
1
 97
1
330
B8A9
 75
0
 76
1
 98
1
 10
2571.936546687262
 20
2276.176893413198
450
0
451
0
460
0.0
461
0.0
452
0
462
0.0
453
0
470

1001
AcDbBlockRepETag
1070
1
1071
66
1005
B8A8
1001
ACAD
1010
0.0
1020
0.0
1030
0.0
  0
CIRCLE
  5
B8A9
102
{ACAD_REACTORS
330
B8A8
102
}
330
B8A4
100
AcDbEntity
  8
0
 62
160
100
AcDbCircle
 10
2571.552365004975
 20
2276.561075095485
 30
1.85e-14
 40
0.16323474276092
1001
AcDbBlockRepETag
1070
1
1071
62
1005
B8A9
  0
CIRCLE
  5
B8AA
330
B8A4
100
AcDbEntity
  8
0
 62
160
100
AcDbCircle
 10
2572.320728369549
 20
2275.792711730911
 30
1.85e-14
 40
0.16323474276092
1001
AcDbBlockRepETag
1070
1
1071
63
1005
B8AA
  0
CIRCLE
  5
B8AB
330
B8A4
100
AcDbEntity
  8
0
 62
160
100
AcDbCircle
 10
2571.936546687262
 20
2276.176893413198
 30
1.85e-14
 40
0.16323474276092
1001
AcDbBlockRepETag
1070
1
1071
61
1005
B8AB
  0
HATCH
  5
B8AC
330
B8A4
100
AcDbEntity
  8
0
 62
160
100
AcDbHatch
 10
0.0
 20
0.0
 30
1.85e-14
210
0.0
220
0.0
230
1.0
  2
SOLID
 70
1
 71
1
 91
1
 92
1
 93
1
 72
2
 10
2571.936546687262
 20
2276.176893413198
 40
0.16323474276092
 50
0.0
 51
360.0
 73
1
 97
1
330
B8AD
 75
0
 76
1
 98
1
 10
2572.320728369549
 20
2275.792711730911
450
0
451
0
460
0.0
461
0.0
452
0
462
0.0
453
0
470

1001
AcDbBlockRepETag
1070
1
1071
69
1005
B8AC
1001
ACAD
1010
0.0
1020
0.0
1030
0.0
  0
CIRCLE
  5
B8AD
102
{ACAD_REACTORS
330
B8AC
102
}
330
B8A4
100
AcDbEntity
  8
0
 62
160
100
AcDbCircle
 10
2571.936546687262
 20
2276.176893413198
 30
1.85e-14
 40
0.16323474276092
1001
AcDbBlockRepETag
1070
1
1071
70
1005
B8AD
  0
HATCH
  5
B8AE
330
B8A4
100
AcDbEntity
  8
0
 62
160
100
AcDbHatch
 10
0.0
 20
0.0
 30
1.85e-14
210
0.0
220
0.0
230
1.0
  2
SOLID
 70
1
 71
1
 91
1
 92
1
 93
1
 72
2
 10
2572.320728369549
 20
2275.792711730911
 40
0.16323474276092
 50
0.0
 51
360.0
 73
1
 97
1
330
B8AF
 75
0
 76
1
 98
1
 10
2572.704910051837
 20
2275.408530048623
450
0
451
0
460
0.0
461
0.0
452
0
462
0.0
453
0
470

1001
AcDbBlockRepETag
1070
1
1071
73
1005
B8AE
1001
ACAD
1010
0.0
1020
0.0
1030
0.0
  0
CIRCLE
  5
B8AF
102
{ACAD_REACTORS
330
B8AE
102
}
330
B8A4
100
AcDbEntity
  8
0
 62
160
100
AcDbCircle
 10
2572.320728369549
 20
2275.792711730911
 30
1.85e-14
 40
0.16323474276092
1001
AcDbBlockRepETag
1070
1
1071
74
1005
B8AF
  0
LINE
  5
B8B0
330
B8A4
100
AcDbEntity
  8
0
 62
160
100
AcDbLine
 10
2571.936546687262
 20
2275.523954442154
 30
1.85e-14
 11
2571.936546687262
 21
2275.197484956632
 31
1.85e-14
1001
AcDbBlockRepETag
1070
1
1071
75
1005
B8B0
  0
ENDBLK
  5
B8A6
330
B8A4
100
AcDbEntity
  8
0
100
AcDbBlockEnd
  0
BLOCK
  5
B8B3
330
B8B2
100
AcDbEntity
  8
0
100
AcDbBlockBegin
  2
Elektroauslass 230V
 70
0
 10
0.0
 20
0.0
 30
0.0
  3
Elektroauslass 230V
  1

  0
LINE
  5
B8B5
330
B8B2
100
AcDbEntity
  8
0
 62
160
100
AcDbLine
 10
2571.960206667038
 20
2273.3971121487
 30
1.85e-14
 11
2571.960206667038
 21
2274.539755348026
 31
1.85e-14
1001
AcDbBlockRepETag
1070
1
1071
7
1005
B8B5
  0
CIRCLE
  5
B8B6
330
B8B2
100
AcDbEntity
  8
0
 62
160
100
AcDbCircle
 10
2571.960206667038
 20
2272.972701817522
 30
1.85e-14
 40
0.4244103311783922
1001
AcDbBlockRepETag
1070
1
1071
49
1005
B8B6
  0
LINE
  5
B8B7
330
B8B2
100
AcDbEntity
  8
0
  6
Continuous
 62
160
 48
0.1250000009536743
100
AcDbLine
 10
2572.191055464801
 20
2274.199282524726
 30
1.85e-14
 11
2571.729357869276
 21
2273.737584972
 31
1.85e-14
1001
AcDbBlockRepETag
1070
1
1071
55
1005
B8B7
  0
ENDBLK
  5
B8B4
330
B8B2
100
AcDbEntity
  8
0
100
AcDbBlockEnd
  0
BLOCK
  5
B8BA
330
B8B9
100
AcDbEntity
  8
0
100
AcDbBlockBegin
  2
Elektroauslass 400V
 70
0
 10
0.0
 20
0.0
 30
0.0
  3
Elektroauslass 400V
  1

  0
LINE
  5
B8BC
330
B8B9
100
AcDbEntity
  8
0
 62
160
100
AcDbLine
 10
2571.999481351426
 20
2270.461244991717
 30
1.85e-14
 11
2571.999481351426
 21
2271.603888191044
 31
1.85e-14
1001
AcDbBlockRepETag
1070
1
1071
7
1005
B8BC
  0
CIRCLE
  5
B8BD
330
B8B9
100
AcDbEntity
  8
0
 62
160
100
AcDbCircle
 10
2571.999481351426
 20
2270.036834660539
 30
1.85e-14
 40
0.4244103311783922
1001
AcDbBlockRepETag
1070
1
1071
49
1005
B8BD
  0
LINE
  5
B8BE
330
B8B9
100
AcDbEntity
  8
0
  6
Continuous
 62
160
 48
0.1250000009536743
100
AcDbLine
 10
2572.23033014919
 20
2271.263415367744
 30
1.85e-14
 11
2571.768632553663
 21
2270.801717815017
 31
1.85e-14
1001
AcDbBlockRepETag
1070
1
1071
55
1005
B8BE
  0
LINE
  5
B8BF
330
B8B9
100
AcDbEntity
  8
0
  6
Continuous
 62
160
 48
0.1250000009536743
100
AcDbLine
 10
2572.23033014919
 20
2271.100180624983
 30
1.85e-14
 11
2571.768632553663
 21
2270.638483072256
 31
1.85e-14
1001
AcDbBlockRepETag
1070
1
1071
56
1005
B8BF
  0
LINE
  5
B8C0
330
B8B9
100
AcDbEntity
  8
0
  6
Continuous
 62
160
 48
0.1250000009536743
100
AcDbLine
 10
2572.23033014919
 20
2271.426650110504
 30
1.85e-14
 11
2571.768632553663
 21
2270.964952557778
 31
1.85e-14
1001
AcDbBlockRepETag
1070
1
1071
57
1005
B8C0
  0
ENDBLK
  5
B8BB
330
B8B9
100
AcDbEntity
  8
0
100
AcDbBlockEnd
  0
BLOCK
  5
B8C3
330
B8C2
100
AcDbEntity
  8
0
100
AcDbBlockBegin
  2
Deckenauslass
 70
0
 10
0.0
 20
0.0
 30
0.0
  3
Deckenauslass
  1

  0
LINE
  5
B8C5
330
B8C2
100
AcDbEntity
  8
0
 62
160
100
AcDbLine
 10
2571.538169408866
 20
2266.270622803813
 30
1.85e-14
 11
2572.461564557118
 21
2267.194017952065
 31
1.85e-14
1001
AcDbBlockRepETag
1070
1
1071
58
1005
B8C5
  0
LINE
  5
B8C6
330
B8C2
100
AcDbEntity
  8
0
 62
160
100
AcDbLine
 10
2572.461564557118
 20
2266.270622803813
 30
1.85e-14
 11
2571.538169408866
 21
2267.194017952065
 31
1.85e-14
1001
AcDbBlockRepETag
1070
1
1071
59
1005
B8C6
  0
ENDBLK
  5
B8C4
330
B8C2
100
AcDbEntity
  8
0
100
AcDbBlockEnd
  0
BLOCK
  5
B8C9
330
B8C8
100
AcDbEntity
  8
0
100
AcDbBlockBegin
  2
Wandlichtauslass
 70
0
 10
0.0
 20
0.0
 30
0.0
  3
Wandlichtauslass
  1

  0
LINE
  5
B8CB
330
B8C8
100
AcDbEntity
  8
0
 62
160
100
AcDbLine
 10
2571.57441989618
 20
2263.89506094764
 30
1.85e-14
 11
2572.497815044432
 21
2264.818456095892
 31
1.85e-14
1001
AcDbBlockRepETag
1070
1
1071
58
1005
B8CB
  0
LINE
  5
B8CC
330
B8C8
100
AcDbEntity
  8
0
 62
160
100
AcDbLine
 10
2572.497815044432
 20
2263.89506094764
 30
1.85e-14
 11
2571.57441989618
 21
2264.818456095892
 31
1.85e-14
1001
AcDbBlockRepETag
1070
1
1071
59
1005
B8CC
  0
LINE
  5
B8CD
330
B8C8
100
AcDbEntity
  8
0
 62
160
100
AcDbLine
 10
2571.41118515342
 20
2263.89506094764
 30
1.85e-14
 11
2572.661049787193
 21
2263.89506094764
 31
1.85e-14
1001
AcDbBlockRepETag
1070
1
1071
60
1005
B8CD
  0
ENDBLK
  5
B8CA
330
B8C8
100
AcDbEntity
  8
0
100
AcDbBlockEnd
  0
BLOCK
  5
B8D0
330
B8CF
100
AcDbEntity
  8
0
100
AcDbBlockBegin
  2
Leerrohr
 70
0
 10
0.0
 20
0.0
 30
0.0
  3
Leerrohr
  1

  0
LINE
  5
B8D2
330
B8CF
100
AcDbEntity
  8
0
 62
160
100
AcDbLine
 10
2572.102993267096
 20
2262.172096219858
 30
1.85e-14
 11
2572.102993267096
 21
2263.314739419184
 31
1.85e-14
1001
AcDbBlockRepETag
1070
1
1071
7
1005
B8D2
  0
CIRCLE
  5
B8D3
330
B8CF
100
AcDbEntity
  8
0
 62
160
100
AcDbCircle
 10
2572.102993267096
 20
2261.747685888679
 30
1.85e-14
 40
0.4244103311783922
1001
AcDbBlockRepETag
1070
1
1071
49
1005
B8D3
  0
ENDBLK
  5
B8D1
330
B8CF
100
AcDbEntity
  8
0
100
AcDbBlockEnd
  0
BLOCK
  5
B8D6
330
B8D5
100
AcDbEntity
  8
0
100
AcDbBlockBegin
  2
Einlegedose
 70
0
 10
0.0
 20
0.0
 30
0.0
  3
Einlegedose
  1

  0
LWPOLYLINE
  5
B8D8
330
B8D5
100
AcDbEntity
  8
0
 62
160
100
AcDbPolyline
 90
4
 70
1
 10
2571.675491906272
 20
2259.14931884469
 10
2572.654900362837
 20
2259.14931884469
 10
2572.654900362837
 20
2258.169910388124
 10
2571.675491906272
 20
2258.169910388124
1001
AcDbBlockRepETag
1070
1
1071
47
1005
B8D8
  0
CIRCLE
  5
B8D9
330
B8D5
100
AcDbEntity
  8
0
 62
160
100
AcDbCircle
 10
2572.165196134554
 20
2258.659614616407
 30
1.85e-14
 40
0.4897042282827602
1001
AcDbBlockRepETag
1070
1
1071
48
1005
B8D9
  0
CIRCLE
  5
B8DA
330
B8D5
100
AcDbEntity
  8
0
 62
160
100
AcDbCircle
 10
2572.165196134554
 20
2258.659614616407
 30
1.85e-14
 40
0.4244103311783922
1001
AcDbBlockRepETag
1070
1
1071
49
1005
B8DA
  0
LINE
  5
B8DB
330
B8D5
100
AcDbEntity
  8
0
 62
160
100
AcDbLine
 10
2572.736517734218
 20
2258.659614616407
 30
1.85e-14
 11
2571.593874534892
 21
2258.659614616407
 31
1.85e-14
1001
AcDbBlockRepETag
1070
1
1071
50
1005
B8DB
  0
LINE
  5
B8DC
330
B8D5
100
AcDbEntity
  8
0
 62
160
100
AcDbLine
 10
2572.165196134554
 20
2259.23093621607
 30
1.85e-14
 11
2572.165196134554
 21
2258.088293016744
 31
1.85e-14
1001
AcDbBlockRepETag
1070
1
1071
51
1005
B8DC
  0
ENDBLK
  5
B8D7
330
B8D5
100
AcDbEntity
  8
0
100
AcDbBlockEnd
  0
BLOCK
  5
B8DF
330
B8DE
100
AcDbEntity
  8
0
100
AcDbBlockBegin
  2
BRK-Anschluss
 70
0
 10
0.0
 20
0.0
 30
0.0
  3
BRK-Anschluss
  1

  0
CIRCLE
  5
B8E1
330
B8DE
100
AcDbEntity
  8
0
 62
160
100
AcDbCircle
 10
2572.21538210708
 20
2255.81999681604
 30
1.85e-14
 40
0.6529389710436801
1001
AcDbBlockRepETag
1070
1
1071
17
1005
B8E1
  0
TEXT
  5
B8E2
330
B8DE
100
AcDbEntity
  8
0
 62
160
100
AcDbText
 10
2571.916895720317
 20
2254.742647513817
 30
1.85e-14
 40
0.32646948552184
  1
BRK
  7
ET_LEGENDE - Wohnung$0$ROMANS
 41
0.6
 72
1
 11
2572.21538210708
 21
2254.905882256577
 31
1.85e-14
100
AcDbText
 73
2
1001
AcDbBlockRepETag
1070
1
1071
36
1005
B8E2
  0
TEXT
  5
B8E3
330
B8DE
100
AcDbEntity
  8
0
 62
160
100
AcDbText
 10
2571.916895720317
 20
2255.493527330517
 30
1.85e-14
 40
0.6529389710436801
  1
M
  7
ET_LEGENDE - Wohnung$0$ROMANS
 41
0.8
 72
1
 11
2572.21538210708
 21
2255.81999681604
 31
1.85e-14
100
AcDbText
 73
2
1001
AcDbBlockRepETag
1070
1
1071
18
1005
B8E3
  0
ENDBLK
  5
B8E0
330
B8DE
100
AcDbEntity
  8
0
100
AcDbBlockEnd
  0
BLOCK
  5
B8E6
330
B8E5
100
AcDbEntity
  8
0
100
AcDbBlockBegin
  2
BRK+RM-Anschluss
 70
0
 10
0.0
 20
0.0
 30
0.0
  3
BRK+RM-Anschluss
  1

  0
CIRCLE
  5
B8E8
330
B8E5
100
AcDbEntity
  8
0
 62
160
100
AcDbCircle
 10
2572.291695561229
 20
2252.638690628107
 30
1.85e-14
 40
0.6529389710436801
1001
AcDbBlockRepETag
1070
1
1071
17
1005
B8E8
  0
TEXT
  5
B8E9
330
B8E5
100
AcDbEntity
  8
0
 62
160
100
AcDbText
 10
2571.666739688945
 20
2251.561341325885
 30
1.85e-14
 40
0.32646948552184
  1
BRK+RM
  7
ET_LEGENDE - Wohnung$0$ROMANS
 41
0.6
 72
1
 11
2572.291695561229
 21
2251.724576068646
 31
1.85e-14
100
AcDbText
 73
2
1001
AcDbBlockRepETag
1070
1
1071
37
1005
B8E9
  0
TEXT
  5
B8EA
330
B8E5
100
AcDbEntity
  8
0
 62
160
100
AcDbText
 10
2571.993209174467
 20
2252.312221142585
 30
1.85e-14
 40
0.6529389710436801
  1
M
  7
ET_LEGENDE - Wohnung$0$ROMANS
 41
0.8
 72
1
 11
2572.291695561229
 21
2252.638690628107
 31
1.85e-14
100
AcDbText
 73
2
1001
AcDbBlockRepETag
1070
1
1071
18
1005
B8EA
  0
ENDBLK
  5
B8E7
330
B8E5
100
AcDbEntity
  8
0
100
AcDbBlockEnd
  0
BLOCK
  5
B8ED
330
B8EC
100
AcDbEntity
  8
0
100
AcDbBlockBegin
  2
BSK-Anschluss
 70
0
 10
0.0
 20
0.0
 30
0.0
  3
BSK-Anschluss
  1

  0
CIRCLE
  5
B8EF
330
B8EC
100
AcDbEntity
  8
0
 62
160
100
AcDbCircle
 10
2572.428272913144
 20
2249.082312926666
 30
1.85e-14
 40
0.6529389710436801
1001
AcDbBlockRepETag
1070
1
1071
17
1005
B8EF
  0
TEXT
  5
B8F0
330
B8EC
100
AcDbEntity
  8
0
 62
160
100
AcDbText
 10
2572.134450376174
 20
2248.004963624444
 30
1.85e-14
 40
0.32646948552184
  1
BSK
  7
ET_LEGENDE - Wohnung$0$ROMANS
 41
0.6
 72
1
 11
2572.428272913144
 21
2248.168198367205
 31
1.85e-14
100
AcDbText
 73
2
1001
AcDbBlockRepETag
1070
1
1071
41
1005
B8F0
  0
TEXT
  5
B8F1
330
B8EC
100
AcDbEntity
  8
0
 62
160
100
AcDbText
 10
2572.129786526381
 20
2248.755843441144
 30
1.85e-14
 40
0.6529389710436801
  1
M
  7
ET_LEGENDE - Wohnung$0$ROMANS
 41
0.8
 72
1
 11
2572.428272913144
 21
2249.082312926666
 31
1.85e-14
100
AcDbText
 73
2
1001
AcDbBlockRepETag
1070
1
1071
18
1005
B8F1
  0
ENDBLK
  5
B8EE
330
B8EC
100
AcDbEntity
  8
0
100
AcDbBlockEnd
  0
BLOCK
  5
B8F4
330
B8F3
100
AcDbEntity
  8
0
100
AcDbBlockBegin
  2
BSK+RM-Anschluss
 70
0
 10
0.0
 20
0.0
 30
0.0
  3
BSK+RM-Anschluss
  1

  0
CIRCLE
  5
B8F6
330
B8F3
100
AcDbEntity
  8
0
 62
160
100
AcDbCircle
 10
2572.635561745491
 20
2246.214640208592
 30
1.85e-14
 40
0.6529389710436801
1001
AcDbBlockRepETag
1070
1
1071
17
1005
B8F6
  0
TEXT
  5
B8F7
330
B8F3
100
AcDbEntity
  8
0
 62
160
100
AcDbText
 10
2572.015269723
 20
2245.137290906369
 30
1.85e-14
 40
0.32646948552184
  1
BSK+RM
  7
ET_LEGENDE - Wohnung$0$ROMANS
 41
0.6
 72
1
 11
2572.635561745491
 21
2245.30052564913
 31
1.85e-14
100
AcDbText
 73
2
1001
AcDbBlockRepETag
1070
1
1071
42
1005
B8F7
  0
TEXT
  5
B8F8
330
B8F3
100
AcDbEntity
  8
0
 62
160
100
AcDbText
 10
2572.337075358728
 20
2245.88817072307
 30
1.85e-14
 40
0.6529389710436801
  1
M
  7
ET_LEGENDE - Wohnung$0$ROMANS
 41
0.8
 72
1
 11
2572.635561745491
 21
2246.214640208592
 31
1.85e-14
100
AcDbText
 73
2
1001
AcDbBlockRepETag
1070
1
1071
18
1005
B8F8
  0
ENDBLK
  5
B8F5
330
B8F3
100
AcDbEntity
  8
0
100
AcDbBlockEnd
  0
BLOCK
  5
B8FB
330
B8FA
100
AcDbEntity
  8
0
100
AcDbBlockBegin
  2
Türmotor
 70
0
 10
0.0
 20
0.0
 30
0.0
  3
Türmotor
  1

  0
CIRCLE
  5
B8FD
330
B8FA
100
AcDbEntity
  8
0
 62
160
100
AcDbCircle
 10
2572.683934775859
 20
2243.173801217905
 30
1.85e-14
 40
0.6529389710436801
1001
AcDbBlockRepETag
1070
1
1071
17
1005
B8FD
  0
TEXT
  5
B8FE
330
B8FA
100
AcDbEntity
  8
0
 62
160
100
AcDbText
 10
2572.385448389097
 20
2242.847331732383
 30
1.85e-14
 40
0.6529389710436801
  1
M
  7
ET_LEGENDE - Wohnung$0$ROMANS
 41
0.8
 72
1
 11
2572.683934775859
 21
2243.173801217905
 31
1.85e-14
100
AcDbText
 73
2
1001
AcDbBlockRepETag
1070
1
1071
18
1005
B8FE
  0
TEXT
  5
B8FF
330
B8FA
100
AcDbEntity
  8
0
 62
160
100
AcDbText
 10
2572.026331955023
 20
2242.096451915683
 30
1.85e-14
 40
0.32646948552184
  1
Türmotor
  7
ET_LEGENDE - Wohnung$0$ROMANS
 41
0.6
 72
1
 11
2572.683934775859
 21
2242.259686658444
 31
1.85e-14
100
AcDbText
 73
2
1001
AcDbBlockRepETag
1070
1
1071
44
1005
B8FF
  0
ENDBLK
  5
B8FC
330
B8FA
100
AcDbEntity
  8
0
100
AcDbBlockEnd
  0
BLOCK
  5
B902
330
B901
100
AcDbEntity
  8
0
100
AcDbBlockBegin
  2
Lüfter
 70
0
 10
0.0
 20
0.0
 30
0.0
  3
Lüfter
  1

  0
CIRCLE
  5
B904
330
B901
100
AcDbEntity
  8
0
 62
160
100
AcDbCircle
 10
2572.756856221804
 20
2240.259284091225
 30
1.85e-14
 40
0.6529389710436801
1001
AcDbBlockRepETag
1070
1
1071
17
1005
B904
  0
LINE
  5
B905
330
B901
100
AcDbEntity
  8
0
 62
160
100
AcDbLine
 10
2573.156019764591
 20
2240.856382842688
 30
1.85e-14
 11
2573.332103587377
 21
2239.829227209768
 31
1.85e-14
1001
AcDbBlockRepETag
1070
1
1071
52
1005
B905
  0
LINE
  5
B906
330
B901
100
AcDbEntity
  8
0
 62
160
100
AcDbLine
 10
2572.357873144414
 20
2240.85650344527
 30
1.85e-14
 11
2572.181738848517
 21
2239.829053385868
 31
1.85e-14
1001
AcDbBlockRepETag
1070
1
1071
53
1005
B906
  0
ENDBLK
  5
B903
330
B901
100
AcDbEntity
  8
0
100
AcDbBlockEnd
  0
BLOCK
  5
B909
330
B908
100
AcDbEntity
  8
0
100
AcDbBlockBegin
  2
Lüfter mit Nachlauf
 70
0
 10
0.0
 20
0.0
 30
0.0
  3
Lüfter mit Nachlauf
  1

  0
CIRCLE
  5
B90B
330
B908
100
AcDbEntity
  8
0
 62
160
100
AcDbCircle
 10
2572.805471013499
 20
2237.794712075585
 30
1.85e-14
 40
0.6529389710436801
1001
AcDbBlockRepETag
1070
1
1071
17
1005
B90B
  0
LINE
  5
B90C
330
B908
100
AcDbEntity
  8
0
 62
160
100
AcDbLine
 10
2573.204634556287
 20
2238.391810827048
 30
1.85e-14
 11
2573.380718379073
 21
2237.364655194129
 31
1.85e-14
1001
AcDbBlockRepETag
1070
1
1071
52
1005
B90C
  0
LINE
  5
B90D
330
B908
100
AcDbEntity
  8
0
 62
160
100
AcDbLine
 10
2572.406487936111
 20
2238.39193142963
 30
1.85e-14
 11
2572.230353640212
 21
2237.364481370228
 31
1.85e-14
1001
AcDbBlockRepETag
1070
1
1071
53
1005
B90D
  0
TEXT
  5
B90E
330
B908
100
AcDbEntity
  8
0
 62
160
100
AcDbText
 10
2572.606480088991
 20
2237.468242590063
 30
1.85e-14
 40
0.6529389710436801
  1
T
  7
ET_LEGENDE - Wohnung$0$ROMANS
 41
0.8
 72
1
 11
2572.805471013499
 21
2237.794712075585
 31
1.85e-14
100
AcDbText
 73
2
1001
AcDbBlockRepETag
1070
1
1071
54
1005
B90E
  0
ENDBLK
  5
B90A
330
B908
100
AcDbEntity
  8
0
100
AcDbBlockEnd
  0
BLOCK
  5
B911
330
B910
100
AcDbEntity
  8
0
100
AcDbBlockBegin
  2
Nachlüftung
 70
0
 10
0.0
 20
0.0
 30
0.0
  3
Nachlüftung
  1

  0
CIRCLE
  5
B913
330
B910
100
AcDbEntity
  8
0
100
AcDbCircle
 10
2572.805837363488
 20
2235.213786246973
 30
1.85e-14
 40
0.6529389710436801
1001
AcDbBlockRepETag
1070
1
1071
17
1005
B913
  0
HATCH
  5
B914
330
B910
100
AcDbEntity
  8
0
 62
152
100
AcDbHatch
 10
0.0
 20
0.0
 30
1.85e-14
210
0.0
220
0.0
230
1.0
  2
SOLID
 70
1
 71
0
 91
1
 92
1
 93
1
 72
2
 10
2572.805837363488
 20
2235.213786246973
 40
0.6529389710436801
 50
0.0
 51
360.0
 73
1
 97
0
 75
0
 76
1
 98
1
 10
2566.042755109166
 20
2235.095552701505
450
0
451
0
460
0.0
461
0.0
452
0
462
0.0
453
0
470

1001
AcDbBlockRepETag
1070
1
1071
679
1005
B914
1001
ACAD
1010
0.0
1020
0.0
1030
0.0
  0
TEXT
  5
B915
330
B910
100
AcDbEntity
  8
0
 62
7
100
AcDbText
 10
2572.532224842289
 20
2234.887316761451
 30
1.85e-14
 40
0.6529389710436801
  1
N
  7
ET_LEGENDE - Wohnung$0$ROMANS
 41
0.8
 72
1
 11
2572.805837363488
 21
2235.213786246973
 31
1.85e-14
100
AcDbText
 73
2
1001
AcDbBlockRepETag
1070
1
1071
675
1005
B915
1001
ACAD
1000
ACAD_MTEXT_DEFINED_HEIGHT_BEGIN
1070
46
1040
80.38199181446099
1000
ACAD_MTEXT_DEFINED_HEIGHT_END
  0
ENDBLK
  5
B912
330
B910
100
AcDbEntity
  8
0
100
AcDbBlockEnd
  0
BLOCK
  5
B918
330
B917
100
AcDbEntity
  8
0
100
AcDbBlockBegin
  2
Sonnenschutz-Innen
 70
0
 10
0.0
 20
0.0
 30
0.0
  3
Sonnenschutz-Innen
  1

  0
CIRCLE
  5
B91A
330
B917
100
AcDbEntity
  8
0
100
AcDbCircle
 10
2572.854452155183
 20
2232.64047703238
 30
1.85e-14
 40
0.6529389710436801
1001
AcDbBlockRepETag
1070
1
1071
17
1005
B91A
  0
HATCH
  5
B91B
330
B917
100
AcDbEntity
  8
0
 62
112
100
AcDbHatch
 10
0.0
 20
0.0
 30
1.85e-14
210
0.0
220
0.0
230
1.0
  2
SOLID
 70
1
 71
0
 91
1
 92
1
 93
1
 72
2
 10
2572.854452155183
 20
2232.64047703238
 40
0.6529389710436801
 50
0.0
 51
360.0
 73
1
 97
0
 75
0
 76
1
 98
1
 10
2564.755635361507
 20
2232.522243486911
450
0
451
0
460
0.0
461
0.0
452
0
462
0.0
453
0
470

1001
AcDbBlockRepETag
1070
1
1071
678
1005
B91B
1001
ACAD
1010
0.0
1020
0.0
1030
0.0
  0
TEXT
  5
B91C
330
B917
100
AcDbEntity
  8
0
 62
7
100
AcDbText
 10
2572.754956692929
 20
2232.314007546858
 30
1.85e-14
 40
0.6529389710436801
  1
I
  7
ET_LEGENDE - Wohnung$0$ROMANS
 41
0.8
 72
1
 11
2572.854452155183
 21
2232.64047703238
 31
1.85e-14
100
AcDbText
 73
2
1001
AcDbBlockRepETag
1070
1
1071
672
1005
B91C
1001
ACAD
1000
ACAD_MTEXT_DEFINED_HEIGHT_BEGIN
1070
46
1040
80.38199181446099
1000
ACAD_MTEXT_DEFINED_HEIGHT_END
  0
ENDBLK
  5
B919
330
B917
100
AcDbEntity
  8
0
100
AcDbBlockEnd
  0
BLOCK
  5
B91F
330
B91E
100
AcDbEntity
  8
0
100
AcDbBlockBegin
  2
Sonnenschutz-Außen
 70
0
 10
0.0
 20
0.0
 30
0.0
  3
Sonnenschutz-Außen
  1

  0
CIRCLE
  5
B921
330
B91E
100
AcDbEntity
  8
0
100
AcDbCircle
 10
2572.903494107998
 20
2229.933155714419
 30
1.85e-14
 40
0.6529389710436801
1001
AcDbBlockRepETag
1070
1
1071
17
1005
B921
  0
HATCH
  5
B922
330
B91E
100
AcDbEntity
  8
0
 62
112
100
AcDbHatch
 10
0.0
 20
0.0
 30
1.85e-14
210
0.0
220
0.0
230
1.0
  2
SOLID
 70
1
 71
0
 91
1
 92
1
 93
1
 72
2
 10
2572.903494107998
 20
2229.933155714419
 40
0.6529389710436801
 50
0.0
 51
360.0
 73
1
 97
0
 75
0
 76
1
 98
1
 10
2564.804677314322
 20
2229.81492216895
450
0
451
0
460
0.0
461
0.0
452
0
462
0.0
453
0
470

1001
AcDbBlockRepETag
1070
1
1071
678
1005
B922
1001
ACAD
1010
0.0
1020
0.0
1030
0.0
  0
TEXT
  5
B923
330
B91E
100
AcDbEntity
  8
0
 62
7
100
AcDbText
 10
2572.679629317926
 20
2229.606686228897
 30
1.85e-14
 40
0.6529389710436801
  1
A
  7
ET_LEGENDE - Wohnung$0$ROMANS
 41
0.8
 72
1
 11
2572.903494107998
 21
2229.933155714419
 31
1.85e-14
100
AcDbText
 73
2
1001
AcDbBlockRepETag
1070
1
1071
669
1005
B923
1001
ACAD
1000
ACAD_MTEXT_DEFINED_HEIGHT_BEGIN
1070
46
1040
80.38199181446099
1000
ACAD_MTEXT_DEFINED_HEIGHT_END
  0
ENDBLK
  5
B920
330
B91E
100
AcDbEntity
  8
0
100
AcDbBlockEnd
  0
BLOCK
  5
B926
330
B925
100
AcDbEntity
  8
0
100
AcDbBlockBegin
  2
Vollverdunkelung
 70
0
 10
0.0
 20
0.0
 30
0.0
  3
Vollverdunkelung
  1

  0
CIRCLE
  5
B928
330
B925
100
AcDbEntity
  8
0
100
AcDbCircle
 10
2572.878966457198
 20
2227.237362443302
 30
1.85e-14
 40
0.6529389710436801
1001
AcDbBlockRepETag
1070
1
1071
17
1005
B928
  0
HATCH
  5
B929
330
B925
100
AcDbEntity
  8
0
 62
231
100
AcDbHatch
 10
0.0
 20
0.0
 30
1.85e-14
210
0.0
220
0.0
230
1.0
  2
SOLID
 70
1
 71
0
 91
1
 92
1
 93
1
 72
2
 10
2572.878966457198
 20
2227.237362443302
 40
0.6529389710436801
 50
0.0
 51
360.0
 73
1
 97
0
 75
0
 76
1
 98
1
 10
2568.136377663016
 20
2227.669911701454
450
0
451
0
460
0.0
461
0.0
452
0
462
0.0
453
0
470

1001
AcDbBlockRepETag
1070
1
1071
677
1005
B929
1001
ACAD
1010
0.0
1020
0.0
1030
0.0
  0
TEXT
  5
B92A
330
B925
100
AcDbEntity
  8
0
 62
7
100
AcDbText
 10
2572.418799944272
 20
2226.91089295778
 30
1.85e-14
 40
0.6529389710436801
  1
VD
  7
ET_LEGENDE - Wohnung$0$ROMANS
 41
0.8
 72
1
 11
2572.878966457198
 21
2227.237362443302
 31
1.85e-14
100
AcDbText
 73
2
1001
AcDbBlockRepETag
1070
1
1071
674
1005
B92A
1001
ACAD
1000
ACAD_MTEXT_DEFINED_HEIGHT_BEGIN
1070
46
1040
80.38199181446099
1000
ACAD_MTEXT_DEFINED_HEIGHT_END
  0
ENDBLK
  5
B927
330
B925
100
AcDbEntity
  8
0
100
AcDbBlockEnd
  0
BLOCK
  5
BA9B
330
BA9A
100
AcDbEntity
  8
0
100
AcDbBlockBegin
  2
Dunstabzug
 70
0
 10
0.0
 20
0.0
 30
0.0
  3
Dunstabzug
  1

  0
TEXT
  5
BA9D
330
BA9A
100
AcDbEntity
  8
E_Muster
100
AcDbText
 10
2572.199406231592
 20
2223.114107013737
 30
1.478e-13
 40
1.305877942087356
  1
DA     
  7
ET_LEGENDE - Wohnung$0$ROMANS
 41
0.6
100
AcDbText
  0
ENDBLK
  5
BA9C
330
BA9A
100
AcDbEntity
  8
0
100
AcDbBlockEnd
  0
BLOCK
  5
BAA0
330
BA9F
100
AcDbEntity
  8
0
100
AcDbBlockBegin
  2
Elektroherd-Beschriftung
 70
0
 10
0.0
 20
0.0
 30
0.0
  3
Elektroherd-Beschriftung
  1

  0
TEXT
  5
BAA2
330
BA9F
100
AcDbEntity
  8
E_Muster
100
AcDbText
 10
2572.199406231592
 20
2220.937643776925
 30
1.478e-13
 40
1.305877942087356
  1
EH     
  7
ET_LEGENDE - Wohnung$0$ROMANS
 41
0.6
100
AcDbText
  0
ENDBLK
  5
BAA1
330
BA9F
100
AcDbEntity
  8
0
100
AcDbBlockEnd
  0
BLOCK
  5
BAA6
330
BAA5
100
AcDbEntity
  8
0
100
AcDbBlockBegin
  2
Dunstabzug-Beschriftung
 70
0
 10
0.0
 20
0.0
 30
0.0
  3
Dunstabzug-Beschriftung
  1

  0
TEXT
  5
BAA8
330
BAA5
100
AcDbEntity
  8
E_Muster
100
AcDbText
 10
2572.199406231592
 20
2223.114107013737
 30
1.478e-13
 40
1.305877942087356
  1
DA     
  7
ET_LEGENDE - Wohnung$0$ROMANS
 41
0.6
100
AcDbText
  0
ENDBLK
  5
BAA7
330
BAA5
100
AcDbEntity
  8
0
100
AcDbBlockEnd
  0
BLOCK
  5
BAAB
330
BAAA
100
AcDbEntity
  8
0
100
AcDbBlockBegin
  2
Geschirrspüler-Beschriftung
 70
0
 10
0.0
 20
0.0
 30
0.0
  3
Geschirrspüler-Beschriftung
  1

  0
TEXT
  5
BAAD
330
BAAA
100
AcDbEntity
  8
E_Muster
100
AcDbText
 10
2572.236717029938
 20
2218.761180540111
 30
1.478e-13
 40
1.305877942087356
  1
GS     
  7
ET_LEGENDE - Wohnung$0$ROMANS
 41
0.6
100
AcDbText
  0
ENDBLK
  5
BAAC
330
BAAA
100
AcDbEntity
  8
0
100
AcDbBlockEnd
  0
BLOCK
  5
BAB0
330
BAAF
100
AcDbEntity
  8
0
100
AcDbBlockBegin
  2
Kühlschrank-Beschriftung
 70
0
 10
0.0
 20
0.0
 30
0.0
  3
Kühlschrank-Beschriftung
  1

  0
TEXT
  5
BAB2
330
BAAF
100
AcDbEntity
  8
E_Muster
100
AcDbText
 10
2572.199406231592
 20
2216.584717303301
 30
1.478e-13
 40
1.305877942087356
  1
KS     
  7
ET_LEGENDE - Wohnung$0$ROMANS
 41
0.6
100
AcDbText
  0
ENDBLK
  5
BAB1
330
BAAF
100
AcDbEntity
  8
0
100
AcDbBlockEnd
  0
BLOCK
  5
BAB5
330
BAB4
100
AcDbEntity
  8
0
100
AcDbBlockBegin
  2
Mikrowelle
 70
0
 10
0.0
 20
0.0
 30
0.0
  3
Mikrowelle
  1

  0
TEXT
  5
BAB7
330
BAB4
100
AcDbEntity
  8
E_Muster
100
AcDbText
 10
2572.199406231592
 20
2214.408254066488
 30
1.478e-13
 40
1.305877942087356
  1
MW     
  7
ET_LEGENDE - Wohnung$0$ROMANS
 41
0.6
100
AcDbText
  0
ENDBLK
  5
BAB6
330
BAB4
100
AcDbEntity
  8
0
100
AcDbBlockEnd
  0
BLOCK
  5
BABA
330
BAB9
100
AcDbEntity
  8
0
100
AcDbBlockBegin
  2
Gullyheizung
 70
0
 10
0.0
 20
0.0
 30
0.0
  3
Gullyheizung
  1

  0
TEXT
  5
BABC
330
BAB9
100
AcDbEntity
  8
E_Muster
100
AcDbText
 10
2572.236717029938
 20
2212.231790829676
 30
1.478e-13
 40
1.305877942087356
  1
GH     
  7
ET_LEGENDE - Wohnung$0$ROMANS
 41
0.6
100
AcDbText
  0
ENDBLK
  5
BABB
330
BAB9
100
AcDbEntity
  8
0
100
AcDbBlockEnd
  0
BLOCK
  5
BABF
330
BABE
100
AcDbEntity
  8
0
100
AcDbBlockBegin
  2
Waschmaschine
 70
0
 10
0.0
 20
0.0
 30
0.0
  3
Waschmaschine
  1

  0
TEXT
  5
BAC1
330
BABE
100
AcDbEntity
  8
E_Muster
100
AcDbText
 10
2572.274027828283
 20
2210.055327592863
 30
1.478e-13
 40
1.305877942087356
  1
WM    
  7
ET_LEGENDE - Wohnung$0$ROMANS
 41
0.6
100
AcDbText
  0
ENDBLK
  5
BAC0
330
BABE
100
AcDbEntity
  8
0
100
AcDbBlockEnd
  0
BLOCK
  5
BAC4
330
BAC3
100
AcDbEntity
  8
0
100
AcDbBlockBegin
  2
Lüfter-Beschriftung
 70
0
 10
0.0
 20
0.0
 30
0.0
  3
Lüfter-Beschriftung
  1

  0
TEXT
  5
BAC6
330
BAC3
100
AcDbEntity
  8
E_Muster
100
AcDbText
 10
2572.199406231592
 20
2207.630125700415
 30
1.478e-13
 40
1.305877942087356
  1
LÜ     
  7
ET_LEGENDE - Wohnung$0$ROMANS
 41
0.6
100
AcDbText
  0
ENDBLK
  5
BAC5
330
BAC3
100
AcDbEntity
  8
0
100
AcDbBlockEnd
  0
BLOCK
  5
BAC9
330
BAC8
100
AcDbEntity
  8
0
100
AcDbBlockBegin
  2
Klima-Beschriftung
 70
0
 10
0.0
 20
0.0
 30
0.0
  3
Klima-Beschriftung
  1

  0
TEXT
  5
BACB
330
BAC8
100
AcDbEntity
  8
E_Muster
100
AcDbText
 10
2572.199406231592
 20
2205.453662463604
 30
1.478e-13
 40
1.305877942087356
  1
KL     
  7
ET_LEGENDE - Wohnung$0$ROMANS
 41
0.6
100
AcDbText
  0
ENDBLK
  5
BACA
330
BAC8
100
AcDbEntity
  8
0
100
AcDbBlockEnd
  0
BLOCK
  5
BAFA
330
BAF9
100
AcDbEntity
  8
0
100
AcDbBlockBegin
  2
Leerdose-Kamera
 70
0
 10
0.0
 20
0.0
 30
0.0
  3
Leerdose-Kamera
  1

  0
LINE
  5
BAFC
330
BAF9
100
AcDbEntity
  8
0
 62
1
370
-2
100
AcDbLine
 10
2571.880085488525
 20
2200.317992993129
 30
0.0
 11
2571.238838857795
 21
2200.959239623859
 31
0.0
  0
LINE
  5
BAFD
330
BAF9
100
AcDbEntity
  8
0
 62
1
370
-2
100
AcDbLine
 10
2573.162578749986
 20
2201.60048625459
 30
0.0
 11
2571.880085488525
 21
2200.317992993129
 31
0.0
  0
LINE
  5
BAFE
330
BAF9
100
AcDbEntity
  8
0
 62
1
370
-2
100
AcDbLine
 10
2571.238838857795
 20
2200.959239623859
 30
0.0
 11
2572.521332119256
 21
2202.241732885321
 31
0.0
  0
LINE
  5
BAFF
330
BAF9
100
AcDbEntity
  8
0
 62
1
370
-2
100
AcDbLine
 10
2572.914710636097
 20
2201.848354368479
 30
0.0
 11
2573.803825380717
 21
2202.241732885321
 31
0.0
  0
LINE
  5
BB00
330
BAF9
100
AcDbEntity
  8
0
 62
1
370
-2
100
AcDbLine
 10
2573.803825380717
 20
2202.241732885321
 30
0.0
 11
2573.162578749986
 21
2202.882979516051
 31
0.0
  0
LINE
  5
BB01
330
BAF9
100
AcDbEntity
  8
0
 62
1
370
-2
100
AcDbLine
 10
2572.521332119256
 20
2202.241732885321
 30
0.0
 11
2573.162578749986
 21
2201.60048625459
 31
0.0
  0
LINE
  5
BB02
330
BAF9
100
AcDbEntity
  8
0
 62
1
370
-2
100
AcDbLine
 10
2572.769200233145
 20
2201.993864771431
 30
0.0
 11
2573.162578749986
 21
2202.882979516051
 31
0.0
  0
ENDBLK
  5
BAFB
330
BAF9
100
AcDbEntity
  8
0
100
AcDbBlockEnd
  0
BLOCK
  5
BCAA
330
BCA9
100
AcDbEntity
  8
0
100
AcDbBlockBegin
  2
Elektroverteiler
 70
0
 10
0.0
 20
0.0
 30
0.0
  3
Elektroverteiler
  1

  0
HATCH
  5
BCAC
330
BCA9
100
AcDbEntity
  8
0
 62
160
100
AcDbHatch
 10
0.0
 20
0.0
 30
0.0
210
0.0
220
0.0
230
1.0
  2
ANSI31
 70
0
 71
1
 91
1
 92
1
 93
3
 72
1
 10
2575.186166707292
 20
2198.066301731055
 11
2575.181265334153
 21
2195.887970892682
 72
1
 10
2575.181265334153
 20
2195.887970892682
 11
2570.824603657405
 21
2195.897773638961
 72
1
 10
2570.824603657405
 20
2195.897773638961
 11
2575.186166707292
 21
2198.066301731055
 97
1
330
BCAD
 75
0
 76
1
 52
179.8710813271069
 41
0.054458408813913
 77
0
 78
1
 53
224.8710813271069
 43
2563.238880555767
 44
2192.011201517575
 45
0.1219872078680049
 46
-0.1225374026947525
 79
0
 98
1
 10
2563.238880555767
 20
2192.011201517575
1001
AcDbBlockRepETag
1070
1
1071
111
1005
BCAC
1001
ACAD
1010
0.0
1020
0.0
1030
0.0
  0
LWPOLYLINE
  5
BCAD
102
{ACAD_REACTORS
330
BCAC
102
}
330
BCA9
100
AcDbEntity
  8
0
 62
160
100
AcDbPolyline
 90
4
 70
0
 10
2575.186166707292
 20
2198.066301731055
 10
2575.181265334153
 20
2195.887970892682
 10
2570.824603657405
 20
2195.897773638961
 10
2575.186166707292
 20
2198.066301731055
1001
AcDbBlockRepETag
1070
1
1071
110
1005
BCAD
  0
LWPOLYLINE
  5
BCAE
330
BCA9
100
AcDbEntity
  8
0
 62
160
100
AcDbPolyline
 90
4
 70
1
 43
0.108916817627826
 10
2575.181265334153
 20
2195.887970892682
 10
2570.824603657405
 20
2195.897773638961
 10
2570.829505030545
 20
2198.076104477335
 10
2575.186166707292
 20
2198.066301731055
1001
AcDbBlockRepETag
1070
1
1071
108
1005
BCAE
  0
LINE
  5
BCAF
330
BCA9
100
AcDbEntity
  8
0
 62
160
100
AcDbLine
 10
2575.186166707292
 20
2198.066301731055
 30
0.0
 11
2570.824603657405
 21
2195.897773638961
 31
0.0
1001
AcDbBlockRepETag
1070
1
1071
109
1005
BCAF
  0
ENDBLK
  5
BCAB
330
BCA9
100
AcDbEntity
  8
0
100
AcDbBlockEnd
  0
BLOCK
  5
BCB2
330
BCB1
100
AcDbEntity
  8
0
100
AcDbBlockBegin
  2
Medienverteiler
 70
0
 10
0.0
 20
0.0
 30
0.0
  3
Medienverteiler
  1

  0
HATCH
  5
BCB4
330
BCB1
100
AcDbEntity
  8
0
 62
3
100
AcDbHatch
 10
0.0
 20
0.0
 30
0.0
210
0.0
220
0.0
230
0.9999999999999998
  2
ANSI31
 70
0
 71
1
 91
1
 92
1
 93
3
 72
1
 10
2575.178814647677
 20
2194.798805473541
 11
2575.173913274537
 21
2192.620474635167
 72
1
 10
2575.173913274537
 20
2192.620474635167
 11
2570.817251597789
 21
2192.630277381447
 72
1
 10
2570.817251597789
 20
2192.630277381447
 11
2575.178814647677
 21
2194.798805473541
 97
1
330
BCB5
 75
0
 76
1
 52
179.8710813270986
 41
0.054458408813913
 77
0
 78
1
 53
224.8710813270986
 43
2563.231528496149
 44
2188.743705260062
 45
0.1219872078679871
 46
-0.1225374026947702
 79
0
 98
1
 10
2563.231528496149
 20
2188.743705260062
1001
AcDbBlockRepETag
1070
1
1071
111
1005
BCB4
1001
ACAD
1010
0.0
1020
0.0
1030
0.0
  0
LWPOLYLINE
  5
BCB5
102
{ACAD_REACTORS
330
BCB4
102
}
330
BCB1
100
AcDbEntity
  8
0
 62
3
100
AcDbPolyline
 90
4
 70
0
 10
2575.178814647677
 20
2194.798805473541
 10
2575.173913274537
 20
2192.620474635167
 10
2570.817251597789
 20
2192.630277381447
 10
2575.178814647677
 20
2194.798805473541
1001
AcDbBlockRepETag
1070
1
1071
110
1005
BCB5
  0
LWPOLYLINE
  5
BCB6
330
BCB1
100
AcDbEntity
  8
0
 62
3
100
AcDbPolyline
 90
4
 70
1
 43
0.1089168176278259
 10
2575.173913274537
 20
2192.620474635167
 10
2570.817251597789
 20
2192.630277381447
 10
2570.822152970929
 20
2194.808608219821
 10
2575.178814647677
 20
2194.798805473541
1001
AcDbBlockRepETag
1070
1
1071
108
1005
BCB6
  0
LINE
  5
BCB7
330
BCB1
100
AcDbEntity
  8
0
 62
3
100
AcDbLine
 10
2575.178814647677
 20
2194.798805473541
 30
0.0
 11
2570.817251597789
 21
2192.630277381447
 31
0.0
1001
AcDbBlockRepETag
1070
1
1071
109
1005
BCB7
  0
ENDBLK
  5
BCB3
330
BCB1
100
AcDbEntity
  8
0
100
AcDbBlockEnd
  0
BLOCK
  5
BCBA
330
BCB9
100
AcDbEntity
  8
0
100
AcDbBlockBegin
  2
DBA-Verteiler
 70
0
 10
0.0
 20
0.0
 30
0.0
  3
DBA-Verteiler
  1

  0
HATCH
  5
BCBC
330
BCB9
100
AcDbEntity
  8
0
 62
1
100
AcDbHatch
 10
0.0
 20
0.0
 30
0.0
210
0.0
220
0.0
230
1.0
  2
ANSI31
 70
0
 71
1
 91
1
 92
1
 93
3
 72
1
 10
2575.181282704838
 20
2191.481034626136
 11
2575.176381331698
 21
2189.302703787762
 72
1
 10
2575.176381331698
 20
2189.302703787762
 11
2570.81971965495
 21
2189.312506534042
 72
1
 10
2570.81971965495
 20
2189.312506534042
 11
2575.181282704838
 21
2191.481034626136
 97
1
330
BCBD
 75
0
 76
1
 52
179.8710813270986
 41
0.054458408813913
 77
0
 78
1
 53
224.8710813270986
 43
2563.23399655331
 44
2185.425934412656
 45
0.1219872078679871
 46
-0.1225374026947702
 79
0
 98
1
 10
2563.23399655331
 20
2185.425934412656
1001
AcDbBlockRepETag
1070
1
1071
111
1005
BCBC
1001
ACAD
1010
0.0
1020
0.0
1030
0.0
  0
LWPOLYLINE
  5
BCBD
102
{ACAD_REACTORS
330
BCBC
102
}
330
BCB9
100
AcDbEntity
  8
0
 62
1
100
AcDbPolyline
 90
4
 70
0
 10
2575.181282704838
 20
2191.481034626136
 10
2575.176381331698
 20
2189.302703787762
 10
2570.81971965495
 20
2189.312506534042
 10
2575.181282704838
 20
2191.481034626136
1001
AcDbBlockRepETag
1070
1
1071
110
1005
BCBD
  0
LWPOLYLINE
  5
BCBE
330
BCB9
100
AcDbEntity
  8
0
 62
1
100
AcDbPolyline
 90
4
 70
1
 43
0.1089168176278259
 10
2575.176381331698
 20
2189.302703787762
 10
2570.81971965495
 20
2189.312506534042
 10
2570.824621028089
 20
2191.490837372417
 10
2575.181282704838
 20
2191.481034626136
1001
AcDbBlockRepETag
1070
1
1071
108
1005
BCBE
  0
LINE
  5
BCBF
330
BCB9
100
AcDbEntity
  8
0
 62
1
100
AcDbLine
 10
2575.181282704838
 20
2191.481034626136
 30
0.0
 11
2570.81971965495
 21
2189.312506534042
 31
0.0
1001
AcDbBlockRepETag
1070
1
1071
109
1005
BCBF
  0
ENDBLK
  5
BCBB
330
BCB9
100
AcDbEntity
  8
0
100
AcDbBlockEnd
  0
BLOCK
  5
BD1E
330
BD1D
100
AcDbEntity
  8
0
100
AcDbBlockBegin
  2
Freilauftürschließer
 70
2
 10
0.0
 20
0.0
 30
0.0
  3
Freilauftürschließer
  1

  0
LWPOLYLINE
  5
BD20
102
{ACAD_REACTORS
330
BD23
102
}
330
BD1D
100
AcDbEntity
  8
0
  6
ByBlock
 62
6
100
AcDbPolyline
 90
4
 70
1
 10
2606.537537462606
 20
2391.422018320897
 10
2608.535776037499
 20
2391.422018320897
 10
2608.535776037499
 20
2390.637571722656
 10
2606.537537462606
 20
2390.637571722656
  0
LINE
  5
BD21
102
{ACAD_REACTORS
330
BD23
102
}
330
BD1D
100
AcDbEntity
  8
0
  6
ByBlock
 62
6
100
AcDbLine
 10
2608.535776037499
 20
2390.637571722656
 30
0.0
 11
2609.501823587876
 21
2390.637571722656
 31
0.0
  0
LINE
  5
BD22
102
{ACAD_REACTORS
330
BD23
102
}
330
BD1D
100
AcDbEntity
  8
0
  6
ByBlock
 62
6
100
AcDbLine
 10
2609.501823587876
 20
2390.637571722656
 30
0.0
 11
2608.535776037499
 21
2391.422018320897
 31
0.0
  0
HATCH
  5
BD23
330
BD1D
100
AcDbEntity
  8
0
  6
ByBlock
 62
6
100
AcDbHatch
 10
0.0
 20
0.0
 30
0.0
210
0.0
220
0.0
230
1.0
  2
SOLID
 70
1
 71
1
 91
1
 92
7
 72
0
 73
1
 93
3
 10
2608.535776037499
 20
2391.422018320897
 10
2608.535776037499
 20
2390.637571722656
 10
2609.501823587876
 20
2390.637571722656
 97
3
330
BD20
330
BD21
330
BD22
 75
0
 76
1
 47
0.227002750821621
 98
1
 10
2608.854544302634
 20
2391.033816928098
450
0
451
0
460
0.0
461
0.0
452
0
462
0.0
453
0
470

  0
ATTDEF
  5
BD24
330
BD1D
100
AcDbEntity
  8
0
 62
130
100
AcDbText
 10
2607.536656750053
 20
2391.709584289528
 30
0.0
 40
0.9713633871268875
  1

  7
M&P_ARIAL
 72
1
 11
2607.536656750053
 21
2391.422018320897
 31
0.0
100
AcDbAttributeDefinition
  3

  2
FTS
 70
0
 74
1
 71
1
 72
0
 11
2607.536656750053
 21
2391.422018320897
 31
0.0
  0
ENDBLK
  5
BD1F
330
BD1D
100
AcDbEntity
  8
0
100
AcDbBlockEnd
  0
BLOCK
  5
BD29
330
BD28
100
AcDbEntity
  8
0
100
AcDbBlockBegin
  2
Druckknopfmelder
 70
0
 10
0.0
 20
0.0
 30
0.0
  3
Druckknopfmelder
  1

  0
CIRCLE
  5
BD2B
330
BD28
100
AcDbEntity
  8
E_Rauchmelder
100
AcDbCircle
 10
2607.325878339026
 20
2393.914166019293
 30
2.46e-14
 40
0.2132933972076019
1001
AcDbBlockRepETag
1070
1
1071
49
1005
0
  0
CIRCLE
  5
BD2C
330
BD28
100
AcDbEntity
  8
E_Rauchmelder
100
AcDbCircle
 10
2607.325878339026
 20
2393.914166019293
 30
2.46e-14
 40
0.3554889953460031
1001
AcDbBlockRepETag
1070
1
1071
50
1005
0
  0
LWPOLYLINE
  5
BD2D
330
BD28
100
AcDbEntity
  8
E_Rauchmelder
100
AcDbPolyline
 90
4
 70
1
 10
2606.614900348334
 20
2394.625144009985
 10
2606.614900348334
 20
2393.203188028602
 10
2608.036856329718
 20
2393.203188028602
 10
2608.036856329718
 20
2394.625144009985
1001
AcDbBlockRepETag
1070
1
1071
0
1005
0
  0
ENDBLK
  5
BD2A
330
BD28
100
AcDbEntity
  8
0
100
AcDbBlockEnd
  0
BLOCK
  5
BD30
330
BD2F
100
AcDbEntity
  8
0
100
AcDbBlockBegin
  2
Sirene
 70
0
 10
0.0
 20
0.0
 30
0.0
  3
Sirene
  1

  0
LINE
  5
BD32
330
BD2F
100
AcDbEntity
  8
E_Rauchmelder
100
AcDbLine
 10
2607.672605008205
 20
2396.865560561246
 30
2.46e-14
 11
2608.25167336966
 21
2397.319585970242
 31
2.46e-14
1001
AcDbBlockRepETag
1070
1
1071
106
1005
0
  0
LINE
  5
BD33
330
BD2F
100
AcDbEntity
  8
E_Rauchmelder
100
AcDbLine
 10
2608.25167336966
 20
2397.319585970242
 30
2.46e-14
 11
2608.25167336966
 21
2395.542140993514
 31
2.46e-14
1001
AcDbBlockRepETag
1070
1
1071
107
1005
0
  0
LWPOLYLINE
  5
BD34
330
BD2F
100
AcDbEntity
  8
E_Rauchmelder
100
AcDbPolyline
 90
4
 70
1
 10
2607.672605008205
 20
2395.996166402509
 10
2606.71759583891
 20
2395.996166402509
 10
2606.71759583891
 20
2396.865560561246
 10
2607.672605008205
 20
2396.865560561246
1001
AcDbBlockRepETag
1070
1
1071
108
1005
0
  0
LINE
  5
BD35
330
BD2F
100
AcDbEntity
  8
E_Rauchmelder
100
AcDbLine
 10
2607.672605008205
 20
2395.996166402509
 30
2.46e-14
 11
2608.25167336966
 21
2395.542140993514
 31
2.46e-14
1001
AcDbBlockRepETag
1070
1
1071
109
1005
0
  0
ENDBLK
  5
BD31
330
BD2F
100
AcDbEntity
  8
0
100
AcDbBlockEnd
  0
BLOCK
  5
BD38
330
BD37
100
AcDbEntity
  8
0
100
AcDbBlockBegin
  2
Schlüsselschalter-RM
 70
2
 10
0.0
 20
0.0
 30
0.0
  3
Schlüsselschalter-RM
  1

  0
LWPOLYLINE
  5
BD3A
330
BD37
100
AcDbEntity
  8
E_Rauchmelder
100
AcDbPolyline
 90
4
 70
1
 10
2606.865603735117
 20
2399.530833585274
 10
2608.2875597165
 20
2399.530833585274
 10
2608.2875597165
 20
2398.108877603891
 10
2606.865603735117
 20
2398.108877603891
1001
AcDbBlockRepETag
1070
1
1071
23
1005
0
  0
ARC
  5
BD3B
330
BD37
100
AcDbEntity
  8
E_Rauchmelder
100
AcDbCircle
 10
2607.521539217974
 20
2399.127912021068
 30
2.46e-14
 40
0.2582571935809893
100
AcDbArc
 50
282.3256315851183
 51
254.6724711192366
1001
AcDbBlockRepETag
1070
1
1071
28
1005
0
  0
LWPOLYLINE
  5
BD3C
330
BD37
100
AcDbEntity
  8
E_Rauchmelder
100
AcDbPolyline
 90
14
 70
0
 10
2607.45327242561
 20
2398.878840900509
 10
2607.45327242561
 20
2398.267495368244
 10
2607.749423539232
 20
2398.267495368244
 10
2607.749423539232
 20
2398.361249723239
 10
2607.591476086104
 20
2398.361249723239
 10
2607.591476086104
 20
2398.41059402022
 10
2607.749423539232
 20
2398.41059402022
 10
2607.749423539232
 20
2398.464873319096
 10
2607.591476086104
 20
2398.464873319096
 10
2607.591476086104
 20
2398.509282614182
 10
2607.749423539232
 20
2398.509282614182
 10
2607.749423539232
 20
2398.5586265297
 10
2607.576668722951
 20
2398.5586265297
 10
2607.576668722951
 20
2398.875607610253
1001
AcDbBlockRepETag
1070
1
1071
29
1005
0
  0
ATTDEF
  5
BD3D
330
BD37
100
AcDbEntity
  8
E_Rauchmelder
100
AcDbText
 10
2607.577050909262
 20
2399.535064942826
 30
2.36e-14
 40
0.7109779906920064
  1

  7
ROMANS
 41
0.6
 72
1
 11
2607.577050909262
 21
2399.890553938172
 31
2.36e-14
100
AcDbAttributeDefinition
  3
TYP
  2
TYP
 70
1
 74
2
280
1
 71
1
 72
0
 11
2607.577050909262
 21
2399.890553938172
 31
2.36e-14
1001
AcDbBlockRepETag
1070
1
1071
104
1005
0
  0
ENDBLK
  5
BD39
330
BD37
100
AcDbEntity
  8
0
100
AcDbBlockEnd
  0
BLOCK
  5
BD42
330
BD41
100
AcDbEntity
  8
0
100
AcDbBlockBegin
  2
Rauchmelder
 70
0
 10
0.0
 20
0.0
 30
0.0
  3
Rauchmelder
  1

  0
INSERT
  5
BD44
330
BD41
100
AcDbEntity
  8
E_Stromkreiser
 62
1
420
16450564
100
AcDbBlockReference
 66
1
  2
rm
 10
3335.451856519631
 20
2183.289273983759
 30
0.0
 41
0.0021764632368123
 42
0.0021764632368123
 43
0.0021764632368123
  0
ATTRIB
  5
BD45
330
BD44
100
AcDbEntity
  8
E_BRANDMELDE
100
AcDbText
 10
2608.309125744439
 20
2401.28568227366
 30
0.0
 40
0.6926376604846854
  1

 39
138.5889533186046
 50
0.0942858431550019
  7
OIE-DÜNN
 11
2608.309459020144
 21
2401.083156916158
 31
0.0
100
AcDbAttribute
  2
HM
 70
0
 74
1
 71
1
 72
0
 11
2608.309459020144
 21
2401.083156916158
 31
0.0
  0
SEQEND
  5
BD46
330
BD44
100
AcDbEntity
  8
E_Stromkreiser
 62
1
420
16450564
  0
ENDBLK
  5
BD43
330
BD41
100
AcDbEntity
  8
0
100
AcDbBlockEnd
  0
BLOCK
  5
C442
330
C441
100
AcDbEntity
  8
0
100
AcDbBlockBegin
  2
Kabeltasse- Breite 200mm
 70
0
 10
0.0
 20
0.0
 30
0.0
  3
Kabeltasse- Breite 200mm
  1

  0
HATCH
  5
C444
330
C441
100
AcDbEntity
  8
0
 62
142
100
AcDbHatch
 10
0.0
 20
0.0
 30
7.42e-14
210
0.0
220
0.0
230
1.0
  2
DASH
 70
0
 71
1
 91
1
 92
1
 93
4
 72
1
 10
2609.444298766897
 20
2388.597866478278
 11
2606.179603911679
 21
2388.597866478278
 72
1
 10
2606.179603911679
 20
2388.597866478278
 11
2606.179603911679
 21
2387.29198853619
 72
1
 10
2606.179603911679
 20
2387.29198853619
 11
2609.444298766897
 21
2387.29198853619
 72
1
 10
2609.444298766897
 20
2387.29198853619
 11
2609.444298766897
 21
2388.597866478278
 97
1
330
C445
 75
0
 76
1
 52
0.0
 41
0.097940845656552
 77
0
 78
1
 53
0.0
 43
2587.714995286743
 44
2392.398128083832
 45
0.3109621849595526
 46
0.3109621849595526
 79
2
 49
0.3109621849595526
 49
-0.3109621849595526
 98
1
 10
2618.114822826179
 20
2382.838787959594
1001
AcDbBlockRepETag
1070
1
1071
2
1005
C444
1001
ACAD
1010
-2327.922584467767
1020
682.0240135887416
1030
0.0
  0
LWPOLYLINE
  5
C445
102
{ACAD_REACTORS
330
C444
102
}
330
C441
100
AcDbEntity
  8
0
 62
142
100
AcDbPolyline
 90
4
 70
1
 10
2609.444298766897
 20
2388.597866478278
 10
2606.179603911679
 20
2388.597866478278
 10
2606.179603911679
 20
2387.29198853619
 10
2609.444298766897
 20
2387.29198853619
1001
AcDbBlockRepETag
1070
1
1071
7
1005
C445
  0
MTEXT
  5
C446
330
C441
100
AcDbEntity
  8
0
 62
142
100
AcDbMText
 10
2607.811951339288
 20
2387.944927507234
 30
7.42e-14
 40
0.32646948552184
 41
3.722375307041266
 46
0.1216975258560774
 71
4
 72
5
  1
KT200
  7
ET_LEGENDE - Wohnung$0$ROMANS
1001
AcDbBlockRepETag
1070
1
1071
8
1005
C446
1001
ACAD
1000
ACAD_MTEXT_DEFINED_HEIGHT_BEGIN
1070
46
1040
18.63842277043932
1000
ACAD_MTEXT_DEFINED_HEIGHT_END
  0
ENDBLK
  5
C443
330
C441
100
AcDbEntity
  8
0
100
AcDbBlockEnd
  0
BLOCK
  5
C449
330
C448
100
AcDbEntity
  8
0
100
AcDbBlockBegin
  2
Kabeltasse-Breite 100mm
 70
0
 10
0.0
 20
0.0
 30
0.0
  3
Kabeltasse-Breite 100mm
  1

  0
HATCH
  5
C44B
330
C448
100
AcDbEntity
  8
0
 62
142
100
AcDbHatch
 10
0.0
 20
0.0
 30
7.42e-14
210
0.0
220
0.0
230
1.0
  2
DASH
 70
0
 71
1
 91
1
 92
1
 93
4
 72
1
 10
2609.328437246071
 20
2384.409186009049
 11
2606.063742390853
 21
2384.409186009049
 72
1
 10
2606.063742390853
 20
2384.409186009049
 11
2606.063742390853
 21
2383.756247038006
 72
1
 10
2606.063742390853
 20
2383.756247038006
 11
2609.328437246071
 21
2383.756247038006
 72
1
 10
2609.328437246071
 20
2383.756247038006
 11
2609.328437246071
 21
2384.409186009049
 97
1
330
C44C
 75
0
 76
1
 52
0.0
 41
0.097940845656552
 77
0
 78
1
 53
0.0
 43
2602.799047535635
 44
2384.082716523527
 45
0.3109621849595526
 46
0.3109621849595526
 79
2
 49
0.3109621849595526
 49
-0.3109621849595526
 98
1
 10
2617.998961305352
 20
2377.268958897806
1001
AcDbBlockRepETag
1070
1
1071
1
1005
C44B
1001
ACAD
1010
0.0
1020
0.0
1030
0.0
  0
LWPOLYLINE
  5
C44C
102
{ACAD_REACTORS
330
C44B
102
}
330
C448
100
AcDbEntity
  8
0
 62
142
100
AcDbPolyline
 90
4
 70
1
 10
2609.328437246071
 20
2384.409186009049
 10
2606.063742390853
 20
2384.409186009049
 10
2606.063742390853
 20
2383.756247038006
 10
2609.328437246071
 20
2383.756247038006
1001
AcDbBlockRepETag
1070
1
1071
5
1005
C44C
  0
MTEXT
  5
C44D
330
C448
100
AcDbEntity
  8
0
 62
142
100
AcDbMText
 10
2607.696089818462
 20
2384.082716523527
 30
7.42e-14
 40
0.32646948552184
 41
3.722375307041266
 46
0.1216975258560774
 71
4
 72
5
  1
KT100
  7
ET_LEGENDE - Wohnung$0$ROMANS
1001
AcDbBlockRepETag
1070
1
1071
6
1005
C44D
1001
ACAD
1000
ACAD_MTEXT_DEFINED_HEIGHT_BEGIN
1070
46
1040
18.63842277043932
1000
ACAD_MTEXT_DEFINED_HEIGHT_END
  0
ENDBLK
  5
C44A
330
C448
100
AcDbEntity
  8
0
100
AcDbBlockEnd
  0
BLOCK
  5
C450
330
C44F
100
AcDbEntity
  8
0
100
AcDbBlockBegin
  2
Kabeltasse 300mm
 70
0
 10
0.0
 20
0.0
 30
0.0
  3
Kabeltasse 300mm
  1

  0
HATCH
  5
C452
330
C44F
100
AcDbEntity
  8
0
 62
142
100
AcDbHatch
 10
0.0
 20
0.0
 30
7.42e-14
210
0.0
220
0.0
230
1.0
  2
DASH
 70
0
 71
1
 91
1
 92
1
 93
4
 72
1
 10
2609.264563309946
 20
2381.29656357735
 11
2605.999868454728
 21
2381.29656357735
 72
1
 10
2605.999868454728
 20
2381.29656357735
 11
2605.999868454728
 21
2379.337746664219
 72
1
 10
2605.999868454728
 20
2379.337746664219
 11
2609.264563309946
 21
2379.337746664219
 72
1
 10
2609.264563309946
 20
2379.337746664219
 11
2609.264563309946
 21
2381.29656357735
 97
1
330
C453
 75
0
 76
1
 52
0.0
 41
0.097940845656552
 77
0
 78
1
 53
0.0
 43
2602.735173599509
 44
2380.317155120785
 45
0.3109621849595526
 46
0.3109621849595526
 79
2
 49
0.3109621849595526
 49
-0.3109621849595526
 98
1
 10
2617.935087369227
 20
2377.47496535408
1001
AcDbBlockRepETag
1070
1
1071
3
1005
C452
1001
ACAD
1010
0.0
1020
0.0
1030
0.0
  0
LWPOLYLINE
  5
C453
102
{ACAD_REACTORS
330
C452
102
}
330
C44F
100
AcDbEntity
  8
0
 62
142
100
AcDbPolyline
 90
4
 70
1
 10
2609.264563309946
 20
2381.29656357735
 10
2605.999868454728
 20
2381.29656357735
 10
2605.999868454728
 20
2379.337746664219
 10
2609.264563309946
 20
2379.337746664219
1001
AcDbBlockRepETag
1070
1
1071
9
1005
C453
  0
MTEXT
  5
C454
330
C44F
100
AcDbEntity
  8
0
 62
142
100
AcDbMText
 10
2607.632215882337
 20
2380.317155120785
 30
7.42e-14
 40
0.32646948552184
 41
3.722375307041266
 46
0.1216975258560774
 71
4
 72
5
  1
KT300
  7
ET_LEGENDE - Wohnung$0$ROMANS
1001
AcDbBlockRepETag
1070
1
1071
10
1005
C454
1001
ACAD
1000
ACAD_MTEXT_DEFINED_HEIGHT_BEGIN
1070
46
1040
18.63842277043932
1000
ACAD_MTEXT_DEFINED_HEIGHT_END
  0
ENDBLK
  5
C451
330
C44F
100
AcDbEntity
  8
0
100
AcDbBlockEnd
  0
BLOCK
  5
C457
330
C456
100
AcDbEntity
  8
0
100
AcDbBlockBegin
  2
Kabeltasse- Breite 400mm
 70
0
 10
0.0
 20
0.0
 30
0.0
  3
Kabeltasse- Breite 400mm
  1

  0
HATCH
  5
C459
330
C456
100
AcDbEntity
  8
0
 62
142
100
AcDbHatch
 10
0.0
 20
0.0
 30
7.42e-14
210
0.0
220
0.0
230
1.0
  2
DASH
 70
0
 71
1
 91
1
 92
1
 93
4
 72
1
 10
2609.615873666632
 20
2377.067038080952
 11
2606.351178811414
 21
2377.067038080952
 72
1
 10
2606.351178811414
 20
2377.067038080952
 11
2606.351178811414
 21
2374.455282196779
 72
1
 10
2606.351178811414
 20
2374.455282196779
 11
2609.615873666632
 21
2374.455282196779
 72
1
 10
2609.615873666632
 20
2374.455282196779
 11
2609.615873666632
 21
2377.067038080952
 97
1
330
C45A
 75
0
 76
1
 52
0.0
 41
0.097940845656552
 77
0
 78
1
 53
0.0
 43
2603.086483956196
 44
2375.761160138865
 45
0.3109621849595526
 46
0.3109621849595526
 79
2
 49
0.3109621849595526
 49
-0.3109621849595526
 98
1
 10
2618.286397725913
 20
2375.947876154011
1001
AcDbBlockRepETag
1070
1
1071
4
1005
C459
1001
ACAD
1010
0.0
1020
0.0
1030
0.0
  0
LWPOLYLINE
  5
C45A
102
{ACAD_REACTORS
330
C459
102
}
330
C456
100
AcDbEntity
  8
0
 62
142
100
AcDbPolyline
 90
4
 70
1
 10
2609.615873666632
 20
2377.067038080952
 10
2606.351178811414
 20
2377.067038080952
 10
2606.351178811414
 20
2374.455282196779
 10
2609.615873666632
 20
2374.455282196779
1001
AcDbBlockRepETag
1070
1
1071
11
1005
C45A
  0
MTEXT
  5
C45B
330
C456
100
AcDbEntity
  8
0
 62
142
100
AcDbMText
 10
2607.983526239023
 20
2375.761160138865
 30
7.42e-14
 40
0.32646948552184
 41
3.722375307041266
 46
0.1216975258560774
 71
4
 72
5
  1
KT400
  7
ET_LEGENDE - Wohnung$0$ROMANS
1001
AcDbBlockRepETag
1070
1
1071
12
1005
C45B
1001
ACAD
1000
ACAD_MTEXT_DEFINED_HEIGHT_BEGIN
1070
46
1040
18.63842277043932
1000
ACAD_MTEXT_DEFINED_HEIGHT_END
  0
ENDBLK
  5
C458
330
C456
100
AcDbEntity
  8
0
100
AcDbBlockEnd
  0
BLOCK
  5
C45E
330
C45D
100
AcDbEntity
  8
0
100
AcDbBlockBegin
  2
Kabeltasse-Breite 500mm
 70
0
 10
0.0
 20
0.0
 30
0.0
  3
Kabeltasse-Breite 500mm
  1

  0
HATCH
  5
C460
330
C45D
100
AcDbEntity
  8
0
 62
142
100
AcDbHatch
 10
0.0
 20
0.0
 30
7.42e-14
210
0.0
220
0.0
230
1.0
  2
DASH
 70
0
 71
1
 91
1
 92
1
 93
4
 72
1
 10
2609.605403769613
 20
2372.69854758244
 11
2606.340708914395
 21
2372.69854758244
 72
1
 10
2606.340708914395
 20
2372.69854758244
 11
2606.340708914395
 21
2369.433852727222
 72
1
 10
2606.340708914395
 20
2369.433852727222
 11
2609.605403769613
 21
2369.433852727222
 72
1
 10
2609.605403769613
 20
2369.433852727222
 11
2609.605403769613
 21
2372.69854758244
 97
1
330
C461
 75
0
 76
1
 52
0.0
 41
0.097940845656552
 77
0
 78
1
 53
0.0
 43
2603.076014059177
 44
2371.066200154831
 45
0.3109621849595526
 46
0.3109621849595526
 79
2
 49
0.3109621849595526
 49
-0.3109621849595526
 98
1
 10
2618.275927828894
 20
2375.176456490653
1001
AcDbBlockRepETag
1070
1
1071
0
1005
C460
1001
ACAD
1010
0.0
1020
0.0
1030
0.0
  0
LWPOLYLINE
  5
C461
102
{ACAD_REACTORS
330
C460
102
}
330
C45D
100
AcDbEntity
  8
0
 62
142
100
AcDbPolyline
 90
4
 70
1
 10
2609.605403769613
 20
2372.69854758244
 10
2606.340708914395
 20
2372.69854758244
 10
2606.340708914395
 20
2369.433852727222
 10
2609.605403769613
 20
2369.433852727222
1001
AcDbBlockRepETag
1070
1
1071
13
1005
C461
  0
MTEXT
  5
C462
330
C45D
100
AcDbEntity
  8
0
 62
142
100
AcDbMText
 10
2607.973056342004
 20
2371.066200154831
 30
7.42e-14
 40
0.32646948552184
 41
3.722375307041266
 46
0.1216975258560774
 71
4
 72
5
  1
KT500
  7
ET_LEGENDE - Wohnung$0$ROMANS
1001
AcDbBlockRepETag
1070
1
1071
14
1005
C462
1001
ACAD
1000
ACAD_MTEXT_DEFINED_HEIGHT_BEGIN
1070
46
1040
18.63842277043932
1000
ACAD_MTEXT_DEFINED_HEIGHT_END
  0
ENDBLK
  5
C45F
330
C45D
100
AcDbEntity
  8
0
100
AcDbBlockEnd
  0
BLOCK
  5
CA96
330
CA95
100
AcDbEntity
  8
0
100
AcDbBlockBegin
  2
Blitzschutzableiter
 70
0
 10
0.0
 20
0.0
 30
0.0
  3
Blitzschutzableiter
  1

  0
SOLID
  5
CA98
330
CA95
100
AcDbEntity
  8
0
 62
150
100
AcDbTrace
 10
2608.822416413234
 20
2364.993017006639
 30
2.83e-14
 11
2610.337361578335
 21
2365.497998728339
 31
2.83e-14
 12
2609.832379856634
 22
2363.983053563239
 32
2.83e-14
 13
2609.832379856634
 23
2363.983053563239
 33
2.83e-14
1001
AcDbBlockRepETag
1070
1
1071
66
1005
CA98
  0
LINE
  5
CA99
330
CA95
100
AcDbEntity
  8
0
 62
150
100
AcDbLine
 10
2606.420329922079
 20
2361.580967072084
 30
2.83e-14
 11
2609.327398134934
 21
2364.488035284939
 31
2.83e-14
1001
AcDbBlockRepETag
1070
1
1071
67
1005
CA99
  0
LINE
  5
CA9A
330
CA95
100
AcDbEntity
  8
0
 62
150
100
AcDbLine
 10
2606.730761804444
 20
2361.580725502369
 30
2.83e-14
 11
2606.109898039717
 21
2361.581208641799
 31
2.83e-14
1001
AcDbBlockRepETag
1070
1
1071
68
1005
CA9A
  0
LINE
  5
CA9B
330
CA95
100
AcDbEntity
  8
0
 62
150
100
AcDbLine
 10
2606.303381748841
 20
2361.86852773824
 30
2.83e-14
 11
2606.537278095318
 21
2361.293406405929
 31
2.83e-14
1001
AcDbBlockRepETag
1070
1
1071
7
1005
CA9B
  0
ENDBLK
  5
CA97
330
CA95
100
AcDbEntity
  8
0
100
AcDbBlockEnd
  0
BLOCK
  5
CA9E
330
CA9D
100
AcDbEntity
  8
0
100
AcDbBlockBegin
  2
Blitzschutzableiter mit Trennklemme
 70
0
 10
0.0
 20
0.0
 30
0.0
  3
Blitzschutzableiter mit Trennklemme
  1

  0
LINE
  5
CAA0
330
CA9D
100
AcDbEntity
  8
0
 62
150
100
AcDbLine
 10
2608.108614933489
 20
2357.522614255655
 30
2.83e-14
 11
2608.729110537839
 21
2358.143109860006
 31
2.83e-14
1001
AcDbBlockRepETag
1070
1
1071
60
1005
CAA0
  0
LINE
  5
CAA1
330
CA9D
100
AcDbEntity
  8
0
 62
150
100
AcDbLine
 10
2605.824487772582
 20
2355.238487094747
 30
2.83e-14
 11
2606.694666112729
 21
2356.108665434895
 31
2.83e-14
1001
AcDbBlockRepETag
1070
1
1071
61
1005
CAA1
  0
ELLIPSE
  5
CAA2
330
CA9D
100
AcDbEntity
  8
0
 62
150
100
AcDbEllipse
 10
2607.684430287261
 20
2357.098429609427
 30
2.83e-14
 11
-0.4241846462281149
 21
0.4241846462281149
 31
0.0
 40
0.9999999999999823
 41
3.926990816987246
 42
10.21017612416683
1001
AcDbBlockRepETag
1070
1
1071
62
1005
CAA2
  0
ELLIPSE
  5
CAA3
330
CA9D
100
AcDbEntity
  8
0
 62
150
100
AcDbEllipse
 10
2607.118850758956
 20
2356.532850081123
 30
2.83e-14
 11
-0.4241846462281142
 21
0.4241846462281142
 31
0.0
 40
0.9999999999999841
 41
3.926990816987246
 42
10.21017612416683
1001
AcDbBlockRepETag
1070
1
1071
63
1005
CAA3
  0
SOLID
  5
CAA4
330
CA9D
100
AcDbEntity
  8
0
 62
150
100
AcDbTrace
 10
2608.221679559616
 20
2358.650540838228
 30
2.83e-14
 11
2609.736624724717
 21
2359.155522559928
 31
2.83e-14
 12
2609.231643003017
 22
2357.640577394828
 32
2.83e-14
 13
2609.231643003017
 23
2357.640577394828
 33
2.83e-14
1001
AcDbBlockRepETag
1070
1
1071
66
1005
CAA4
  0
LINE
  5
CAA5
330
CA9D
100
AcDbEntity
  8
0
 62
150
100
AcDbLine
 10
2606.130024950827
 20
2355.238249333959
 30
2.83e-14
 11
2605.509161186099
 21
2355.238732473388
 31
2.83e-14
1001
AcDbBlockRepETag
1070
1
1071
68
1005
CAA5
  0
LINE
  5
CAA6
330
CA9D
100
AcDbEntity
  8
0
 62
150
100
AcDbLine
 10
2605.702644895223
 20
2355.52605156983
 30
2.83e-14
 11
2605.936541241701
 21
2354.950930237518
 31
2.83e-14
1001
AcDbBlockRepETag
1070
1
1071
7
1005
CAA6
  0
ENDBLK
  5
CA9F
330
CA9D
100
AcDbEntity
  8
0
100
AcDbBlockEnd
  0
BLOCK
  5
CAA9
330
CAA8
100
AcDbEntity
  8
0
100
AcDbBlockBegin
  2
Fangspitze
 70
0
 10
0.0
 20
0.0
 30
0.0
  3
Fangspitze
  1

  0
HATCH
  5
CAAB
330
CAA8
100
AcDbEntity
  8
0
 62
150
100
AcDbHatch
 10
0.0
 20
0.0
 30
2.83e-14
210
0.0
220
0.0
230
1.0
  2
ANSI31
 70
0
 71
0
 91
1
 92
1
 93
3
 72
1
 10
2606.853369768031
 20
2352.00352809932
 11
2608.48571719564
 21
2352.00352809932
 72
1
 10
2608.48571719564
 20
2352.00352809932
 11
2606.853369768031
 21
2350.37118067171
 72
1
 10
2606.853369768031
 20
2350.37118067171
 11
2606.853369768031
 21
2352.00352809932
 97
0
 75
0
 76
1
 52
45.0
 41
0.032646948552184
 77
0
 78
1
 53
90.0
 43
2605.578648982786
 44
2349.096459886466
 45
-0.1036540616531842
 46
0.0
 79
0
 98
1
 10
2605.578648982786
 20
2349.096459886466
1001
AcDbBlockRepETag
1070
1
1071
113
1005
CAAB
1001
ACAD
1010
0.0
1020
0.0
1030
0.0
  0
LWPOLYLINE
  5
CAAC
330
CAA8
100
AcDbEntity
  8
0
 62
150
100
AcDbPolyline
 90
4
 70
0
 10
2606.853369768031
 20
2352.00352809932
 10
2608.48571719564
 20
2352.00352809932
 10
2606.853369768031
 20
2350.37118067171
 10
2606.853369768031
 20
2352.00352809932
1001
AcDbBlockRepETag
1070
1
1071
112
1005
CAAC
  0
LINE
  5
CAAD
330
CAA8
100
AcDbEntity
  8
0
 62
150
100
AcDbLine
 10
2605.578648982786
 20
2349.096459886466
 30
2.83e-14
 11
2608.48571719564
 21
2352.00352809932
 31
2.83e-14
1001
AcDbBlockRepETag
1070
1
1071
67
1005
CAAD
  0
LINE
  5
CAAE
330
CAA8
100
AcDbEntity
  8
0
 62
150
100
AcDbLine
 10
2605.88908086515
 20
2349.09621831675
 30
2.83e-14
 11
2605.268217100423
 21
2349.09670145618
 31
2.83e-14
1001
AcDbBlockRepETag
1070
1
1071
68
1005
CAAE
  0
LINE
  5
CAAF
330
CAA8
100
AcDbEntity
  8
0
 62
150
100
AcDbLine
 10
2605.461700809547
 20
2349.384020552621
 30
2.83e-14
 11
2605.695597156024
 21
2348.808899220309
 31
2.83e-14
1001
AcDbBlockRepETag
1070
1
1071
7
1005
CAAF
  0
ENDBLK
  5
CAAA
330
CAA8
100
AcDbEntity
  8
0
100
AcDbBlockEnd
  0
BLOCK
  5
CAB2
330
CAB1
100
AcDbEntity
  8
0
100
AcDbBlockBegin
  2
Klemmpunkt
 70
0
 10
0.0
 20
0.0
 30
0.0
  3
Klemmpunkt
  1

  0
HATCH
  5
CAB4
330
CAB1
100
AcDbEntity
  8
0
 62
150
100
AcDbHatch
 10
0.0
 20
0.0
 30
2.83e-14
210
0.0
220
0.0
230
1.0
  2
ANSI31
 70
0
 71
0
 91
1
 92
1
 93
1
 72
3
 10
2605.229471465301
 20
2342.847329533864
 11
-0.2308487870629766
 21
0.2308487870629766
 40
0.9999999999999994
 50
0.0
 51
360.0
 73
1
 97
0
 75
0
 76
1
 52
0.0
 41
0.032646948552184
 77
0
 78
1
 53
45.0
 43
2605.229471465301
 44
2342.847329533864
 45
-0.073294489892495
 46
0.073294489892495
 79
0
 98
1
 10
3025.516815607691
 20
2165.096707212467
1001
AcDbBlockRepETag
1070
1
1071
69
1005
CAB4
1001
ACAD
1010
0.0
1020
0.0
1030
0.0
  0
CIRCLE
  5
CAB5
330
CAB1
100
AcDbEntity
  8
0
 62
150
100
AcDbCircle
 10
2605.229471465301
 20
2342.847329533864
 30
2.83e-14
 40
0.32646948552184
1001
AcDbBlockRepETag
1070
1
1071
114
1005
CAB5
  0
ENDBLK
  5
CAB3
330
CAB1
100
AcDbEntity
  8
0
100
AcDbBlockEnd
  0
BLOCK
  5
CAB8
330
CAB7
100
AcDbEntity
  8
0
100
AcDbBlockBegin
  2
Fangleitung
 70
0
 10
0.0
 20
0.0
 30
0.0
  3
Fangleitung
  1

  0
LWPOLYLINE
  5
CABA
330
CAB7
100
AcDbEntity
  8
0
 62
150
100
AcDbPolyline
 90
2
 70
0
 43
0.130587794208736
 10
2603.864910015682
 20
2339.223001782261
 10
2606.490656516854
 20
2339.223001782261
1001
AcDbBlockRepETag
1070
1
1071
111
1005
CABA
  0
ENDBLK
  5
CAB9
330
CAB7
100
AcDbEntity
  8
0
100
AcDbBlockEnd
  0
BLOCK
  5
D3E6
330
D3E5
100
AcDbEntity
  8
0
100
AcDbBlockBegin
  2
Potentialausgleich
 70
0
 10
0.0
 20
0.0
 30
0.0
  3
Potentialausgleich
  1

  0
ELLIPSE
  5
D3E8
330
D3E5
100
AcDbEntity
  8
0
 62
150
100
AcDbEllipse
 10
2605.17290803719
 20
2334.075798043685
 30
2.83e-14
 11
-0.6763148058485668
 21
0.6763148058485668
 31
0.0
210
0.0
220
0.0
230
0.9999999999999998
 40
0.9999999999999912
 41
3.926990816987244
 42
10.21017612416683
1001
AcDbBlockRepETag
1070
1
1071
0
1005
D3E8
  0
LINE
  5
D3E9
330
D3E5
100
AcDbEntity
  8
0
 62
150
100
AcDbLine
 10
2604.535272323281
 20
2334.075798043685
 30
2.83e-14
 11
2605.8105437511
 21
2334.075798043685
 31
2.83e-14
1001
AcDbBlockRepETag
1070
1
1071
1
1005
D3E9
  0
LINE
  5
D3EA
330
D3E5
100
AcDbEntity
  8
0
 62
150
100
AcDbLine
 10
2604.74781756125
 20
2333.863252805715
 30
2.83e-14
 11
2605.59799851313
 21
2333.863252805715
 31
2.83e-14
1001
AcDbBlockRepETag
1070
1
1071
2
1005
D3EA
  0
LINE
  5
D3EB
330
D3E5
100
AcDbEntity
  8
0
 62
150
100
AcDbLine
 10
2604.960362799221
 20
2333.650707567746
 30
2.83e-14
 11
2605.385453275161
 21
2333.650707567746
 31
2.83e-14
1001
AcDbBlockRepETag
1070
1
1071
3
1005
D3EB
  0
LINE
  5
D3EC
330
D3E5
100
AcDbEntity
  8
0
 62
150
100
AcDbLine
 10
2605.17290803719
 20
2334.075798043685
 30
2.83e-14
 11
2605.17290803719
 21
2334.713433757595
 31
2.83e-14
1001
AcDbBlockRepETag
1070
1
1071
4
1005
D3EC
  0
LINE
  5
D3ED
330
D3E5
100
AcDbEntity
  8
0
 62
150
100
AcDbLine
 10
2605.066635418206
 20
2333.438162329775
 30
2.83e-14
 11
2605.279180656175
 21
2333.438162329775
 31
2.83e-14
1001
AcDbBlockRepETag
1070
1
1071
112
1005
D3ED
  0
ENDBLK
  5
D3E7
330
D3E5
100
AcDbEntity
  8
0
100
AcDbBlockEnd
  0
BLOCK
  5
D3F0
330
D3EF
100
AcDbEntity
  8
0
100
AcDbBlockBegin
  2
Potentialausgleich-Anschluss
 70
0
 10
0.0
 20
0.0
 30
0.0
  3
Potentialausgleich-Anschluss
  1

  0
LINE
  5
D3F2
330
D3EF
100
AcDbEntity
  8
0
 62
150
100
AcDbLine
 10
2604.370876619471
 20
2330.9679786922
 30
2.83e-14
 11
2606.003224047081
 21
2330.9679786922
 31
2.83e-14
1001
AcDbBlockRepETag
1070
1
1071
101
1005
D3F2
  0
LINE
  5
D3F3
330
D3EF
100
AcDbEntity
  8
0
 62
150
100
AcDbLine
 10
2606.003224047081
 20
2330.9679786922
 30
2.83e-14
 11
2606.003224047081
 21
2329.33563126459
 31
2.83e-14
1001
AcDbBlockRepETag
1070
1
1071
102
1005
D3F3
  0
LINE
  5
D3F4
330
D3EF
100
AcDbEntity
  8
0
 62
150
100
AcDbLine
 10
2606.003224047081
 20
2329.33563126459
 30
2.83e-14
 11
2604.370876619471
 21
2329.33563126459
 31
2.83e-14
1001
AcDbBlockRepETag
1070
1
1071
103
1005
D3F4
  0
LINE
  5
D3F5
330
D3EF
100
AcDbEntity
  8
0
 62
150
100
AcDbLine
 10
2604.370876619471
 20
2329.33563126459
 30
2.83e-14
 11
2604.370876619471
 21
2330.9679786922
 31
2.83e-14
1001
AcDbBlockRepETag
1070
1
1071
104
1005
D3F5
  0
ELLIPSE
  5
D3F6
330
D3EF
100
AcDbEntity
  8
0
 62
150
100
AcDbEllipse
 10
2605.187050333276
 20
2330.151804978395
 30
2.83e-14
 11
0.0689437706210778
 21
0.0689437706210778
 31
0.0
 40
0.9999999999999735
 41
5.497787143782124
 42
11.78097245096171
1001
AcDbBlockRepETag
1070
1
1071
110
1005
D3F6
  0
ENDBLK
  5
D3F1
330
D3EF
100
AcDbEntity
  8
0
100
AcDbBlockEnd
  0
BLOCK
  5
D3F9
330
D3F8
100
AcDbEntity
  8
0
100
AcDbBlockBegin
  2
Potentialausgleich-Doppelanschluss
 70
0
 10
0.0
 20
0.0
 30
0.0
  3
Potentialausgleich-Doppelanschluss
  1

  0
LINE
  5
D3FB
330
D3F8
100
AcDbEntity
  8
0
 62
150
100
AcDbLine
 10
2604.347978561527
 20
2326.900227731606
 30
2.83e-14
 11
2605.980325989137
 21
2326.900227731606
 31
2.83e-14
1001
AcDbBlockRepETag
1070
1
1071
101
1005
D3FB
  0
LINE
  5
D3FC
330
D3F8
100
AcDbEntity
  8
0
 62
150
100
AcDbLine
 10
2605.980325989137
 20
2326.900227731606
 30
2.83e-14
 11
2605.980325989137
 21
2325.267880303997
 31
2.83e-14
1001
AcDbBlockRepETag
1070
1
1071
102
1005
D3FC
  0
LINE
  5
D3FD
330
D3F8
100
AcDbEntity
  8
0
 62
150
100
AcDbLine
 10
2605.980325989137
 20
2325.267880303997
 30
2.83e-14
 11
2604.347978561527
 21
2325.267880303997
 31
2.83e-14
1001
AcDbBlockRepETag
1070
1
1071
103
1005
D3FD
  0
LINE
  5
D3FE
330
D3F8
100
AcDbEntity
  8
0
 62
150
100
AcDbLine
 10
2604.347978561527
 20
2325.267880303997
 30
2.83e-14
 11
2604.347978561527
 21
2326.900227731606
 31
2.83e-14
1001
AcDbBlockRepETag
1070
1
1071
104
1005
D3FE
  0
ELLIPSE
  5
D3FF
330
D3F8
100
AcDbEntity
  8
0
 62
150
100
AcDbEllipse
 10
2605.492775632746
 20
2326.084054017801
 30
2.83e-14
 11
-0.146506013760176
 21
0.1465060137601761
 31
0.0
 40
0.9999999999999672
 41
3.926990816987256
 42
10.21017612416684
1001
AcDbBlockRepETag
1070
1
1071
105
1005
D3FF
  0
ELLIPSE
  5
D400
330
D3F8
100
AcDbEntity
  8
0
 62
150
100
AcDbEllipse
 10
2605.492775632746
 20
2326.084054017801
 30
2.83e-14
 11
0.0689437706210778
 21
0.0689437706210778
 31
0.0
 40
0.9999999999999735
 41
5.497787143782124
 42
11.78097245096171
1001
AcDbBlockRepETag
1070
1
1071
106
1005
D400
  0
ELLIPSE
  5
D401
330
D3F8
100
AcDbEntity
  8
0
 62
150
100
AcDbEllipse
 10
2604.828134154888
 20
2326.084054017801
 30
2.83e-14
 11
-0.146506013760176
 21
0.1465060137601761
 31
0.0
 40
0.9999999999999672
 41
3.926990816987256
 42
10.21017612416684
1001
AcDbBlockRepETag
1070
1
1071
107
1005
D401
  0
ELLIPSE
  5
D402
330
D3F8
100
AcDbEntity
  8
0
 62
150
100
AcDbEllipse
 10
2604.828134154888
 20
2326.084054017801
 30
2.83e-14
 11
0.0689437706210778
 21
0.0689437706210778
 31
0.0
 40
0.9999999999999735
 41
5.497787143782124
 42
11.78097245096171
1001
AcDbBlockRepETag
1070
1
1071
108
1005
D402
  0
ENDBLK
  5
D3FA
330
D3F8
100
AcDbEntity
  8
0
100
AcDbBlockEnd
  0
BLOCK
  5
D405
330
D404
100
AcDbEntity
  8
0
100
AcDbBlockBegin
  2
Potentialausgleichschiene
 70
0
 10
0.0
 20
0.0
 30
0.0
  3
Potentialausgleichschiene
  1

  0
LINE
  5
D407
330
D404
100
AcDbEntity
  8
0
 62
150
100
AcDbLine
 10
2603.772711366358
 20
2322.937374279106
 30
2.83e-14
 11
2606.728163310122
 21
2322.937374279106
 31
2.83e-14
1001
AcDbBlockRepETag
1070
1
1071
71
1005
D407
  0
LINE
  5
D408
330
D404
100
AcDbEntity
  8
0
 62
150
100
AcDbLine
 10
2606.728163310122
 20
2322.937374279106
 30
2.83e-14
 11
2606.728163310122
 21
2322.285960817916
 31
2.83e-14
1001
AcDbBlockRepETag
1070
1
1071
72
1005
D408
  0
LINE
  5
D409
330
D404
100
AcDbEntity
  8
0
 62
150
100
AcDbLine
 10
2606.728163310122
 20
2322.285960817916
 30
2.83e-14
 11
2603.772711366358
 21
2322.285960817916
 31
2.83e-14
1001
AcDbBlockRepETag
1070
1
1071
73
1005
D409
  0
LINE
  5
D40A
330
D404
100
AcDbEntity
  8
0
 62
150
100
AcDbLine
 10
2603.772711366358
 20
2322.285960817916
 30
2.83e-14
 11
2603.772711366358
 21
2322.937374279106
 31
2.83e-14
1001
AcDbBlockRepETag
1070
1
1071
74
1005
D40A
  0
LINE
  5
D40B
330
D404
100
AcDbEntity
  8
0
 62
150
100
AcDbLine
 10
2603.83121400101
 20
2322.849814179918
 30
2.83e-14
 11
2606.695350508511
 21
2322.849814179918
 31
2.83e-14
1001
AcDbBlockRepETag
1070
1
1071
75
1005
D40B
  0
LINE
  5
D40C
330
D404
100
AcDbEntity
  8
0
 62
150
100
AcDbLine
 10
2606.695350508511
 20
2322.849814179918
 30
2.83e-14
 11
2606.695350508511
 21
2322.385805781332
 31
2.83e-14
1001
AcDbBlockRepETag
1070
1
1071
76
1005
D40C
  0
LINE
  5
D40D
330
D404
100
AcDbEntity
  8
0
 62
150
100
AcDbLine
 10
2606.695350508511
 20
2322.385805781332
 30
2.83e-14
 11
2603.83121400101
 21
2322.385805781332
 31
2.83e-14
1001
AcDbBlockRepETag
1070
1
1071
77
1005
D40D
  0
LINE
  5
D40E
330
D404
100
AcDbEntity
  8
0
 62
150
100
AcDbLine
 10
2603.83121400101
 20
2322.385805781332
 30
2.83e-14
 11
2603.83121400101
 21
2322.849814179918
 31
2.83e-14
1001
AcDbBlockRepETag
1070
1
1071
78
1005
D40E
  0
ELLIPSE
  5
D40F
330
D404
100
AcDbEntity
  8
0
 62
150
100
AcDbEllipse
 10
2605.320584079434
 20
2322.611667548511
 30
2.83e-14
 11
-0.0752114264145042
 21
0.0752114264145042
 31
0.0
210
0.0
220
0.0
230
0.9999999999999998
 40
0.9999999999999912
 41
3.926990816987244
 42
10.21017612416683
1001
AcDbBlockRepETag
1070
1
1071
79
1005
D40F
  0
ELLIPSE
  5
D410
330
D404
100
AcDbEntity
  8
0
 62
150
100
AcDbEllipse
 10
2605.728670936337
 20
2322.611667548511
 30
2.83e-14
 11
-0.0752114264145042
 21
0.0752114264145042
 31
0.0
210
0.0
220
0.0
230
0.9999999999999998
 40
0.9999999999999912
 41
3.926990816987244
 42
10.21017612416683
1001
AcDbBlockRepETag
1070
1
1071
80
1005
D410
  0
ELLIPSE
  5
D411
330
D404
100
AcDbEntity
  8
0
 62
150
100
AcDbEllipse
 10
2606.136757793239
 20
2322.611667548511
 30
2.83e-14
 11
-0.0752114264145042
 21
0.0752114264145042
 31
0.0
210
0.0
220
0.0
230
0.9999999999999998
 40
0.9999999999999912
 41
3.926990816987244
 42
10.21017612416683
1001
AcDbBlockRepETag
1070
1
1071
81
1005
D411
  0
ELLIPSE
  5
D412
330
D404
100
AcDbEntity
  8
0
 62
150
100
AcDbEllipse
 10
2604.912497222532
 20
2322.611667548511
 30
2.83e-14
 11
-0.0752114264145042
 21
0.0752114264145042
 31
0.0
210
0.0
220
0.0
230
0.9999999999999998
 40
0.9999999999999912
 41
3.926990816987244
 42
10.21017612416683
1001
AcDbBlockRepETag
1070
1
1071
82
1005
D412
  0
ELLIPSE
  5
D413
330
D404
100
AcDbEntity
  8
0
 62
150
100
AcDbEllipse
 10
2606.544844650141
 20
2322.611667548511
 30
2.83e-14
 11
-0.0752114264145042
 21
0.0752114264145042
 31
0.0
210
0.0
220
0.0
230
0.9999999999999998
 40
0.9999999999999912
 41
3.926990816987244
 42
10.21017612416683
1001
AcDbBlockRepETag
1070
1
1071
83
1005
D413
  0
ELLIPSE
  5
D414
330
D404
100
AcDbEntity
  8
0
 62
150
100
AcDbEllipse
 10
2604.50441036563
 20
2322.611667548511
 30
2.83e-14
 11
-0.0752114264145042
 21
0.0752114264145042
 31
0.0
210
0.0
220
0.0
230
0.9999999999999998
 40
0.9999999999999912
 41
3.926990816987244
 42
10.21017612416683
1001
AcDbBlockRepETag
1070
1
1071
85
1005
D414
  0
ELLIPSE
  5
D415
330
D404
100
AcDbEntity
  8
0
 62
150
100
AcDbEllipse
 10
2604.076416726334
 20
2322.626722595503
 30
2.83e-14
 11
0.1274058462246805
 21
0.1274058462246805
 31
0.0
 40
0.9999999999999342
 41
5.497787143782105
 42
11.78097245096169
1001
AcDbBlockRepETag
1070
1
1071
10
1005
D415
  0
LINE
  5
D416
330
D404
100
AcDbEntity
  8
0
 62
150
100
AcDbLine
 10
2604.304748497626
 20
2322.849814179918
 30
2.83e-14
 11
2604.304748497626
 21
2322.385805781332
 31
2.83e-14
1001
AcDbBlockRepETag
1070
1
1071
11
1005
D416
  0
LINE
  5
D417
330
D404
100
AcDbEntity
  8
0
 62
150
100
AcDbLine
 10
2604.712835354528
 20
2322.849814179918
 30
2.83e-14
 11
2604.712835354528
 21
2322.385805781332
 31
2.83e-14
1001
AcDbBlockRepETag
1070
1
1071
12
1005
D417
  0
LINE
  5
D418
330
D404
100
AcDbEntity
  8
0
 62
150
100
AcDbLine
 10
2605.12092221143
 20
2322.849814179918
 30
2.83e-14
 11
2605.12092221143
 21
2322.385805781332
 31
2.83e-14
1001
AcDbBlockRepETag
1070
1
1071
13
1005
D418
  0
LINE
  5
D419
330
D404
100
AcDbEntity
  8
0
 62
150
100
AcDbLine
 10
2605.529009068332
 20
2322.849814179918
 30
2.83e-14
 11
2605.529009068332
 21
2322.385805781332
 31
2.83e-14
1001
AcDbBlockRepETag
1070
1
1071
14
1005
D419
  0
LINE
  5
D41A
330
D404
100
AcDbEntity
  8
0
 62
150
100
AcDbLine
 10
2605.937095925235
 20
2322.849814179918
 30
2.83e-14
 11
2605.937095925235
 21
2322.385805781332
 31
2.83e-14
1001
AcDbBlockRepETag
1070
1
1071
15
1005
D41A
  0
LINE
  5
D41B
330
D404
100
AcDbEntity
  8
0
 62
150
100
AcDbLine
 10
2606.345182782138
 20
2322.849814179918
 30
2.83e-14
 11
2606.345182782138
 21
2322.385805781332
 31
2.83e-14
1001
AcDbBlockRepETag
1070
1
1071
16
1005
D41B
  0
LINE
  5
D41C
330
D404
100
AcDbEntity
  8
0
 62
150
100
AcDbLine
 10
2604.035843475924
 20
2322.802274042822
 30
2.83e-14
 11
2604.035843475924
 21
2322.451171148185
 31
2.83e-14
1001
AcDbBlockRepETag
1070
1
1071
17
1005
D41C
  0
LINE
  5
D41D
330
D404
100
AcDbEntity
  8
0
 62
150
100
AcDbLine
 10
2604.116989976744
 20
2322.802274042822
 30
2.83e-14
 11
2604.116989976744
 21
2322.451171148185
 31
2.83e-14
1001
AcDbBlockRepETag
1070
1
1071
18
1005
D41D
  0
LINE
  5
D41E
330
D404
100
AcDbEntity
  8
0
 62
150
100
AcDbLine
 10
2604.525476186138
 20
2322.715925634687
 30
2.83e-14
 11
2604.525476186138
 21
2322.507409462336
 31
2.83e-14
1001
AcDbBlockRepETag
1070
1
1071
19
1005
D41E
  0
LINE
  5
D41F
330
D404
100
AcDbEntity
  8
0
 62
150
100
AcDbLine
 10
2604.483344545122
 20
2322.715925634687
 30
2.83e-14
 11
2604.483344545122
 21
2322.507409462336
 31
2.83e-14
1001
AcDbBlockRepETag
1070
1
1071
20
1005
D41F
  0
LINE
  5
D420
330
D404
100
AcDbEntity
  8
0
 62
150
100
AcDbLine
 10
2604.933563043041
 20
2322.715925634687
 30
2.83e-14
 11
2604.933563043041
 21
2322.507409462336
 31
2.83e-14
1001
AcDbBlockRepETag
1070
1
1071
21
1005
D420
  0
LINE
  5
D421
330
D404
100
AcDbEntity
  8
0
 62
150
100
AcDbLine
 10
2604.891431402024
 20
2322.715925634687
 30
2.83e-14
 11
2604.891431402024
 21
2322.507409462336
 31
2.83e-14
1001
AcDbBlockRepETag
1070
1
1071
22
1005
D421
  0
LINE
  5
D422
330
D404
100
AcDbEntity
  8
0
 62
150
100
AcDbLine
 10
2605.341649899943
 20
2322.715925634687
 30
2.83e-14
 11
2605.341649899943
 21
2322.507409462336
 31
2.83e-14
1001
AcDbBlockRepETag
1070
1
1071
23
1005
D422
  0
LINE
  5
D423
330
D404
100
AcDbEntity
  8
0
 62
150
100
AcDbLine
 10
2605.299518258926
 20
2322.715925634687
 30
2.83e-14
 11
2605.299518258926
 21
2322.507409462336
 31
2.83e-14
1001
AcDbBlockRepETag
1070
1
1071
24
1005
D423
  0
LINE
  5
D424
330
D404
100
AcDbEntity
  8
0
 62
150
100
AcDbLine
 10
2605.749736756846
 20
2322.715925634687
 30
2.83e-14
 11
2605.749736756846
 21
2322.507409462336
 31
2.83e-14
1001
AcDbBlockRepETag
1070
1
1071
25
1005
D424
  0
LINE
  5
D425
330
D404
100
AcDbEntity
  8
0
 62
150
100
AcDbLine
 10
2605.707605115829
 20
2322.715925634687
 30
2.83e-14
 11
2605.707605115829
 21
2322.507409462336
 31
2.83e-14
1001
AcDbBlockRepETag
1070
1
1071
26
1005
D425
  0
LINE
  5
D426
330
D404
100
AcDbEntity
  8
0
 62
150
100
AcDbLine
 10
2606.157823613747
 20
2322.715925634687
 30
2.83e-14
 11
2606.157823613747
 21
2322.507409462336
 31
2.83e-14
1001
AcDbBlockRepETag
1070
1
1071
27
1005
D426
  0
LINE
  5
D427
330
D404
100
AcDbEntity
  8
0
 62
150
100
AcDbLine
 10
2606.115691972731
 20
2322.715925634687
 30
2.83e-14
 11
2606.115691972731
 21
2322.507409462336
 31
2.83e-14
1001
AcDbBlockRepETag
1070
1
1071
87
1005
D427
  0
LINE
  5
D428
330
D404
100
AcDbEntity
  8
0
 62
150
100
AcDbLine
 10
2606.56591047065
 20
2322.715925634687
 30
2.83e-14
 11
2606.56591047065
 21
2322.507409462336
 31
2.83e-14
1001
AcDbBlockRepETag
1070
1
1071
88
1005
D428
  0
LINE
  5
D429
330
D404
100
AcDbEntity
  8
0
 62
150
100
AcDbLine
 10
2606.523778829633
 20
2322.715925634687
 30
2.83e-14
 11
2606.523778829633
 21
2322.507409462336
 31
2.83e-14
1001
AcDbBlockRepETag
1070
1
1071
89
1005
D429
  0
ENDBLK
  5
D406
330
D404
100
AcDbEntity
  8
0
100
AcDbBlockEnd
  0
BLOCK
  5
D6EF
330
D6EE
100
AcDbEntity
  8
0
100
AcDbBlockBegin
  2
Innensprechstelle-Gegesprechanlage(GSP)
 70
0
 10
0.0
 20
0.0
 30
0.0
  3
Innensprechstelle-Gegesprechanlage(GSP)
  1

  0
LINE
  5
D6F1
330
D6EE
100
AcDbEntity
  8
0
  6
Continuous
 62
102
420
2219575
100
AcDbLine
 10
2605.449904456313
 20
2318.174412627229
 30
2.67e-14
 11
2604.412587491091
 21
2318.174412627229
 31
2.67e-14
1001
AcDbBlockRepETag
1070
1
1071
705
1005
D6F1
  0
ARC
  5
D6F2
330
D6EE
100
AcDbEntity
  8
0
  6
Continuous
 62
102
420
2219575
100
AcDbCircle
 10
2605.449904456313
 20
2318.076471781572
 30
2.67e-14
 40
0.097940845656552
100
AcDbArc
 50
0.0
 51
90.0
1001
AcDbBlockRepETag
1070
1
1071
706
1005
D6F2
  0
ARC
  5
D6F3
330
D6EE
100
AcDbEntity
  8
0
  6
Continuous
 62
102
420
2219575
100
AcDbCircle
 10
2604.412587491091
 20
2318.076471781572
 30
2.67e-14
 40
0.097940845656552
100
AcDbArc
 50
90.0
 51
180.0
1001
AcDbBlockRepETag
1070
1
1071
707
1005
D6F3
  0
LINE
  5
D6F4
330
D6EE
100
AcDbEntity
  8
0
  6
Continuous
 62
102
420
2219575
100
AcDbLine
 10
2604.412587491091
 20
2316.215595714098
 30
2.67e-14
 11
2605.449904456313
 21
2316.215595714098
 31
2.67e-14
1001
AcDbBlockRepETag
1070
1
1071
708
1005
D6F4
  0
ARC
  5
D6F5
330
D6EE
100
AcDbEntity
  8
0
  6
Continuous
 62
102
420
2219575
100
AcDbCircle
 10
2605.449904456313
 20
2316.313536559754
 30
2.67e-14
 40
0.097940845656552
100
AcDbArc
 50
270.0
 51
0.0
1001
AcDbBlockRepETag
1070
1
1071
709
1005
D6F5
  0
HATCH
  5
D6F6
330
D6EE
100
AcDbEntity
  8
0
 62
102
420
2219575
100
AcDbHatch
 10
0.0
 20
0.0
 30
2.67e-14
210
0.0
220
0.0
230
1.0
  2
SOLID
 70
1
 71
1
 91
12
 92
1
 93
4
 72
1
 10
2605.432123673711
 20
2316.861444122479
 11
2605.282286425264
 21
2316.861444122479
 72
1
 10
2605.282286425264
 20
2316.861444122479
 11
2605.282286425264
 21
2316.765445576891
 72
1
 10
2605.282286425264
 20
2316.765445576891
 11
2605.432123673711
 21
2316.765445576891
 72
1
 10
2605.432123673711
 20
2316.765445576891
 11
2605.432123673711
 21
2316.861444122479
 97
1
330
D702
 92
1
 93
4
 72
1
 10
2605.432123673711
 20
2317.015041651297
 11
2605.282286425264
 21
2317.015041651297
 72
1
 10
2605.282286425264
 20
2317.015041651297
 11
2605.282286425264
 21
2316.919043105708
 72
1
 10
2605.282286425264
 20
2316.919043105708
 11
2605.432123673711
 21
2316.919043105708
 72
1
 10
2605.432123673711
 20
2316.919043105708
 11
2605.432123673711
 21
2317.015041651297
 97
1
330
D701
 92
1
 93
4
 72
1
 10
2605.432123673711
 20
2317.160959195581
 11
2605.282286425264
 21
2317.160959195581
 72
1
 10
2605.282286425264
 20
2317.160959195581
 11
2605.282286425264
 21
2317.064960649993
 72
1
 10
2605.282286425264
 20
2317.064960649993
 11
2605.432123673711
 21
2317.064960649993
 72
1
 10
2605.432123673711
 20
2317.064960649993
 11
2605.432123673711
 21
2317.160959195581
 97
1
330
D700
 92
1
 93
4
 72
1
 10
2605.432123673711
 20
2317.306877100175
 11
2605.282286425264
 21
2317.306877100175
 72
1
 10
2605.282286425264
 20
2317.306877100175
 11
2605.282286425264
 21
2317.210878554586
 72
1
 10
2605.282286425264
 20
2317.210878554586
 11
2605.432123673711
 21
2317.210878554586
 72
1
 10
2605.432123673711
 20
2317.210878554586
 11
2605.432123673711
 21
2317.306877100175
 97
1
330
D6FF
 92
1
 93
4
 72
1
 10
2605.232341275499
 20
2317.306877100175
 11
2605.082504027052
 21
2317.306877100175
 72
1
 10
2605.082504027052
 20
2317.306877100175
 11
2605.082504027052
 21
2317.210878554586
 72
1
 10
2605.082504027052
 20
2317.210878554586
 11
2605.232341275499
 21
2317.210878554586
 72
1
 10
2605.232341275499
 20
2317.210878554586
 11
2605.232341275499
 21
2317.306877100175
 97
1
330
D6FE
 92
1
 93
4
 72
1
 10
2605.232341275499
 20
2317.160959195581
 11
2605.082504027052
 21
2317.160959195581
 72
1
 10
2605.082504027052
 20
2317.160959195581
 11
2605.082504027052
 21
2317.064960649993
 72
1
 10
2605.082504027052
 20
2317.064960649993
 11
2605.232341275499
 21
2317.064960649993
 72
1
 10
2605.232341275499
 20
2317.064960649993
 11
2605.232341275499
 21
2317.160959195581
 97
1
330
D6FD
 92
1
 93
4
 72
1
 10
2605.232341275499
 20
2317.015041651297
 11
2605.082504027052
 21
2317.015041651297
 72
1
 10
2605.082504027052
 20
2317.015041651297
 11
2605.082504027052
 21
2316.919043105708
 72
1
 10
2605.082504027052
 20
2316.919043105708
 11
2605.232341275499
 21
2316.919043105708
 72
1
 10
2605.232341275499
 20
2316.919043105708
 11
2605.232341275499
 21
2317.015041651297
 97
1
330
D6FC
 92
1
 93
4
 72
1
 10
2605.232341275499
 20
2316.861444122479
 11
2605.082504027052
 21
2316.861444122479
 72
1
 10
2605.082504027052
 20
2316.861444122479
 11
2605.082504027052
 21
2316.765445576891
 72
1
 10
2605.082504027052
 20
2316.765445576891
 11
2605.232341275499
 21
2316.765445576891
 72
1
 10
2605.232341275499
 20
2316.765445576891
 11
2605.232341275499
 21
2316.861444122479
 97
1
330
D6FB
 92
1
 93
4
 72
1
 10
2605.02871588165
 20
2316.861444122479
 11
2604.878878633203
 21
2316.861444122479
 72
1
 10
2604.878878633203
 20
2316.861444122479
 11
2604.878878633203
 21
2316.765445576891
 72
1
 10
2604.878878633203
 20
2316.765445576891
 11
2605.02871588165
 21
2316.765445576891
 72
1
 10
2605.02871588165
 20
2316.765445576891
 11
2605.02871588165
 21
2316.861444122479
 97
1
330
D6FA
 92
1
 93
4
 72
1
 10
2605.02871588165
 20
2317.015041651297
 11
2604.878878633203
 21
2317.015041651297
 72
1
 10
2604.878878633203
 20
2317.015041651297
 11
2604.878878633203
 21
2316.919043105708
 72
1
 10
2604.878878633203
 20
2316.919043105708
 11
2605.02871588165
 21
2316.919043105708
 72
1
 10
2605.02871588165
 20
2316.919043105708
 11
2605.02871588165
 21
2317.015041651297
 97
1
330
D6F9
 92
1
 93
4
 72
1
 10
2605.02871588165
 20
2317.160959195581
 11
2604.878878633203
 21
2317.160959195581
 72
1
 10
2604.878878633203
 20
2317.160959195581
 11
2604.878878633203
 21
2317.064960649993
 72
1
 10
2604.878878633203
 20
2317.064960649993
 11
2605.02871588165
 21
2317.064960649993
 72
1
 10
2605.02871588165
 20
2317.064960649993
 11
2605.02871588165
 21
2317.160959195581
 97
1
330
D6F8
 92
1
 93
4
 72
1
 10
2605.02871588165
 20
2317.306877100175
 11
2604.878878633203
 21
2317.306877100175
 72
1
 10
2604.878878633203
 20
2317.306877100175
 11
2604.878878633203
 21
2317.210878554586
 72
1
 10
2604.878878633203
 20
2317.210878554586
 11
2605.02871588165
 21
2317.210878554586
 72
1
 10
2605.02871588165
 20
2317.210878554586
 11
2605.02871588165
 21
2317.306877100175
 97
1
330
D6F7
 75
1
 76
1
 98
1
 10
2633.738066672024
 20
1183.546876359909
450
0
451
0
460
0.0
461
0.0
452
0
462
0.0
453
0
470

1001
GradientColor1ACI
1070
5
1001
GradientColor2ACI
1070
2
1001
AcDbBlockRepETag
1070
1
1071
710
1005
D6F6
1001
ACAD
1010
0.0
1020
0.0
1030
0.0
  0
LWPOLYLINE
  5
D6F7
102
{ACAD_REACTORS
330
D6F6
102
}
330
D6EE
100
AcDbEntity
  8
0
  6
Continuous
 62
102
420
2219575
100
AcDbPolyline
 90
4
 70
1
 10
2605.02871588165
 20
2317.306877100175
 10
2604.878878633203
 20
2317.306877100175
 10
2604.878878633203
 20
2317.210878554586
 10
2605.02871588165
 20
2317.210878554586
1001
AcDbBlockRepETag
1070
1
1071
711
1005
D6F7
  0
LWPOLYLINE
  5
D6F8
102
{ACAD_REACTORS
330
D6F6
102
}
330
D6EE
100
AcDbEntity
  8
0
  6
Continuous
 62
102
420
2219575
100
AcDbPolyline
 90
4
 70
1
 10
2605.02871588165
 20
2317.160959195581
 10
2604.878878633203
 20
2317.160959195581
 10
2604.878878633203
 20
2317.064960649993
 10
2605.02871588165
 20
2317.064960649993
1001
AcDbBlockRepETag
1070
1
1071
712
1005
D6F8
  0
LWPOLYLINE
  5
D6F9
102
{ACAD_REACTORS
330
D6F6
102
}
330
D6EE
100
AcDbEntity
  8
0
  6
Continuous
 62
102
420
2219575
100
AcDbPolyline
 90
4
 70
1
 10
2605.02871588165
 20
2317.015041651297
 10
2604.878878633203
 20
2317.015041651297
 10
2604.878878633203
 20
2316.919043105708
 10
2605.02871588165
 20
2316.919043105708
1001
AcDbBlockRepETag
1070
1
1071
713
1005
D6F9
  0
LWPOLYLINE
  5
D6FA
102
{ACAD_REACTORS
330
D6F6
102
}
330
D6EE
100
AcDbEntity
  8
0
  6
Continuous
 62
102
420
2219575
100
AcDbPolyline
 90
4
 70
1
 10
2605.02871588165
 20
2316.861444122479
 10
2604.878878633203
 20
2316.861444122479
 10
2604.878878633203
 20
2316.765445576891
 10
2605.02871588165
 20
2316.765445576891
1001
AcDbBlockRepETag
1070
1
1071
714
1005
D6FA
  0
LWPOLYLINE
  5
D6FB
102
{ACAD_REACTORS
330
D6F6
102
}
330
D6EE
100
AcDbEntity
  8
0
  6
Continuous
 62
102
420
2219575
100
AcDbPolyline
 90
4
 70
1
 10
2605.232341275499
 20
2316.861444122479
 10
2605.082504027052
 20
2316.861444122479
 10
2605.082504027052
 20
2316.765445576891
 10
2605.232341275499
 20
2316.765445576891
1001
AcDbBlockRepETag
1070
1
1071
715
1005
D6FB
  0
LWPOLYLINE
  5
D6FC
102
{ACAD_REACTORS
330
D6F6
102
}
330
D6EE
100
AcDbEntity
  8
0
  6
Continuous
 62
102
420
2219575
100
AcDbPolyline
 90
4
 70
1
 10
2605.232341275499
 20
2317.015041651297
 10
2605.082504027052
 20
2317.015041651297
 10
2605.082504027052
 20
2316.919043105708
 10
2605.232341275499
 20
2316.919043105708
1001
AcDbBlockRepETag
1070
1
1071
716
1005
D6FC
  0
LWPOLYLINE
  5
D6FD
102
{ACAD_REACTORS
330
D6F6
102
}
330
D6EE
100
AcDbEntity
  8
0
  6
Continuous
 62
102
420
2219575
100
AcDbPolyline
 90
4
 70
1
 10
2605.232341275499
 20
2317.160959195581
 10
2605.082504027052
 20
2317.160959195581
 10
2605.082504027052
 20
2317.064960649993
 10
2605.232341275499
 20
2317.064960649993
1001
AcDbBlockRepETag
1070
1
1071
717
1005
D6FD
  0
LWPOLYLINE
  5
D6FE
102
{ACAD_REACTORS
330
D6F6
102
}
330
D6EE
100
AcDbEntity
  8
0
  6
Continuous
 62
102
420
2219575
100
AcDbPolyline
 90
4
 70
1
 10
2605.232341275499
 20
2317.306877100175
 10
2605.082504027052
 20
2317.306877100175
 10
2605.082504027052
 20
2317.210878554586
 10
2605.232341275499
 20
2317.210878554586
1001
AcDbBlockRepETag
1070
1
1071
718
1005
D6FE
  0
LWPOLYLINE
  5
D6FF
102
{ACAD_REACTORS
330
D6F6
102
}
330
D6EE
100
AcDbEntity
  8
0
  6
Continuous
 62
102
420
2219575
100
AcDbPolyline
 90
4
 70
1
 10
2605.432123673711
 20
2317.306877100175
 10
2605.282286425264
 20
2317.306877100175
 10
2605.282286425264
 20
2317.210878554586
 10
2605.432123673711
 20
2317.210878554586
1001
AcDbBlockRepETag
1070
1
1071
719
1005
D6FF
  0
LWPOLYLINE
  5
D700
102
{ACAD_REACTORS
330
D6F6
102
}
330
D6EE
100
AcDbEntity
  8
0
  6
Continuous
 62
102
420
2219575
100
AcDbPolyline
 90
4
 70
1
 10
2605.432123673711
 20
2317.160959195581
 10
2605.282286425264
 20
2317.160959195581
 10
2605.282286425264
 20
2317.064960649993
 10
2605.432123673711
 20
2317.064960649993
1001
AcDbBlockRepETag
1070
1
1071
720
1005
D700
  0
LWPOLYLINE
  5
D701
102
{ACAD_REACTORS
330
D6F6
102
}
330
D6EE
100
AcDbEntity
  8
0
  6
Continuous
 62
102
420
2219575
100
AcDbPolyline
 90
4
 70
1
 10
2605.432123673711
 20
2317.015041651297
 10
2605.282286425264
 20
2317.015041651297
 10
2605.282286425264
 20
2316.919043105708
 10
2605.432123673711
 20
2316.919043105708
1001
AcDbBlockRepETag
1070
1
1071
721
1005
D701
  0
LWPOLYLINE
  5
D702
102
{ACAD_REACTORS
330
D6F6
102
}
330
D6EE
100
AcDbEntity
  8
0
  6
Continuous
 62
102
420
2219575
100
AcDbPolyline
 90
4
 70
1
 10
2605.432123673711
 20
2316.861444122479
 10
2605.282286425264
 20
2316.861444122479
 10
2605.282286425264
 20
2316.765445576891
 10
2605.432123673711
 20
2316.765445576891
1001
AcDbBlockRepETag
1070
1
1071
722
1005
D702
  0
LINE
  5
D703
330
D6EE
100
AcDbEntity
  8
0
  6
Continuous
 62
102
420
2219575
100
AcDbLine
 10
2605.547845301969
 20
2318.076471781572
 30
2.67e-14
 11
2605.547845301969
 21
2316.313536559754
 31
2.67e-14
1001
AcDbBlockRepETag
1070
1
1071
723
1005
D703
  0
LINE
  5
D704
330
D6EE
100
AcDbEntity
  8
0
  6
Continuous
 62
102
420
2219575
100
AcDbLine
 10
2604.796327536679
 20
2318.174412627229
 30
2.67e-14
 11
2604.796327536679
 21
2316.215595714098
 31
2.67e-14
1001
AcDbBlockRepETag
1070
1
1071
724
1005
D704
  0
LINE
  5
D705
330
D6EE
100
AcDbEntity
  8
0
  6
Continuous
 62
102
420
2219575
100
AcDbLine
 10
2604.796327536679
 20
2317.883952320256
 30
2.67e-14
 11
2604.314646645434
 21
2317.883952320256
 31
2.67e-14
1001
AcDbBlockRepETag
1070
1
1071
725
1005
D705
  0
ARC
  5
D706
330
D6EE
100
AcDbEntity
  8
0
  6
Continuous
 62
102
420
2219575
100
AcDbCircle
 10
2604.555487091058
 20
2316.490520645494
 30
2.67e-14
 40
0.1830390873488675
100
AcDbArc
 50
180.0
 51
0.0
1001
AcDbBlockRepETag
1070
1
1071
726
1005
D706
  0
LINE
  5
D707
330
D6EE
100
AcDbEntity
  8
0
  6
Continuous
 62
102
420
2219575
100
AcDbLine
 10
2604.372448003707
 20
2316.490520645494
 30
2.67e-14
 11
2604.372448003707
 21
2317.883952320256
 31
2.67e-14
1001
AcDbBlockRepETag
1070
1
1071
727
1005
D707
  0
LINE
  5
D708
330
D6EE
100
AcDbEntity
  8
0
  6
Continuous
 62
102
420
2219575
100
AcDbLine
 10
2604.738526178405
 20
2316.490520645494
 30
2.67e-14
 11
2604.738526178405
 21
2317.883952320256
 31
2.67e-14
1001
AcDbBlockRepETag
1070
1
1071
728
1005
D708
  0
LINE
  5
D709
330
D6EE
100
AcDbEntity
  8
0
  6
Continuous
 62
102
420
2219575
100
AcDbLine
 10
2604.314646645434
 20
2318.076471781572
 30
2.67e-14
 11
2604.314646645434
 21
2316.313536559754
 31
2.67e-14
1001
AcDbBlockRepETag
1070
1
1071
729
1005
D709
  0
ARC
  5
D70A
330
D6EE
100
AcDbEntity
  8
0
  6
Continuous
 62
102
420
2219575
100
AcDbCircle
 10
2604.412587491091
 20
2316.313536559754
 30
2.67e-14
 40
0.097940845656552
100
AcDbArc
 50
180.0
 51
270.0
1001
AcDbBlockRepETag
1070
1
1071
730
1005
D70A
  0
ENDBLK
  5
D6F0
330
D6EE
100
AcDbEntity
  8
0
100
AcDbBlockEnd
  0
BLOCK
  5
D70D
330
D70C
100
AcDbEntity
  8
0
100
AcDbBlockBegin
  2
Außensprechstelle-Gegensprechanlage(GSP)
 70
0
 10
0.0
 20
0.0
 30
0.0
  3
Außensprechstelle-Gegensprechanlage(GSP)
  1

  0
LWPOLYLINE
  5
D70F
330
D70C
100
AcDbEntity
  8
0
 62
102
420
2219575
100
AcDbPolyline
 90
4
 70
1
 10
2605.651152699832
 20
2311.485564567634
 10
2604.018805272222
 20
2311.485564567634
 10
2604.018805272222
 20
2313.444381480766
 10
2605.651152699832
 20
2313.444381480766
1001
AcDbBlockRepETag
1070
1
1071
310
1005
D70F
  0
LINE
  5
D710
330
D70C
100
AcDbEntity
  8
0
 62
102
420
2219575
100
AcDbLine
 10
2604.182040014983
 20
2313.444381480766
 30
2.67e-14
 11
2604.182040014983
 21
2311.485564567634
 31
2.67e-14
1001
AcDbBlockRepETag
1070
1
1071
311
1005
D710
  0
LINE
  5
D711
330
D70C
100
AcDbEntity
  8
0
 62
102
420
2219575
100
AcDbLine
 10
2605.48791795707
 20
2313.444381480766
 30
2.67e-14
 11
2605.48791795707
 21
2311.485564567634
 31
2.67e-14
1001
AcDbBlockRepETag
1070
1
1071
312
1005
D711
  0
LWPOLYLINE
  5
D712
330
D70C
100
AcDbEntity
  8
0
 62
102
420
2219575
100
AcDbPolyline
 90
2
 70
1
 43
0.1958816913131039
 10
2604.73703814037
 20
2311.812034053156
 42
1.0
 10
2604.932919831683
 20
2311.812034053156
 42
1.0
1001
AcDbBlockRepETag
1070
1
1071
313
1005
D712
  0
CIRCLE
  5
D713
330
D70C
100
AcDbEntity
  8
0
 62
102
420
2219575
100
AcDbCircle
 10
2604.834978986027
 20
2312.987324201035
 30
2.67e-14
 40
0.32646948552184
1001
AcDbBlockRepETag
1070
1
1071
314
1005
D713
  0
LINE
  5
D714
330
D70C
100
AcDbEntity
  8
0
 62
102
420
2219575
100
AcDbLine
 10
2604.604130198964
 20
2313.218172988098
 30
2.67e-14
 11
2605.06582777309
 21
2312.756475413972
 31
2.67e-14
1001
AcDbBlockRepETag
1070
1
1071
5
1005
D714
  0
LINE
  5
D715
330
D70C
100
AcDbEntity
  8
0
 62
102
420
2219575
100
AcDbLine
 10
2604.604130198964
 20
2312.756475413972
 30
2.67e-14
 11
2605.06582777309
 21
2313.218172988098
 31
2.67e-14
1001
AcDbBlockRepETag
1070
1
1071
6
1005
D715
  0
LWPOLYLINE
  5
D716
330
D70C
100
AcDbEntity
  8
0
 62
102
420
2219575
100
AcDbPolyline
 90
2
 70
1
 43
0.1958816913131039
 10
2604.73703814037
 20
2312.334385229991
 42
1.0
 10
2604.932919831683
 20
2312.334385229991
 42
1.0
1001
AcDbBlockRepETag
1070
1
1071
7
1005
D716
  0
ENDBLK
  5
D70E
330
D70C
100
AcDbEntity
  8
0
100
AcDbBlockEnd
  0
BLOCK
  5
DAEE
330
DAED
100
AcDbEntity
  8
0
100
AcDbBlockBegin
  2
Notbeleuchtung Richtungspfeil nach unten
 70
0
 10
0.0
 20
0.0
 30
0.0
  3
Notbeleuchtung Richtungspfeil nach unten
  1

  0
HATCH
  5
DAF0
330
DAED
100
AcDbEntity
  8
0
 62
102
420
2219575
100
AcDbHatch
 10
0.0
 20
0.0
 30
-8.6e-15
210
0.0
220
0.0
230
1.0
  2
SOLID
 70
1
 71
0
 91
5
 92
5
 93
4
 72
1
 10
2606.013467943527
 20
2307.898012701573
 11
2602.8793600701
 21
2307.898012388162
 72
1
 10
2602.8793600701
 20
2307.898012388162
 11
2602.8793600701
 21
2306.330958529801
 72
1
 10
2602.8793600701
 20
2306.330958529801
 11
2606.013467943526
 21
2306.330958529801
 72
1
 10
2606.013467943527
 20
2306.330958529801
 11
2606.013467943527
 21
2307.898012701573
 97
0
 92
20
 93
23
 72
1
 10
2605.667184038952
 20
2307.586593248518
 11
2605.809906019203
 21
2307.336828451079
 72
1
 10
2605.809906019203
 20
2307.336828451079
 11
2605.715400106761
 21
2307.282824938222
 72
1
 10
2605.715400106762
 20
2307.282824938222
 11
2605.613455700833
 21
2307.46122890224
 72
1
 10
2605.613455700833
 20
2307.46122890224
 11
2605.441080351523
 21
2307.46122890224
 72
1
 10
2605.441080351523
 20
2307.46122890224
 11
2605.620172409096
 21
2307.14781819325
 72
1
 10
2605.620172409096
 20
2307.14781819325
 11
2605.620172409096
 21
2306.881418957409
 72
1
 10
2605.620172409096
 20
2306.881418957409
 11
2605.917912418096
 21
2306.881418957409
 72
1
 10
2605.917912418096
 20
2306.881418957409
 11
2605.917912418096
 21
2306.756054611131
 72
1
 10
2605.917912418096
 20
2306.756054611131
 11
2605.494808062818
 21
2306.756054611131
 72
1
 10
2605.494808062818
 20
2306.756054611131
 11
2605.494808062818
 21
2307.022453846972
 72
1
 10
2605.494808062818
 20
2307.022453846972
 11
2605.275421083653
 21
2306.897089500694
 72
1
 10
2605.275421083653
 20
2306.897089500694
 11
2605.275421083653
 21
2306.583678634998
 72
1
 10
2605.275421083653
 20
2306.583678634998
 11
2605.150056110553
 21
2306.583678634998
 72
1
 10
2605.150056110553
 20
2306.583678634998
 11
2605.150056110553
 21
2306.959771673833
 72
1
 10
2605.150056110553
 20
2306.959771673833
 11
2605.37957002161
 21
2307.090921898103
 72
1
 10
2605.37957002161
 20
2307.090921898103
 11
2605.275421083653
 21
2307.273182539528
 72
1
 10
2605.275421083653
 20
2307.273182539528
 11
2605.275421083653
 21
2307.14781819325
 72
1
 10
2605.275421083653
 20
2307.14781819325
 11
2604.914997961282
 21
2307.14781819325
 72
1
 10
2604.914997961282
 20
2307.14781819325
 11
2604.914997961282
 21
2307.273182539528
 72
1
 10
2604.914997961282
 20
2307.273182539528
 11
2605.150056110553
 21
2307.273182539528
 72
1
 10
2605.150056110553
 20
2307.273182539528
 11
2605.150056110553
 21
2307.504329576837
 72
3
 10
2605.197229369157
 20
2307.653765892013
 11
-0.110807329677889
 21
0.110807329677889
 40
0.9999999999999083
 50
117.4804134226342
 51
199.6177004048238
 73
1
 72
1
 10
2605.338807491007
 20
2307.586593248518
 11
2605.66718403895
 21
2307.586593248518
 97
0
 92
20
 93
2
 72
3
 10
2605.197229867848
 20
2307.65376589419
 11
-0.0886459793723141
 21
0.0886459793723141
 40
0.9999999999999335
 50
314.9999999999999
 51
494.9999999999997
 73
0
 72
3
 10
2605.197229867848
 20
2307.65376589419
 11
-0.0886459793723209
 21
0.0886459793723209
 40
0.9999999999999712
 50
135.0
 51
314.9999999999999
 73
0
 97
0
 92
20
 93
7
 72
1
 10
2604.515364318914
 20
2306.93897529584
 11
2604.747288359528
 21
2306.93897529584
 72
1
 10
2604.747288359528
 20
2306.93897529584
 11
2604.44641392846
 21
2306.53780970116
 72
1
 10
2604.446413928461
 20
2306.53780970116
 11
2604.14553996751
 21
2306.938975295839
 72
1
 10
2604.14553996751
 20
2306.93897529584
 11
2604.390000442752
 21
2306.93897529584
 72
1
 10
2604.390000442752
 20
2306.93897529584
 11
2604.390000442752
 21
2307.691161530215
 72
1
 10
2604.390000442752
 20
2307.691161530214
 11
2604.515364318914
 21
2307.691161530214
 72
1
 10
2604.515364318914
 20
2307.691161530214
 11
2604.515364318914
 21
2306.938975295839
 97
0
 92
20
 93
4
 72
1
 10
2603.662886920927
 20
2306.487663962649
 11
2603.036065189537
 21
2306.487663962649
 72
1
 10
2603.036065189537
 20
2306.487663962649
 11
2603.036065189537
 21
2307.741306955314
 72
1
 10
2603.036065189537
 20
2307.741306955314
 11
2603.662886920927
 21
2307.741306955314
 72
1
 10
2603.662886920927
 20
2307.741306955314
 11
2603.662886920927
 21
2306.487663962649
 97
0
 75
0
 76
1
 47
0.3739612279408861
 98
6
 10
2747.170596672382
 20
2202.114127543268
 10
2704.651189226366
 20
2239.044374551049
 10
2704.651189226366
 20
2239.044374551049
 10
2704.651189226366
 20
2239.044374551049
 10
2704.651189226366
 20
2239.044374551049
 10
2704.651189226366
 20
2239.044374551049
450
0
451
0
460
0.0
461
0.0
452
0
462
0.0
453
0
470

1001
AcDbBlockRepETag
1070
1
1071
0
1005
DAF0
  0
LINE
  5
DAF1
330
DAED
100
AcDbEntity
  8
0
 62
102
420
2219575
100
AcDbLine
 10
2606.013467943527
 20
2307.898012701573
 30
-8.6e-15
 11
2602.8793600701
 21
2307.898012388162
 31
-8.6e-15
1001
AcDbBlockRepETag
1070
1
1071
1
1005
DAF1
  0
LINE
  5
DAF2
330
DAED
100
AcDbEntity
  8
0
 62
102
420
2219575
100
AcDbLine
 10
2602.8793600701
 20
2306.330958529801
 30
-8.6e-15
 11
2606.013467943527
 21
2306.330958529801
 31
-8.6e-15
1001
AcDbBlockRepETag
1070
1
1071
2
1005
DAF2
  0
LINE
  5
DAF3
330
DAED
100
AcDbEntity
  8
0
 62
102
420
2219575
100
AcDbLine
 10
2602.8793600701
 20
2307.898012388162
 30
-8.6e-15
 11
2602.8793600701
 21
2306.330958529801
 31
-8.6e-15
1001
AcDbBlockRepETag
1070
1
1071
3
1005
DAF3
  0
LINE
  5
DAF4
330
DAED
100
AcDbEntity
  8
0
 62
102
420
2219575
100
AcDbLine
 10
2606.013467943527
 20
2306.330958529801
 30
-8.6e-15
 11
2606.013467943527
 21
2307.898012701573
 31
-8.6e-15
1001
AcDbBlockRepETag
1070
1
1071
4
1005
DAF4
  0
ENDBLK
  5
DAEF
330
DAED
100
AcDbEntity
  8
0
100
AcDbBlockEnd
  0
BLOCK
  5
DAFC
330
DAFB
100
AcDbEntity
  8
0
100
AcDbBlockBegin
  2
Notbeleuchtung- Richtungspfeil nach unten
 70
0
 10
0.0
 20
0.0
 30
0.0
  3
Notbeleuchtung- Richtungspfeil nach unten
  1

  4
Diese Notbeleuchtung werden hauptäschlich in Stiegenhäuser, Gänge und im Untergeschoss in den Garagenbereichen verwendet
  0
HATCH
  5
DAFE
330
DAFB
100
AcDbEntity
  8
0
 62
102
420
2219575
100
AcDbHatch
 10
0.0
 20
0.0
 30
-8.6e-15
210
0.0
220
0.0
230
1.0
  2
SOLID
 70
1
 71
0
 91
5
 92
5
 93
4
 72
1
 10
2606.013467943527
 20
2307.898012701573
 11
2602.8793600701
 21
2307.898012388162
 72
1
 10
2602.8793600701
 20
2307.898012388162
 11
2602.8793600701
 21
2306.330958529801
 72
1
 10
2602.8793600701
 20
2306.330958529801
 11
2606.013467943526
 21
2306.330958529801
 72
1
 10
2606.013467943527
 20
2306.330958529801
 11
2606.013467943527
 21
2307.898012701573
 97
0
 92
20
 93
23
 72
1
 10
2605.667184038952
 20
2307.586593248518
 11
2605.809906019203
 21
2307.336828451079
 72
1
 10
2605.809906019203
 20
2307.336828451079
 11
2605.715400106761
 21
2307.282824938222
 72
1
 10
2605.715400106762
 20
2307.282824938222
 11
2605.613455700833
 21
2307.46122890224
 72
1
 10
2605.613455700833
 20
2307.46122890224
 11
2605.441080351523
 21
2307.46122890224
 72
1
 10
2605.441080351523
 20
2307.46122890224
 11
2605.620172409096
 21
2307.14781819325
 72
1
 10
2605.620172409096
 20
2307.14781819325
 11
2605.620172409096
 21
2306.881418957409
 72
1
 10
2605.620172409096
 20
2306.881418957409
 11
2605.917912418096
 21
2306.881418957409
 72
1
 10
2605.917912418096
 20
2306.881418957409
 11
2605.917912418096
 21
2306.756054611131
 72
1
 10
2605.917912418096
 20
2306.756054611131
 11
2605.494808062818
 21
2306.756054611131
 72
1
 10
2605.494808062818
 20
2306.756054611131
 11
2605.494808062818
 21
2307.022453846972
 72
1
 10
2605.494808062818
 20
2307.022453846972
 11
2605.275421083653
 21
2306.897089500694
 72
1
 10
2605.275421083653
 20
2306.897089500694
 11
2605.275421083653
 21
2306.583678634998
 72
1
 10
2605.275421083653
 20
2306.583678634998
 11
2605.150056110553
 21
2306.583678634998
 72
1
 10
2605.150056110553
 20
2306.583678634998
 11
2605.150056110553
 21
2306.959771673833
 72
1
 10
2605.150056110553
 20
2306.959771673833
 11
2605.37957002161
 21
2307.090921898103
 72
1
 10
2605.37957002161
 20
2307.090921898103
 11
2605.275421083653
 21
2307.273182539528
 72
1
 10
2605.275421083653
 20
2307.273182539528
 11
2605.275421083653
 21
2307.14781819325
 72
1
 10
2605.275421083653
 20
2307.14781819325
 11
2604.914997961282
 21
2307.14781819325
 72
1
 10
2604.914997961282
 20
2307.14781819325
 11
2604.914997961282
 21
2307.273182539528
 72
1
 10
2604.914997961282
 20
2307.273182539528
 11
2605.150056110553
 21
2307.273182539528
 72
1
 10
2605.150056110553
 20
2307.273182539528
 11
2605.150056110553
 21
2307.504329576837
 72
3
 10
2605.197229369157
 20
2307.653765892013
 11
-0.110807329677889
 21
0.110807329677889
 40
0.9999999999999083
 50
117.4804134226342
 51
199.6177004048238
 73
1
 72
1
 10
2605.338807491007
 20
2307.586593248518
 11
2605.66718403895
 21
2307.586593248518
 97
0
 92
20
 93
2
 72
3
 10
2605.197229867848
 20
2307.65376589419
 11
-0.0886459793723141
 21
0.0886459793723141
 40
0.9999999999999335
 50
314.9999999999999
 51
494.9999999999997
 73
0
 72
3
 10
2605.197229867848
 20
2307.65376589419
 11
-0.0886459793723209
 21
0.0886459793723209
 40
0.9999999999999712
 50
135.0
 51
314.9999999999999
 73
0
 97
0
 92
20
 93
7
 72
1
 10
2604.515364318914
 20
2306.93897529584
 11
2604.747288359528
 21
2306.93897529584
 72
1
 10
2604.747288359528
 20
2306.93897529584
 11
2604.44641392846
 21
2306.53780970116
 72
1
 10
2604.446413928461
 20
2306.53780970116
 11
2604.14553996751
 21
2306.938975295839
 72
1
 10
2604.14553996751
 20
2306.93897529584
 11
2604.390000442752
 21
2306.93897529584
 72
1
 10
2604.390000442752
 20
2306.93897529584
 11
2604.390000442752
 21
2307.691161530215
 72
1
 10
2604.390000442752
 20
2307.691161530214
 11
2604.515364318914
 21
2307.691161530214
 72
1
 10
2604.515364318914
 20
2307.691161530214
 11
2604.515364318914
 21
2306.938975295839
 97
0
 92
20
 93
4
 72
1
 10
2603.662886920927
 20
2306.487663962649
 11
2603.036065189537
 21
2306.487663962649
 72
1
 10
2603.036065189537
 20
2306.487663962649
 11
2603.036065189537
 21
2307.741306955314
 72
1
 10
2603.036065189537
 20
2307.741306955314
 11
2603.662886920927
 21
2307.741306955314
 72
1
 10
2603.662886920927
 20
2307.741306955314
 11
2603.662886920927
 21
2306.487663962649
 97
0
 75
0
 76
1
 47
0.3739612279408861
 98
6
 10
2747.170596672382
 20
2202.114127543268
 10
2704.651189226366
 20
2239.044374551049
 10
2704.651189226366
 20
2239.044374551049
 10
2704.651189226366
 20
2239.044374551049
 10
2704.651189226366
 20
2239.044374551049
 10
2704.651189226366
 20
2239.044374551049
450
0
451
0
460
0.0
461
0.0
452
0
462
0.0
453
0
470

1001
AcDbBlockRepETag
1070
1
1071
0
1005
DAFE
  0
LINE
  5
DAFF
330
DAFB
100
AcDbEntity
  8
0
 62
102
420
2219575
100
AcDbLine
 10
2606.013467943527
 20
2307.898012701573
 30
-8.6e-15
 11
2602.8793600701
 21
2307.898012388162
 31
-8.6e-15
1001
AcDbBlockRepETag
1070
1
1071
1
1005
DAFF
  0
LINE
  5
DB00
330
DAFB
100
AcDbEntity
  8
0
 62
102
420
2219575
100
AcDbLine
 10
2602.8793600701
 20
2306.330958529801
 30
-8.6e-15
 11
2606.013467943527
 21
2306.330958529801
 31
-8.6e-15
1001
AcDbBlockRepETag
1070
1
1071
2
1005
DB00
  0
LINE
  5
DB01
330
DAFB
100
AcDbEntity
  8
0
 62
102
420
2219575
100
AcDbLine
 10
2602.8793600701
 20
2307.898012388162
 30
-8.6e-15
 11
2602.8793600701
 21
2306.330958529801
 31
-8.6e-15
1001
AcDbBlockRepETag
1070
1
1071
3
1005
DB01
  0
LINE
  5
DB02
330
DAFB
100
AcDbEntity
  8
0
 62
102
420
2219575
100
AcDbLine
 10
2606.013467943527
 20
2306.330958529801
 30
-8.6e-15
 11
2606.013467943527
 21
2307.898012701573
 31
-8.6e-15
1001
AcDbBlockRepETag
1070
1
1071
4
1005
DB02
  0
ENDBLK
  5
DAFD
330
DAFB
100
AcDbEntity
  8
0
100
AcDbBlockEnd
  0
BLOCK
  5
DB05
330
DB04
100
AcDbEntity
  8
0
100
AcDbBlockBegin
  2
Notbeleuchtung-Richtungspfeil nach links
 70
0
 10
0.0
 20
0.0
 30
0.0
  3
Notbeleuchtung-Richtungspfeil nach links
  1

  4
Diese Notbeleuchtung werden hauptäschlich in Stiegenhäuser, Gänge und im Untergeschoss in den Garagenbereichen verwendet
  0
HATCH
  5
DB07
330
DB04
100
AcDbEntity
  8
0
 62
102
420
2219575
100
AcDbHatch
 10
0.0
 20
0.0
 30
-8.6e-15
210
0.0
220
0.0
230
1.0
  2
SOLID
 70
1
 71
0
 91
5
 92
16
 93
7
 72
1
 10
2603.799649989163
 20
2302.930432512685
 11
2604.200815374547
 21
2303.231306630083
 72
1
 10
2604.200815374547
 20
2303.231306630083
 11
2604.200815374547
 21
2302.98684643908
 72
1
 10
2604.200815374547
 20
2302.986846439079
 11
2604.953000903082
 21
2302.986846439079
 72
1
 10
2604.953000903082
 20
2302.986846439079
 11
2604.953000903082
 21
2302.861482158203
 72
1
 10
2604.953000903082
 20
2302.861482158203
 11
2604.200815374547
 21
2302.861482158203
 72
1
 10
2604.200815374547
 20
2302.861482158203
 11
2604.200815374547
 21
2302.629558238582
 72
1
 10
2604.200815374547
 20
2302.629558238582
 11
2603.799649989163
 21
2302.930432512685
 97
0
 92
16
 93
1
 72
3
 10
2605.283846313546
 20
2303.469712400153
 11
0.088645933125172
 21
0.088645933125172
 40
0.9999999999996648
 50
6.908928e-10
 51
360.0000000006908
 73
1
 97
0
 92
16
 93
4
 72
1
 10
2603.122682872447
 20
2302.303611108303
 11
2603.749503963403
 21
2302.303611108303
 72
1
 10
2603.749503963403
 20
2302.303611108303
 11
2603.749503963403
 21
2303.557253446951
 72
1
 10
2603.749503963403
 20
2303.557253446951
 11
2603.122682872447
 21
2303.557253446951
 72
1
 10
2603.122682872447
 20
2303.557253446951
 11
2603.122682872447
 21
2302.303611108303
 97
0
 92
1
 93
4
 72
1
 10
2602.965977521356
 20
2302.146905757208
 11
2602.965977521356
 21
2303.713958798046
 72
1
 10
2602.965977521356
 20
2303.713958798046
 11
2606.100083759662
 21
2303.713959111457
 72
1
 10
2606.100083759662
 20
2303.713959111457
 11
2606.100083759662
 21
2302.146905757208
 72
1
 10
2606.100083759662
 20
2302.146905757208
 11
2602.965977521356
 21
2302.146905757208
 97
0
 92
16
 93
23
 72
1
 10
2605.236672690556
 20
2303.320276093167
 11
2605.236672690556
 21
2303.089129275382
 72
1
 10
2605.236672690556
 20
2303.089129275382
 11
2605.001614663918
 21
2303.089129275382
 72
1
 10
2605.001614663919
 20
2303.089129275382
 11
2605.001614663919
 21
2302.963764994506
 72
1
 10
2605.001614663919
 20
2302.963764994506
 11
2605.36203728484
 21
2302.963764994506
 72
1
 10
2605.36203728484
 20
2302.963764994506
 11
2605.36203728484
 21
2303.089129275382
 72
1
 10
2605.36203728484
 20
2303.089129275382
 11
2605.466186168462
 21
2302.906868729041
 72
1
 10
2605.466186168462
 20
2302.906868729041
 11
2605.236672690556
 21
2302.775718573192
 72
1
 10
2605.236672690556
 20
2302.775718573191
 11
2605.236672690556
 21
2302.399625730562
 72
1
 10
2605.236672690556
 20
2302.399625730563
 11
2605.36203728484
 21
2302.399625730563
 72
1
 10
2605.36203728484
 20
2302.399625730563
 11
2605.36203728484
 21
2302.713036432753
 72
1
 10
2605.36203728484
 20
2302.713036432753
 11
2605.581424149547
 21
2302.83840071363
 72
1
 10
2605.581424149547
 20
2302.83840071363
 11
2605.581424149547
 21
2302.572001616768
 72
1
 10
2605.581424149547
 20
2302.572001616768
 11
2606.004528284084
 21
2302.572001616768
 72
1
 10
2606.004528284084
 20
2302.572001616768
 11
2606.004528284084
 21
2302.697365897644
 72
1
 10
2606.004528284084
 20
2302.697365897643
 11
2605.706788743831
 21
2302.697365897643
 72
1
 10
2605.706788743831
 20
2302.697365897643
 11
2605.706788743831
 21
2302.963764994506
 72
1
 10
2605.706788743831
 20
2302.963764994506
 11
2605.527696466282
 21
2303.277175539991
 72
1
 10
2605.527696466282
 20
2303.277175539991
 11
2605.700071725661
 21
2303.277175539991
 72
1
 10
2605.700071725661
 20
2303.277175539991
 11
2605.802016078404
 21
2303.098771669046
 72
1
 10
2605.802016078404
 20
2303.098771669046
 11
2605.896522254951
 21
2303.152775153729
 72
1
 10
2605.896522254951
 20
2303.15277515373
 11
2605.753800349158
 21
2303.402539820868
 72
1
 10
2605.753800349158
 20
2303.402539820868
 11
2605.425423972536
 21
2303.402539820868
 72
3
 10
2605.283845934994
 20
2303.469712225631
 11
-0.1108072034574493
 21
0.1108072034574493
 40
0.999999999999938
 50
160.3822339480613
 51
242.519601748447
 73
0
 97
0
 75
0
 76
1
 98
1
 10
2692.066775298461
 20
2081.278147333911
450
0
451
0
460
0.0
461
0.0
452
0
462
0.0
453
0
470

1001
AcDbBlockRepETag
1070
1
1071
281
1005
DB07
  0
LINE
  5
DB08
330
DB04
100
AcDbEntity
  8
0
 62
102
420
2219575
100
AcDbLine
 10
2606.100083759662
 20
2302.146905757208
 30
-8.6e-15
 11
2602.965977521356
 21
2302.146905757208
 31
-8.6e-15
1001
AcDbBlockRepETag
1070
1
1071
282
1005
DB08
  0
LINE
  5
DB09
330
DB04
100
AcDbEntity
  8
0
 62
102
420
2219575
100
AcDbLine
 10
2602.965977521356
 20
2303.713958798046
 30
-8.6e-15
 11
2606.100083759662
 21
2303.713959111457
 31
-8.6e-15
1001
AcDbBlockRepETag
1070
1
1071
283
1005
DB09
  0
LINE
  5
DB0A
330
DB04
100
AcDbEntity
  8
0
 62
102
420
2219575
100
AcDbLine
 10
2602.965977521356
 20
2302.146905757208
 30
-8.6e-15
 11
2602.965977521356
 21
2303.713958798046
 31
-8.6e-15
1001
AcDbBlockRepETag
1070
1
1071
284
1005
DB0A
  0
LINE
  5
DB0B
330
DB04
100
AcDbEntity
  8
0
 62
102
420
2219575
100
AcDbLine
 10
2606.100083759662
 20
2303.713959111457
 30
-8.6e-15
 11
2606.100083759662
 21
2302.146905757208
 31
-8.6e-15
1001
AcDbBlockRepETag
1070
1
1071
285
1005
DB0B
  0
ENDBLK
  5
DB06
330
DB04
100
AcDbEntity
  8
0
100
AcDbBlockEnd
  0
BLOCK
  5
DB0E
330
DB0D
100
AcDbEntity
  8
0
100
AcDbBlockBegin
  2
Notbeleuchtung-Richtungspfeil nach rechts
 70
0
 10
0.0
 20
0.0
 30
0.0
  3
Notbeleuchtung-Richtungspfeil nach rechts
  1

  4
Diese Notbeleuchtung werden hauptäschlich in Stiegenhäuser, Gänge und im Untergeschoss in den Garagenbereichen verwendet
  0
HATCH
  5
DB1B
330
DB0D
100
AcDbEntity
  8
0
 62
102
420
2219575
100
AcDbHatch
 10
0.0
 20
0.0
 30
-8.6e-15
210
0.0
220
0.0
230
1.0
  2
SOLID
 70
1
 71
0
 91
5
 92
16
 93
7
 72
1
 10
2605.349250733115
 20
2299.507128707261
 11
2604.948085347731
 21
2299.808002824659
 72
1
 10
2604.948085347731
 20
2299.808002824659
 11
2604.948085347731
 21
2299.563542633656
 72
1
 10
2604.948085347731
 20
2299.563542633655
 11
2604.195899819196
 21
2299.563542633655
 72
1
 10
2604.195899819196
 20
2299.563542633655
 11
2604.195899819196
 21
2299.438178352779
 72
1
 10
2604.195899819196
 20
2299.438178352779
 11
2604.948085347731
 21
2299.438178352779
 72
1
 10
2604.948085347731
 20
2299.438178352779
 11
2604.948085347731
 21
2299.206254433158
 72
1
 10
2604.948085347731
 20
2299.206254433158
 11
2605.349250733115
 21
2299.507128707261
 97
0
 92
16
 93
1
 72
3
 10
2603.865054408732
 20
2300.046408594729
 11
-0.0886459331252076
 21
0.0886459331252076
 40
0.999999999999531
 50
6.678533281956334e-10
 51
360.0000000006679
 73
0
 97
0
 92
16
 93
4
 72
1
 10
2606.026217849831
 20
2298.88030730288
 11
2605.399396758875
 21
2298.88030730288
 72
1
 10
2605.399396758875
 20
2298.88030730288
 11
2605.399396758875
 21
2300.133949641526
 72
1
 10
2605.399396758875
 20
2300.133949641526
 11
2606.026217849831
 21
2300.133949641526
 72
1
 10
2606.026217849831
 20
2300.133949641526
 11
2606.026217849831
 21
2298.88030730288
 97
0
 92
1
 93
4
 72
1
 10
2606.182923200923
 20
2298.723601951784
 11
2606.182923200923
 21
2300.290654992622
 72
1
 10
2606.182923200923
 20
2300.290654992622
 11
2603.048816962616
 21
2300.290655306032
 72
1
 10
2603.048816962616
 20
2300.290655306033
 11
2603.048816962616
 21
2298.723601951784
 72
1
 10
2603.048816962616
 20
2298.723601951784
 11
2606.182923200923
 21
2298.723601951784
 97
0
 92
16
 93
23
 72
1
 10
2603.912228031721
 20
2299.896972287744
 11
2603.912228031721
 21
2299.665825469958
 72
1
 10
2603.912228031721
 20
2299.665825469958
 11
2604.147286058358
 21
2299.665825469958
 72
1
 10
2604.147286058358
 20
2299.665825469958
 11
2604.147286058358
 21
2299.540461189081
 72
1
 10
2604.147286058358
 20
2299.540461189081
 11
2603.786863437437
 21
2299.540461189081
 72
1
 10
2603.786863437437
 20
2299.540461189081
 11
2603.786863437437
 21
2299.665825469958
 72
1
 10
2603.786863437437
 20
2299.665825469958
 11
2603.682714553816
 21
2299.483564923617
 72
1
 10
2603.682714553816
 20
2299.483564923617
 11
2603.912228031721
 21
2299.352414767767
 72
1
 10
2603.912228031721
 20
2299.352414767767
 11
2603.912228031721
 21
2298.976321925138
 72
1
 10
2603.912228031721
 20
2298.976321925139
 11
2603.786863437437
 21
2298.976321925139
 72
1
 10
2603.786863437437
 20
2298.976321925139
 11
2603.786863437437
 21
2299.289732627329
 72
1
 10
2603.786863437437
 20
2299.289732627329
 11
2603.567476572731
 21
2299.415096908206
 72
1
 10
2603.56747657273
 20
2299.415096908206
 11
2603.56747657273
 21
2299.148697811344
 72
1
 10
2603.56747657273
 20
2299.148697811344
 11
2603.144372438193
 21
2299.148697811344
 72
1
 10
2603.144372438193
 20
2299.148697811344
 11
2603.144372438193
 21
2299.27406209222
 72
1
 10
2603.144372438193
 20
2299.274062092219
 11
2603.442111978446
 21
2299.274062092219
 72
1
 10
2603.442111978446
 20
2299.274062092219
 11
2603.442111978446
 21
2299.540461189081
 72
1
 10
2603.442111978446
 20
2299.540461189081
 11
2603.621204255996
 21
2299.853871734567
 72
1
 10
2603.621204255996
 20
2299.853871734567
 11
2603.448828996616
 21
2299.853871734567
 72
1
 10
2603.448828996616
 20
2299.853871734567
 11
2603.346884643873
 21
2299.675467863622
 72
1
 10
2603.346884643873
 20
2299.675467863622
 11
2603.252378467326
 21
2299.729471348305
 72
1
 10
2603.252378467326
 20
2299.729471348306
 11
2603.395100373119
 21
2299.979236015444
 72
1
 10
2603.395100373119
 20
2299.979236015444
 11
2603.723476749742
 21
2299.979236015444
 72
3
 10
2603.865054787283
 20
2300.046408420207
 11
0.1108072034574944
 21
0.1108072034574944
 40
0.9999999999998154
 50
160.3822339480444
 51
242.5196017484513
 73
1
 97
0
 75
0
 76
1
 98
1
 10
2697.598096572173
 20
2077.854843528488
450
0
451
0
460
0.0
461
0.0
452
0
462
0.0
453
0
470

1001
AcDbBlockRepETag
1070
1
1071
276
1005
DB1B
  0
LINE
  5
DB1C
330
DB0D
100
AcDbEntity
  8
0
 62
102
420
2219575
100
AcDbLine
 10
2603.048816962616
 20
2298.723601951784
 30
-8.6e-15
 11
2606.182923200923
 21
2298.723601951784
 31
-8.6e-15
1001
AcDbBlockRepETag
1070
1
1071
277
1005
DB1C
  0
LINE
  5
DB1D
330
DB0D
100
AcDbEntity
  8
0
 62
102
420
2219575
100
AcDbLine
 10
2606.182923200923
 20
2300.290654992622
 30
-8.6e-15
 11
2603.048816962616
 21
2300.290655306033
 31
-8.6e-15
1001
AcDbBlockRepETag
1070
1
1071
278
1005
DB1D
  0
LINE
  5
DB1E
330
DB0D
100
AcDbEntity
  8
0
 62
102
420
2219575
100
AcDbLine
 10
2606.182923200923
 20
2298.723601951784
 30
-8.6e-15
 11
2606.182923200923
 21
2300.290654992622
 31
-8.6e-15
1001
AcDbBlockRepETag
1070
1
1071
279
1005
DB1E
  0
LINE
  5
DB1F
330
DB0D
100
AcDbEntity
  8
0
 62
102
420
2219575
100
AcDbLine
 10
2603.048816962616
 20
2300.290655306033
 30
-8.6e-15
 11
2603.048816962616
 21
2298.723601951784
 31
-8.6e-15
1001
AcDbBlockRepETag
1070
1
1071
280
1005
DB1F
  0
ENDBLK
  5
DB0F
330
DB0D
100
AcDbEntity
  8
0
100
AcDbBlockEnd
  0
BLOCK
  5
DB53
330
DB52
100
AcDbEntity
  8
0
100
AcDbBlockBegin
  2
Oval 27-Gitter Lampe
 70
0
 10
0.0
 20
0.0
 30
0.0
  3
Oval 27-Gitter Lampe
  1

  4
Diese Lampe wird hauptsächlich in Untergeschossen verwendet^M^J
  0
LWPOLYLINE
  5
DB55
330
DB52
100
AcDbEntity
  8
ET_BELEUCHTUNG
100
AcDbPolyline
 90
2
 70
0
 10
2604.66016011984
 20
2294.134908610111
 10
2603.716936255122
 20
2294.134908610111
  0
ARC
  5
DB56
330
DB52
100
AcDbEntity
  8
ET_BELEUCHTUNG
100
AcDbCircle
 10
2604.66016011984
 20
2294.465747194389
 30
0.0
 40
0.3308385842774871
100
AcDbArc
 50
270.0
 51
90.0
  0
ARC
  5
DB57
330
DB52
100
AcDbEntity
  8
ET_BELEUCHTUNG
100
AcDbCircle
 10
2603.716936255122
 20
2294.465747194389
 30
0.0
 40
0.3308385842774871
100
AcDbArc
 50
90.0
 51
270.0
  0
LINE
  5
DB58
330
DB52
100
AcDbEntity
  8
ET_BELEUCHTUNG
100
AcDbLine
 10
2603.707035549723
 20
2294.79643760078
 30
0.0
 11
2604.670060825239
 21
2294.135056787999
 31
0.0
1001
AcDbBlockRepETag
1070
1
1071
0
1005
0
  0
LINE
  5
DB59
330
DB52
100
AcDbEntity
  8
ET_BELEUCHTUNG
100
AcDbLine
 10
2603.707035549723
 20
2294.135056787999
 30
0.0
 11
2604.674715733036
 21
2294.796585778666
 31
0.0
1001
AcDbBlockRepETag
1070
1
1071
1
1005
0
  0
LWPOLYLINE
  5
DB5A
330
DB52
100
AcDbEntity
  8
ET_BELEUCHTUNG
100
AcDbPolyline
 90
2
 70
0
 10
2603.716936255122
 20
2294.796585778666
 10
2604.66016011984
 20
2294.796585778666
  0
MTEXT
  5
DB5B
330
DB52
100
AcDbEntity
  8
0
 62
18
420
0
100
AcDbMText
 10
2602.777787681995
 20
2294.087751405137
 30
0.0
 40
0.7073505519639858
 41
3.441435276522955
 46
0.0
 71
1
 72
5
  1
Type:6
101
Embedded Object
 70
1
 10
1.0
 20
0.0
 30
0.0
 11
2602.777787681995
 21
2294.087751405137
 31
0.0
 40
3.441435276522955
 41
0.0
 42
2.952440673579555
 43
0.9182047069491575
 71
2
 72
1
 44
3.441435276522955
 45
0.6801447615038329
 73
0
 74
0
 46
0.0
  0
ENDBLK
  5
DB54
330
DB52
100
AcDbEntity
  8
0
100
AcDbBlockEnd
  0
BLOCK
  5
E039
330
E038
100
AcDbEntity
  8
0
100
AcDbBlockBegin
  2
Stiegenhaus Anbauleuchte LED
 70
0
 10
0.0
 20
0.0
 30
0.0
  3
Stiegenhaus Anbauleuchte LED
  1

  4
Diese Leuchte wird hauptsächlich in Stiegenhäuser und Gängen verwendet^M^J
  0
LINE
  5
E03B
330
E038
100
AcDbEntity
  8
0
  6
Continuous
 62
30
420
16292126
100
AcDbLine
 10
2603.749810538039
 20
2288.482259998264
 30
9.1e-15
 11
2603.912135419549
 21
2288.644584879775
 31
9.1e-15
1001
AcDbBlockRepETag
1070
1
1071
11
1005
DF9D
1001
ACAD
1010
0.0
1020
0.0
1030
0.0
  0
LINE
  5
E03C
330
E038
100
AcDbEntity
  8
0
  6
Continuous
 62
30
420
16292126
100
AcDbLine
 10
2603.609024220637
 20
2288.194884701079
 30
9.1e-15
 11
2604.199510716734
 21
2288.785371197176
 31
9.1e-15
1001
AcDbBlockRepETag
1070
1
1071
11
1005
DF9D
1001
ACAD
1010
0.0
1020
0.0
1030
0.0
  0
LINE
  5
E03D
330
E038
100
AcDbEntity
  8
0
  6
Continuous
 62
30
420
16292126
100
AcDbLine
 10
2603.581322580487
 20
2288.020594081144
 30
9.1e-15
 11
2604.373801336669
 21
2288.813072837326
 31
9.1e-15
1001
AcDbBlockRepETag
1070
1
1071
11
1005
DF9D
1001
ACAD
1010
0.0
1020
0.0
1030
0.0
  0
LINE
  5
E03E
330
E038
100
AcDbEntity
  8
0
  6
Continuous
 62
30
420
16292126
100
AcDbLine
 10
2603.585992436651
 20
2287.878674957523
 30
9.1e-15
 11
2604.51572046029
 21
2288.808402981162
 31
9.1e-15
1001
AcDbBlockRepETag
1070
1
1071
11
1005
DF9D
1001
ACAD
1010
0.0
1020
0.0
1030
0.0
  0
LINE
  5
E03F
330
E038
100
AcDbEntity
  8
0
  6
Continuous
 62
30
420
16292126
100
AcDbLine
 10
2603.609906551206
 20
2287.756000092293
 30
9.1e-15
 11
2604.638395325519
 21
2288.784488866607
 31
9.1e-15
1001
AcDbBlockRepETag
1070
1
1071
11
1005
DF9D
1001
ACAD
1010
0.0
1020
0.0
1030
0.0
  0
LINE
  5
E040
330
E038
100
AcDbEntity
  8
0
  6
Continuous
 62
30
420
16292126
100
AcDbLine
 10
2603.647852974284
 20
2287.647357535586
 30
9.1e-15
 11
2604.747037882227
 21
2288.746542443529
 31
9.1e-15
1001
AcDbBlockRepETag
1070
1
1071
11
1005
DF9D
1001
ACAD
1010
0.0
1020
0.0
1030
0.0
  0
LINE
  5
E041
330
E038
100
AcDbEntity
  8
0
  6
Continuous
 62
30
420
16292126
100
AcDbLine
 10
2603.697231176536
 20
2287.550146758053
 30
9.1e-15
 11
2604.84424865976
 21
2288.697164241277
 31
9.1e-15
1001
AcDbBlockRepETag
1070
1
1071
11
1005
DF9D
1001
ACAD
1010
0.0
1020
0.0
1030
0.0
  0
LINE
  5
E042
330
E038
100
AcDbEntity
  8
0
  6
Continuous
 62
30
420
16292126
100
AcDbLine
 10
2603.756643121545
 20
2287.462969723276
 30
9.1e-15
 11
2604.931425694537
 21
2288.637752296268
 31
9.1e-15
1001
AcDbBlockRepETag
1070
1
1071
11
1005
DF9D
1001
ACAD
1010
0.0
1020
0.0
1030
0.0
  0
LINE
  5
E043
330
E038
100
AcDbEntity
  8
0
  6
Continuous
 62
30
420
16292126
100
AcDbLine
 10
2603.825382442838
 20
2287.385120064785
 30
9.1e-15
 11
2605.009275353028
 21
2288.569012974975
 31
9.1e-15
1001
AcDbBlockRepETag
1070
1
1071
11
1005
DF9D
1001
ACAD
1010
0.0
1020
0.0
1030
0.0
  0
LINE
  5
E044
330
E038
100
AcDbEntity
  8
0
  6
Continuous
 62
30
420
16292126
100
AcDbLine
 10
2603.903232101329
 20
2287.316380743492
 30
9.1e-15
 11
2605.078014674321
 21
2288.491163316483
 31
9.1e-15
1001
AcDbBlockRepETag
1070
1
1071
11
1005
DF9D
1001
ACAD
1010
0.0
1020
0.0
1030
0.0
  0
LINE
  5
E045
330
E038
100
AcDbEntity
  8
0
  6
Continuous
 62
30
420
16292126
100
AcDbLine
 10
2603.990409136106
 20
2287.256968798483
 30
9.1e-15
 11
2605.137426619331
 21
2288.403986281707
 31
9.1e-15
1001
AcDbBlockRepETag
1070
1
1071
11
1005
DF9D
1001
ACAD
1010
0.0
1020
0.0
1030
0.0
  0
LINE
  5
E046
330
E038
100
AcDbEntity
  8
0
  6
Continuous
 62
30
420
16292126
100
AcDbLine
 10
2604.087619913639
 20
2287.207590596231
 30
9.1e-15
 11
2605.186804821582
 21
2288.306775504174
 31
9.1e-15
1001
AcDbBlockRepETag
1070
1
1071
11
1005
DF9D
1001
ACAD
1010
0.0
1020
0.0
1030
0.0
  0
LINE
  5
E047
330
E038
100
AcDbEntity
  8
0
  6
Continuous
 62
30
420
16292126
100
AcDbLine
 10
2604.196262470346
 20
2287.169644173153
 30
9.1e-15
 11
2605.22475124466
 21
2288.198132947467
 31
9.1e-15
1001
AcDbBlockRepETag
1070
1
1071
11
1005
DF9D
1001
ACAD
1010
0.0
1020
0.0
1030
0.0
  0
LINE
  5
E048
330
E038
100
AcDbEntity
  8
0
  6
Continuous
 62
30
420
16292126
100
AcDbLine
 10
2604.318937335576
 20
2287.145730058598
 30
9.1e-15
 11
2605.248665359215
 21
2288.075458082237
 31
9.1e-15
1001
AcDbBlockRepETag
1070
1
1071
11
1005
DF9D
1001
ACAD
1010
0.0
1020
0.0
1030
0.0
  0
LINE
  5
E049
330
E038
100
AcDbEntity
  8
0
  6
Continuous
 62
30
420
16292126
100
AcDbLine
 10
2604.460856459197
 20
2287.141060202433
 30
9.1e-15
 11
2605.253335215379
 21
2287.933538958616
 31
9.1e-15
1001
AcDbBlockRepETag
1070
1
1071
11
1005
DF9D
1001
ACAD
1010
0.0
1020
0.0
1030
0.0
  0
LINE
  5
E04A
330
E038
100
AcDbEntity
  8
0
  6
Continuous
 62
30
420
16292126
100
AcDbLine
 10
2604.635147079132
 20
2287.168761842583
 30
9.1e-15
 11
2605.225633575229
 21
2287.759248338681
 31
9.1e-15
1001
AcDbBlockRepETag
1070
1
1071
11
1005
DF9D
1001
ACAD
1010
0.0
1020
0.0
1030
0.0
  0
LINE
  5
E04B
330
E038
100
AcDbEntity
  8
0
  6
Continuous
 62
30
420
16292126
100
AcDbLine
 10
2604.922522376317
 20
2287.309548159985
 30
9.1e-15
 11
2605.084847257828
 21
2287.471873041495
 31
9.1e-15
1001
AcDbBlockRepETag
1070
1
1071
11
1005
DF9D
1001
ACAD
1010
0.0
1020
0.0
1030
0.0
  0
CIRCLE
  5
E04C
330
E038
100
AcDbEntity
  8
0
 62
30
420
16292126
100
AcDbCircle
 10
2604.417328897933
 20
2287.97706651988
 30
9.1e-15
 40
0.8371387049943317
1001
AcDbBlockRepETag
1070
1
1071
2
1005
E04C
  0
LINE
  5
E04D
330
E038
100
AcDbEntity
  8
0
 62
30
420
16292126
100
AcDbLine
 10
2603.825382442838
 20
2288.569012974975
 30
9.1e-15
 11
2605.009275353028
 21
2287.385120064785
 31
9.1e-15
1001
AcDbBlockRepETag
1070
1
1071
9
1005
E04D
  0
LINE
  5
E04E
330
E038
100
AcDbEntity
  8
0
 62
30
420
16292126
100
AcDbLine
 10
2603.825382442838
 20
2287.385120064785
 30
9.1e-15
 11
2605.009275353028
 21
2288.569012974975
 31
9.1e-15
1001
AcDbBlockRepETag
1070
1
1071
10
1005
E04E
  0
ENDBLK
  5
E03A
330
E038
100
AcDbEntity
  8
0
100
AcDbBlockEnd
  0
BLOCK
  5
E051
330
E050
100
AcDbEntity
  8
0
100
AcDbBlockBegin
  2
Terassenbeleuchtung
 70
0
 10
0.0
 20
0.0
 30
0.0
  3
Terassenbeleuchtung
  1

  4
Diese Leuchte wird hauptäschlich in Terassen, Balkon und Loggia verwendet in den Wohnungen, kann aber auch in den Stiegenhäusern an den Wänden montiert werden je nach Wunsch des Kunden/ Bauträger^M^J
  0
HATCH
  5
E053
330
E050
100
AcDbEntity
  8
0
 62
30
420
16292126
100
AcDbHatch
 10
0.0
 20
0.0
 30
-1.19e-14
210
0.0
220
0.0
230
1.0
  2
ANSI31
 70
0
 71
1
 91
1
 92
1
 93
2
 72
2
 10
2604.302733096601
 20
2284.861390511045
 40
0.91411455946115
 50
0.0
 51
180.0
 73
1
 72
1
 10
2603.388618537139
 20
2284.861390511045
 11
2605.216847656062
 21
2284.861390511045
 97
2
330
E054
330
E055
 75
0
 76
1
 52
0.0
 41
0.032646948552184
 77
0
 78
1
 53
45.0
 43
2604.302733096601
 44
2284.861390511045
 45
-0.073294489892495
 46
0.073294489892495
 79
0
 98
1
 10
2604.302733096601
 20
2284.861390511045
1001
AcDbBlockRepETag
1070
1
1071
7
1005
E053
1001
ACAD
1010
0.0
1020
0.0
1030
0.0
  0
ARC
  5
E054
102
{ACAD_REACTORS
330
E053
102
}
330
E050
100
AcDbEntity
  8
0
 62
30
420
16292126
100
AcDbCircle
 10
2604.302733096601
 20
2284.861390511045
 30
-1.19e-14
 40
0.91411455946115
100
AcDbArc
 50
0.0
 51
180.0
1001
AcDbBlockRepETag
1070
1
1071
2
1005
E054
  0
LINE
  5
E055
102
{ACAD_REACTORS
330
E053
102
}
330
E050
100
AcDbEntity
  8
0
 62
30
420
16292126
100
AcDbLine
 10
2605.216847656062
 20
2284.861390511045
 30
-1.19e-14
 11
2603.388618537139
 21
2284.861390511045
 31
-1.19e-14
1001
AcDbBlockRepETag
1070
1
1071
3
1005
E055
  0
LINE
  5
E056
330
E050
100
AcDbEntity
  8
0
 62
30
420
16292126
100
AcDbLine
 10
2604.302733096601
 20
2284.861390511045
 30
-1.19e-14
 11
2604.302733096601
 21
2284.861390511045
 31
-1.19e-14
1001
AcDbBlockRepETag
1070
1
1071
4
1005
E056
  0
LINE
  5
E057
330
E050
100
AcDbEntity
  8
0
 62
30
420
16292126
100
AcDbLine
 10
2604.302733096601
 20
2285.775505070505
 30
-1.19e-14
 11
2603.388618537139
 21
2284.861390511045
 31
-1.19e-14
1001
AcDbBlockRepETag
1070
1
1071
8
1005
E057
  0
LINE
  5
E058
330
E050
100
AcDbEntity
  8
0
 62
30
420
16292126
100
AcDbLine
 10
2604.302733096601
 20
2285.775505070505
 30
-1.19e-14
 11
2605.216847656062
 21
2284.861390511045
 31
-1.19e-14
1001
AcDbBlockRepETag
1070
1
1071
9
1005
E058
  0
ENDBLK
  5
E052
330
E050
100
AcDbEntity
  8
0
100
AcDbBlockEnd
  0
BLOCK
  5
E05B
330
E05A
100
AcDbEntity
  8
0
100
AcDbBlockBegin
  2
FR-Wannenleuchte
 70
0
 10
0.0
 20
0.0
 30
0.0
  3
FR-Wannenleuchte
  1

  4
Diese Leuchte wird hauptäschlich in Untergeschossen wo die Garagenbereiche sind verwendet.
  0
HATCH
  5
E05D
330
E05A
100
AcDbEntity
  8
0
 62
30
420
16292126
100
AcDbHatch
 10
0.0
 20
0.0
 30
9.1e-15
210
0.0
220
0.0
230
1.0
  2
ANSI31
 70
0
 71
1
 91
1
 92
1
 93
4
 72
1
 10
2599.830101566897
 20
2283.392277653204
 11
2610.081243412283
 21
2283.392277653204
 72
1
 10
2610.081243412283
 20
2283.392277653204
 11
2610.081243412283
 21
2282.674044785056
 72
1
 10
2610.081243412283
 20
2282.674044785056
 11
2599.830101566897
 21
2282.674044785056
 72
1
 10
2599.830101566897
 20
2282.674044785056
 11
2599.830101566897
 21
2283.392277653204
 97
1
330
E05E
 75
0
 76
1
 52
0.0
 41
0.032646948552184
 77
0
 78
1
 53
45.0
 43
2604.95567248959
 44
2283.03316121913
 45
-0.073294489892495
 46
0.073294489892495
 79
0
 98
1
 10
2604.95567248959
 20
2283.03316121913
1001
AcDbBlockRepETag
1070
1
1071
2
1005
E05D
1001
ACAD
1010
0.0
1020
0.0
1030
0.0
  0
LWPOLYLINE
  5
E05E
102
{ACAD_REACTORS
330
E05D
102
}
330
E05A
100
AcDbEntity
  8
0
 62
30
420
16292126
100
AcDbPolyline
 90
4
 70
1
 10
2599.830101566897
 20
2283.392277653204
 10
2610.081243412283
 20
2283.392277653204
 10
2610.081243412283
 20
2282.674044785056
 10
2599.830101566897
 20
2282.674044785056
1001
AcDbBlockRepETag
1070
1
1071
0
1005
E05E
  0
LINE
  5
E05F
330
E05A
100
AcDbEntity
  8
0
 62
30
420
16292126
100
AcDbLine
 10
2599.830101566897
 20
2283.03316121913
 30
9.1e-15
 11
2610.081243412283
 21
2283.03316121913
 31
9.1e-15
1001
AcDbBlockRepETag
1070
1
1071
3
1005
E05F
  0
LINE
  5
E060
330
E05A
100
AcDbEntity
  8
0
 62
30
420
16292126
100
AcDbLine
 10
2604.95567248959
 20
2283.392277653204
 30
9.1e-15
 11
2604.95567248959
 21
2282.674044785056
 31
9.1e-15
1001
AcDbBlockRepETag
1070
1
1071
4
1005
E060
  0
ENDBLK
  5
E05C
330
E05A
100
AcDbEntity
  8
0
100
AcDbBlockEnd
  0
BLOCK
  5
E063
330
E062
100
AcDbEntity
  8
0
100
AcDbBlockBegin
  2
Pollerlampe Quadrasyl
 70
0
 10
0.0
 20
0.0
 30
0.0
  3
Pollerlampe Quadrasyl
  1

  4
Diese Leuchte wird hauptsächlich für Außenbeleuchtung verwenden zB auf den Fußgängerwegen außerhalb des Gebäudes, diese Fußgängerwege gehören jedoch noch zum Grundstück des Gebäudes^M^J
  0
HATCH
  5
E065
330
E062
100
AcDbEntity
  8
0
 62
30
420
16292126
100
AcDbHatch
 10
0.0
 20
0.0
 30
9.1e-15
210
0.0
220
0.0
230
1.0
  2
ANSI31
 70
0
 71
1
 91
1
 92
1
 93
4
 72
1
 10
2603.570779960029
 20
2280.946289441008
 11
2605.368266514048
 21
2280.946289441008
 72
1
 10
2605.368266514048
 20
2280.946289441008
 11
2605.368266514048
 21
2279.414086514609
 72
1
 10
2605.368266514048
 20
2279.414086514609
 11
2603.570779960029
 21
2279.414086514609
 72
1
 10
2603.570779960029
 20
2279.414086514609
 11
2603.570779960029
 21
2280.946289441008
 97
1
330
E066
 75
0
 76
1
 52
0.0
 41
0.032646948552184
 77
0
 78
1
 53
45.0
 43
2604.469523237039
 44
2280.180187977808
 45
-0.073294489892495
 46
0.073294489892495
 79
0
 98
1
 10
2604.469523237039
 20
2280.180187977808
1001
AcDbBlockRepETag
1070
1
1071
2
1005
E065
1001
ACAD
1010
0.0
1020
0.0
1030
0.0
  0
LWPOLYLINE
  5
E066
102
{ACAD_REACTORS
330
E065
102
}
330
E062
100
AcDbEntity
  8
0
 62
30
420
16292126
100
AcDbPolyline
 90
4
 70
1
 10
2603.570779960029
 20
2280.946289441008
 10
2605.368266514048
 20
2280.946289441008
 10
2605.368266514048
 20
2279.414086514609
 10
2603.570779960029
 20
2279.414086514609
1001
AcDbBlockRepETag
1070
1
1071
0
1005
E066
  0
LINE
  5
E067
330
E062
100
AcDbEntity
  8
0
 62
30
420
16292126
100
AcDbLine
 10
2603.570779960029
 20
2280.180187977808
 30
9.1e-15
 11
2605.368266514048
 21
2280.180187977808
 31
9.1e-15
1001
AcDbBlockRepETag
1070
1
1071
3
1005
E067
  0
LINE
  5
E068
330
E062
100
AcDbEntity
  8
0
 62
30
420
16292126
100
AcDbLine
 10
2604.469523237039
 20
2280.946289441008
 30
9.1e-15
 11
2604.469523237039
 21
2279.414086514609
 31
9.1e-15
1001
AcDbBlockRepETag
1070
1
1071
4
1005
E068
  0
ENDBLK
  5
E064
330
E062
100
AcDbEntity
  8
0
100
AcDbBlockEnd
  0
ENDSEC
  0
SECTION
  2
ENTITIES
  0
ENDSEC
  0
SECTION
  2
OBJECTS
  0
DICTIONARY
  5
C
330
0
100
AcDbDictionary
281
1
  3
ACAD_CIP_PREVIOUS_PRODUCT_INFO
350
216
  3
ACAD_COLOR
350
6B
  3
ACAD_DETAILVIEWSTYLE
350
21B
  3
ACAD_GROUP
350
D
  3
ACAD_LAST_SAVED_VERSION_INFO
350
2985
  3
ACAD_LAYOUT
350
1A
  3
ACAD_MATERIAL
350
6A
  3
ACAD_MLEADERSTYLE
350
12D
  3
ACAD_MLINESTYLE
350
17
  3
ACAD_PLOTSETTINGS
350
19
  3
ACAD_PLOTSTYLENAME
350
E
  3
ACAD_SCALELIST
350
10C
  3
ACAD_SECTIONVIEWSTYLE
350
219
  3
ACAD_TABLESTYLE
350
7E
  3
ACAD_VISUALSTYLE
350
EF
  3
ACDB_RECOMPOSE_DATA
350
E0A2
  3
ACDBVARIABLEDICTIONARY
350
DBFB
  3
EZDXF_META
350
E10D
  0
DICTIONARY
  5
1FF
330
2
100
AcDbDictionary
280
1
281
1
  3
ACAD_LAYERSTATES
360
200
  0
DICTIONARY
  5
13C
330
10
100
AcDbDictionary
280
1
281
1
  0
DICTIONARY
  5
1A5D
330
1A5C
100
AcDbDictionary
280
1
281
1
  0
DICTIONARY
  5
1A5F
330
1A5E
100
AcDbDictionary
280
1
281
1
  0
DICTIONARY
  5
1A61
330
1A60
100
AcDbDictionary
280
1
281
1
  0
DICTIONARY
  5
1A63
330
1A62
100
AcDbDictionary
280
1
281
1
  0
DICTIONARY
  5
1A65
330
1A64
100
AcDbDictionary
280
1
281
1
  0
DICTIONARY
  5
1A67
330
1A66
100
AcDbDictionary
280
1
281
1
  0
DICTIONARY
  5
1A69
330
1A68
100
AcDbDictionary
280
1
281
1
  0
DICTIONARY
  5
1A6B
330
1A6A
100
AcDbDictionary
280
1
281
1
  0
DICTIONARY
  5
1A6D
330
1A6C
100
AcDbDictionary
280
1
281
1
  0
DICTIONARY
  5
1A6F
330
1A6E
100
AcDbDictionary
280
1
281
1
  0
DICTIONARY
  5
1A71
330
1A70
100
AcDbDictionary
280
1
281
1
  0
DICTIONARY
  5
1A73
330
1A72
100
AcDbDictionary
280
1
281
1
  0
DICTIONARY
  5
1A75
330
1A74
100
AcDbDictionary
280
1
281
1
  0
DICTIONARY
  5
1A77
330
1A76
100
AcDbDictionary
280
1
281
1
  0
DICTIONARY
  5
1A79
330
1A78
100
AcDbDictionary
280
1
281
1
  0
DICTIONARY
  5
1A7B
330
1A7A
100
AcDbDictionary
280
1
281
1
  0
DICTIONARY
  5
1A7D
330
1A7C
100
AcDbDictionary
280
1
281
1
  0
DICTIONARY
  5
2CFA
330
2CF9
100
AcDbDictionary
280
1
281
1
  0
DICTIONARY
  5
1CE
330
1F
100
AcDbDictionary
280
1
281
1
  3
ACAD_SORTENTS
360
29C8
  0
DICTIONARY
  5
18AA
330
18A9
100
AcDbDictionary
280
1
281
1
  3
ACAD_SORTENTS
360
18AB
  0
XRECORD
  5
216
102
{ACAD_REACTORS
330
C
102
}
330
C
100
AcDbXrecord
280
1
300
ACDLT
300
2026
300

  0
DICTIONARY
  5
6B
102
{ACAD_REACTORS
330
C
102
}
330
C
100
AcDbDictionary
281
1
  0
DICTIONARY
  5
21B
102
{ACAD_REACTORS
330
C
102
}
330
C
100
AcDbDictionary
281
1
  3
Metric50
350
21C
  0
DICTIONARY
  5
D
102
{ACAD_REACTORS
330
C
102
}
330
C
100
AcDbDictionary
281
1
  0
XRECORD
  5
2985
102
{ACAD_REACTORS
330
C
102
}
330
C
100
AcDbXrecord
280
1
300
{472A83C0-FA9B-4647-B61E-98868F2BCBAD}
301
{9D98DEBC-0C54-2C4A-B232-5EAFB3EA1D7A}
302
{472A83C0-FA9B-4647-B61E-98868F2BCBAD}
303
C:\Users\Berdyna Tech\Documents\KI-Projekt\elektro-planer\CAD_Symbole\E-Symbole.dxf
301
{6C752F05-1998-F14B-9108-12E64B4AD82C}
302
{BEDAFC94-255B-B84B-AC47-C8AFF9E1FA1C}
303
C:\Users\mvpst\Documents\KI-Projekt\1Projekt\E-Symbole-CAD.dxf
  0
DICTIONARY
  5
1A
102
{ACAD_REACTORS
330
C
102
}
330
C
100
AcDbDictionary
281
1
  3
Layout1
350
D3
  3
Layout2
350
D7
  3
Model
350
22
  0
DICTIONARY
  5
6A
102
{ACAD_REACTORS
330
C
102
}
330
C
100
AcDbDictionary
281
1
  3
ByBlock
350
ED
  3
ByLayer
350
EC
  3
Global
350
EE
  0
DICTIONARY
  5
12D
102
{ACAD_REACTORS
330
C
102
}
330
C
100
AcDbDictionary
281
1
  3
Beschriftung
350
13B
  3
Standard
350
12E
  0
DICTIONARY
  5
17
102
{ACAD_REACTORS
330
C
102
}
330
C
100
AcDbDictionary
281
1
  3
Standard
350
18
  0
DICTIONARY
  5
19
102
{ACAD_REACTORS
330
C
102
}
330
C
100
AcDbDictionary
281
1
  0
ACDBDICTIONARYWDFLT
  5
E
102
{ACAD_REACTORS
330
C
102
}
330
C
100
AcDbDictionary
281
1
  3
Normal
350
F
100
AcDbDictionaryWithDefault
340
F
  0
DICTIONARY
  5
10C
102
{ACAD_REACTORS
330
C
102
}
330
C
100
AcDbDictionary
281
1
  3
A0
350
10D
  3
A1
350
1BE
  3
A2
350
1BF
  3
A3
350
1C0
  3
A4
350
1C1
  3
A5
350
1C2
  3
A6
350
1C3
  3
A7
350
1C4
  3
A8
350
1C5
  3
A9
350
1C6
  3
B0
350
1C7
  3
B1
350
1C8
  3
B2
350
1C9
  3
B3
350
1CA
  3
B4
350
1CB
  3
B5
350
1CC
  3
B6
350
1CD
  0
DICTIONARY
  5
219
102
{ACAD_REACTORS
330
C
102
}
330
C
100
AcDbDictionary
281
1
  3
Metric50
350
21A
  0
DICTIONARY
  5
7E
102
{ACAD_REACTORS
330
C
102
}
330
C
100
AcDbDictionary
281
1
  3
Standard
350
7F
  0
DICTIONARY
  5
EF
102
{ACAD_REACTORS
330
C
102
}
330
C
100
AcDbDictionary
281
1
  3
2dWireframe
350
F5
  3
Basic
350
F4
  3
Brighten
350
FB
  3
ColorChange
350
FF
  3
Conceptual
350
F8
  3
Dim
350
FA
  3
EdgeColorOff
350
1E6
  3
Facepattern
350
FE
  3
Flat
350
F0
  3
FlatWithEdges
350
F1
  3
Gouraud
350
F2
  3
GouraudWithEdges
350
F3
  3
Hidden
350
F7
  3
JitterOff
350
1E4
  3
Linepattern
350
FD
  3
OverhangOff
350
1E5
  3
Realistic
350
F9
  3
Shaded
350
1F3
  3
Shaded with edges
350
1F2
  3
Shades of Gray
350
1EF
  3
Sketchy
350
1F0
  3
Thicken
350
FC
  3
Wireframe
350
F6
  3
X-Ray
350
1F1
  0
XRECORD
  5
E0A2
102
{ACAD_REACTORS
330
C
102
}
330
C
100
AcDbXrecord
280
1
 90
1
330
7F
  0
DICTIONARY
  5
DBFB
102
{ACAD_REACTORS
330
C
102
}
330
C
100
AcDbDictionary
281
2
  3
#COMPAREDIFFTOTAL
350
DBFC
  3
#REVCLOUDAPPROXARCLEN
350
DBFD
  3
ANNOALLVISIBLE
350
DBFE
  3
CANNOSCALE
350
DBFF
  3
CMLEADERSTYLE
350
DC00
  3
CTABLESTYLE
350
DC01
  3
CVIEWDETAILSTYLE
350
DC02
  3
CVIEWSECTIONSTYLE
350
DC03
  3
DIMADEC
350
DC04
  3
DIMASSOC
350
DC05
  3
GEOMARKERVISIBILITY
350
DC06
  3
HPCOLOR
350
DC07
  3
HPINHERIT
350
DC08
  3
HPORIGIN
350
DC09
  3
HPTRANSPARENCY
350
DC0A
  3
INDEXCTL
350
DC0B
  3
LAYEREVAL
350
DC0C
  3
LAYERNOTIFY
350
DC0D
  3
LIGHTINGUNITS
350
DC0E
  3
MLEADERSCALE
350
DC0F
  3
MSLTSCALE
350
DC10
  3
OLEFRAME
350
DC11
  3
PDFFRAME
350
DC12
  3
SOLIDHIST
350
DC13
  3
SORTENTS
350
DC14
  3
UPDATETHUMBNAIL
350
DC15
  0
DICTIONARY
  5
200
102
{ACAD_REACTORS
330
1FF
102
}
330
1FF
100
AcDbDictionary
281
1
  0
SORTENTSTABLE
  5
29C8
102
{ACAD_REACTORS
330
1CE
102
}
330
1CE
100
AcDbSortentsTable
330
1F
331
4EB2
  5
74EA
331
4EF8
  5
74EB
331
4F1C
  5
74EC
331
4F3F
  5
74ED
331
4F62
  5
74EE
331
4F85
  5
74EF
331
4FA8
  5
74F0
331
4FCB
  5
74F1
331
4FEE
  5
74F2
331
538F
  5
7512
331
5606
  5
7534
331
5986
  5
7558
331
5D06
  5
757D
331
6086
  5
759E
331
6427
  5
75C1
331
67A7
  5
75F4
331
6C51
  5
761F
331
6FF2
  5
76CF
331
7393
  5
76F1
331
7D54
  5
8E6F
331
7E7C
  5
8E8A
331
8046
  5
8EA7
331
81BF
  5
8EC4
331
82E7
  5
8EE2
331
84B1
  5
8F02
331
862A
  5
8F23
331
87A3
  5
8F41
331
88AA
  5
8F62
331
8A02
  5
8F86
331
8B5A
  5
8FA6
331
8CB2
  5
8FC6
331
8E0A
  5
8FE6
331
91E0
  5
96B1
331
92C9
  5
96D4
331
93F5
  5
96F8
331
9521
  5
971D
331
964D
  5
973F
331
9901
  5
B5FD
331
9925
  5
B5FE
331
9ADC
  5
B5FF
331
9BF1
  5
B62D
331
9D5E
  5
B655
331
9ECB
  5
B676
331
A038
  5
B699
331
A1A5
  5
B6B9
331
A312
  5
B6DA
331
A47F
  5
B6FA
331
A5EC
  5
B71D
331
A759
  5
B73E
331
A8C6
  5
B75F
331
AA33
  5
B780
331
ABA0
  5
B7A1
331
AD0D
  5
B7C2
331
AE7A
  5
B7E3
331
AFE7
  5
B805
331
B154
  5
B826
331
B2C1
  5
B847
331
B42E
  5
B868
331
B59B
  5
B889
331
BAA3
  5
BAA4
331
BAF1
  5
BAF8
331
BC5F
  5
BCA2
331
BC60
  5
BCA3
331
BC61
  5
BCA4
331
BD16
  5
BD1B
331
BEE4
  5
C3BB
331
C004
  5
C3DC
331
C124
  5
C3FD
331
C244
  5
C41E
331
C3A0
  5
CA06
331
C447
  5
CA07
331
C44E
  5
CA08
331
C455
  5
CA09
331
C45C
  5
CA0A
331
C463
  5
CA0B
331
C538
  5
CA30
331
C64A
  5
CA53
331
C75C
  5
CA73
331
C86E
  5
CA92
331
C9C2
  5
CA93
331
CA9C
  5
D356
331
CAA7
  5
D357
331
CAB0
  5
D358
331
CAB6
  5
D359
331
CABB
  5
D35A
331
CBD2
  5
D35B
331
CD85
  5
D37E
331
CF38
  5
D3A4
331
D548
  5
D6C7
331
D645
  5
D6ED
331
D813
  5
DA5E
331
DF15
  5
DFBE
331
DF16
  5
DFBF
331
DF73
  5
E004
331
DF9C
  5
E037
  0
SORTENTSTABLE
  5
18AB
102
{ACAD_REACTORS
330
18AA
102
}
330
18AA
100
AcDbSortentsTable
330
18A9
  0
ACDBDETAILVIEWSTYLE
  5
21C
102
{ACAD_REACTORS
330
21B
102
}
330
21B
100
AcDbModelDocViewStyle
 70
0
  3
Metric50
290
0
300
Metric50
 90
0
100
AcDbDetailViewStyle
 70
0
 71
0
 90
3
 71
1
340
11
 62
256
 40
5.0
340
0
 62
256
 40
5.0
300

 40
0.0
280
1
 71
2
340
16
 90
25
 62
256
 71
3
340
11
 62
256
 40
5.0
 90
0
 40
15.0
 90
1
300
%<\AcVar ViewDetailId>% (%<\AcVar ViewScale \f "%sn">%)
 71
4
340
16
 90
25
 62
256
340
16
 90
25
 62
256
280
0
  0
LAYOUT
  5
D3
102
{ACAD_REACTORS
330
1A
102
}
330
1A
100
AcDbPlotSettings
  1

  2
C:\Documents and Settings\basas\Application Data\Autodesk\AutoCAD 2005\R16.1\enu\plotters\Default Windows System Printer.pc3
  4

  6

 40
0.0
 41
0.0
 42
0.0
 43
0.0
 44
0.0
 45
0.0
 46
0.0
 47
0.0
 48
0.0
 49
0.0
140
0.0
141
0.0
142
1.0
143
1.0
 70
688
 72
0
 73
0
 74
5
  7

 75
16
 76
0
 77
2
 78
300
147
1.0
148
0.0
149
0.0
100
AcDbLayout
  1
Layout1
 70
1
 71
1
 10
0.0
 20
0.0
 11
12.0
 21
9.0
 12
0.0
 22
0.0
 32
0.0
 14
0.0
 24
0.0
 34
0.0
 15
0.0
 25
0.0
 35
0.0
146
0.0
 13
0.0
 23
0.0
 33
0.0
 16
1.0
 26
0.0
 36
0.0
 17
0.0
 27
1.0
 37
0.0
 76
0
330
D2
  0
LAYOUT
  5
D7
102
{ACAD_REACTORS
330
1A
102
}
330
1A
100
AcDbPlotSettings
  1

  2
C:\Documents and Settings\basas\Application Data\Autodesk\AutoCAD 2005\R16.1\enu\plotters\Default Windows System Printer.pc3
  4

  6

 40
0.0
 41
0.0
 42
0.0
 43
0.0
 44
0.0
 45
0.0
 46
0.0
 47
0.0
 48
0.0
 49
0.0
140
0.0
141
0.0
142
1.0
143
1.0
 70
688
 72
0
 73
0
 74
5
  7

 75
16
 76
0
 77
2
 78
300
147
1.0
148
0.0
149
0.0
100
AcDbLayout
  1
Layout2
 70
1
 71
2
 10
0.0
 20
0.0
 11
12.0
 21
9.0
 12
0.0
 22
0.0
 32
0.0
 14
0.0
 24
0.0
 34
0.0
 15
0.0
 25
0.0
 35
0.0
146
0.0
 13
0.0
 23
0.0
 33
0.0
 16
1.0
 26
0.0
 36
0.0
 17
0.0
 27
1.0
 37
0.0
 76
0
330
D6
  0
LAYOUT
  5
22
102
{ACAD_XDICTIONARY
360
205
102
}
102
{ACAD_REACTORS
330
1A
102
}
330
1A
100
AcDbPlotSettings
  1

  2
none_device
  4
ISO_A4_(210.00_x_297.00_MM)
  6

 40
7.5
 41
20.0
 42
7.5
 43
20.0
 44
210.0
 45
297.0
 46
11.54999923706054
 47
-13.65000009536743
 48
0.0
 49
0.0
140
0.0
141
0.0
142
1.0
143
8.704084754739808
 70
11952
 72
1
 73
0
 74
0
  7

 75
0
 76
0
 77
2
 78
300
147
0.1148885871608098
148
0.0
149
0.0
100
AcDbLayout
  1
Model
 70
1
 71
0
 10
0.0
 20
0.0
 11
12.0
 21
9.0
 12
0.0
 22
0.0
 32
0.0
 14
0.0
 24
0.0
 34
0.0
 15
0.0
 25
0.0
 35
0.0
146
0.0
 13
0.0
 23
0.0
 33
0.0
 16
1.0
 26
0.0
 36
0.0
 17
0.0
 27
1.0
 37
0.0
 76
0
330
1F
331
EA
1001
ACAD_PSEXT
1000
None
1000
None
1000
Not applicable
1000
The layout will not be plotted unless a new plotter configuration name is selected.
1070
0
  0
MATERIAL
  5
ED
102
{ACAD_XDICTIONARY
360
1F9
102
}
102
{ACAD_REACTORS
330
6A
102
}
330
6A
100
AcDbMaterial
  1
ByBlock
  2

 70
0
 40
1.0
 71
0
 41
1.0
 91
-1023410177
 42
1.0
 72
1
  3

 73
1
 74
1
 75
1
 44
0.5
 73
0
 45
1.0
 46
1.0
 77
1
  4

 78
1
 79
1
170
1
 48
1.0
171
1
  6

172
1
173
1
174
1
140
1.0
141
1.0
175
1
  7

176
1
177
1
178
1
143
1.0
179
1
  8

270
1
271
1
272
1
145
1.0
146
1.0
273
1
  9

274
1
275
1
276
1
 42
1.0
 72
1
  3

 73
1
 74
1
 75
1
 94
63
  0
MATERIAL
  5
EC
102
{ACAD_XDICTIONARY
360
1F7
102
}
102
{ACAD_REACTORS
330
6A
102
}
330
6A
100
AcDbMaterial
  1
ByLayer
  2

 70
0
 40
1.0
 71
0
 41
1.0
 91
-1023410177
 42
1.0
 72
1
  3

 73
1
 74
1
 75
1
 44
0.5
 73
0
 45
1.0
 46
1.0
 77
1
  4

 78
1
 79
1
170
1
 48
1.0
171
1
  6

172
1
173
1
174
1
140
1.0
141
1.0
175
1
  7

176
1
177
1
178
1
143
1.0
179
1
  8

270
1
271
1
272
1
145
1.0
146
1.0
273
1
  9

274
1
275
1
276
1
 42
1.0
 72
1
  3

 73
1
 74
1
 75
1
 94
63
  0
MATERIAL
  5
EE
102
{ACAD_XDICTIONARY
360
173
102
}
102
{ACAD_REACTORS
330
6A
102
}
330
6A
100
AcDbMaterial
  1
Global
  2

 70
0
 40
1.0
 71
0
 41
1.0
 91
-1023410177
 42
1.0
 72
1
  3

 73
1
 74
1
 75
1
 43
0.0007999999797903
 43
0.0
 43
0.0
 43
0.0
 43
0.0
 43
0.0007999999797903
 43
0.0
 43
0.0
 43
0.0
 43
0.0
 43
1.0
 43
0.0
 43
0.0
 43
0.0
 43
0.0
 43
1.0
 44
0.5
 73
0
 45
1.0
 46
1.0
 77
1
  4

 78
1
 79
1
170
1
 48
1.0
171
1
  6

172
1
173
1
174
1
 49
0.0007999999797903
 49
0.0
 49
0.0
 49
0.0
 49
0.0
 49
0.0007999999797903
 49
0.0
 49
0.0
 49
0.0
 49
0.0
 49
1.0
 49
0.0
 49
0.0
 49
0.0
 49
0.0
 49
1.0
140
1.0
141
1.0
175
1
  7

176
1
177
1
178
1
142
0.0007999999797903
142
0.0
142
0.0
142
0.0
142
0.0
142
0.0007999999797903
142
0.0
142
0.0
142
0.0
142
0.0
142
1.0
142
0.0
142
0.0
142
0.0
142
0.0
142
1.0
143
1.0
179
1
  8

270
1
271
1
272
1
144
0.0007999999797903
144
0.0
144
0.0
144
0.0
144
0.0
144
0.0007999999797903
144
0.0
144
0.0
144
0.0
144
0.0
144
1.0
144
0.0
144
0.0
144
0.0
144
0.0
144
1.0
145
1.0
146
1.0
273
1
  9

274
1
275
1
276
1
 42
1.0
 72
1
  3

 73
1
 74
1
 75
1
 94
63
1001
ACAD
1070
-1
1070
3
1070
0
1000

1071
0
1070
0
  0
MLEADERSTYLE
  5
13B
102
{ACAD_REACTORS
330
12D
102
}
330
12D
100
AcDbMLeaderStyle
179
2
170
2
171
1
172
0
 90
2
 40
0.0
 41
0.0
173
1
 91
-1056964608
340
14
 92
-2
290
1
 42
2.0
291
1
 43
8.0
  3
Standard
 44
4.0
300

342
11
174
1
175
1
176
0
178
1
 93
-1056964608
 45
4.0
292
0
297
0
 46
4.0
293
1
 94
-1056964608
 47
1.0
 49
1.0
140
1.0
294
1
141
0.0
177
0
142
1.0
295
0
296
1
143
3.75
271
0
272
9
273
9
298
0
  0
MLEADERSTYLE
  5
12E
102
{ACAD_REACTORS
330
12D
102
}
330
12D
100
AcDbMLeaderStyle
179
2
170
2
171
1
172
0
 90
2
 40
0.0
 41
0.0
173
1
 91
-1056964608
340
14
 92
-2
290
1
 42
2.0
291
1
 43
8.0
  3
Standard
 44
4.0
300

342
11
174
1
175
1
176
0
178
1
 93
-1056964608
 45
4.0
292
0
297
0
 46
4.0
293
1
 94
-1056964608
 47
1.0
 49
1.0
140
1.0
294
1
141
0.0
177
0
142
1.0
295
0
296
0
143
3.75
271
0
272
9
273
9
298
0
  0
MLINESTYLE
  5
18
102
{ACAD_REACTORS
330
17
102
}
330
17
100
AcDbMlineStyle
  2
STANDARD
 70
0
  3

 62
256
 51
90.0
 52
90.0
 71
2
 49
0.5
 62
256
  6
BYLAYER
 49
-0.5
 62
256
  6
BYLAYER
  0
ACDBPLACEHOLDER
  5
F
102
{ACAD_REACTORS
330
E
102
}
330
E
  0
SCALE
  5
10D
102
{ACAD_REACTORS
330
10C
102
}
330
10C
100
AcDbScale
 70
0
300
1:1
140
1.0
141
1.0
290
1
  0
SCALE
  5
1BE
102
{ACAD_REACTORS
330
10C
102
}
330
10C
100
AcDbScale
 70
0
300
1:2
140
1.0
141
2.0
290
0
  0
SCALE
  5
1BF
102
{ACAD_REACTORS
330
10C
102
}
330
10C
100
AcDbScale
 70
0
300
1:4
140
1.0
141
4.0
290
0
  0
SCALE
  5
1C0
102
{ACAD_REACTORS
330
10C
102
}
330
10C
100
AcDbScale
 70
0
300
1:5
140
1.0
141
5.0
290
0
  0
SCALE
  5
1C1
102
{ACAD_REACTORS
330
10C
102
}
330
10C
100
AcDbScale
 70
0
300
1:8
140
1.0
141
8.0
290
0
  0
SCALE
  5
1C2
102
{ACAD_REACTORS
330
10C
102
}
330
10C
100
AcDbScale
 70
0
300
1:10
140
1.0
141
10.0
290
0
  0
SCALE
  5
1C3
102
{ACAD_REACTORS
330
10C
102
}
330
10C
100
AcDbScale
 70
0
300
1:16
140
1.0
141
16.0
290
0
  0
SCALE
  5
1C4
102
{ACAD_REACTORS
330
10C
102
}
330
10C
100
AcDbScale
 70
0
300
1:20
140
1.0
141
20.0
290
0
  0
SCALE
  5
1C5
102
{ACAD_REACTORS
330
10C
102
}
330
10C
100
AcDbScale
 70
0
300
1:30
140
1.0
141
30.0
290
0
  0
SCALE
  5
1C6
102
{ACAD_REACTORS
330
10C
102
}
330
10C
100
AcDbScale
 70
0
300
1:40
140
1.0
141
40.0
290
0
  0
SCALE
  5
1C7
102
{ACAD_REACTORS
330
10C
102
}
330
10C
100
AcDbScale
 70
0
300
1:50
140
1.0
141
50.0
290
0
  0
SCALE
  5
1C8
102
{ACAD_REACTORS
330
10C
102
}
330
10C
100
AcDbScale
 70
0
300
1:100
140
1.0
141
100.0
290
0
  0
SCALE
  5
1C9
102
{ACAD_REACTORS
330
10C
102
}
330
10C
100
AcDbScale
 70
0
300
2:1
140
2.0
141
1.0
290
0
  0
SCALE
  5
1CA
102
{ACAD_REACTORS
330
10C
102
}
330
10C
100
AcDbScale
 70
0
300
4:1
140
4.0
141
1.0
290
0
  0
SCALE
  5
1CB
102
{ACAD_REACTORS
330
10C
102
}
330
10C
100
AcDbScale
 70
0
300
8:1
140
8.0
141
1.0
290
0
  0
SCALE
  5
1CC
102
{ACAD_REACTORS
330
10C
102
}
330
10C
100
AcDbScale
 70
0
300
10:1
140
10.0
141
1.0
290
0
  0
SCALE
  5
1CD
102
{ACAD_REACTORS
330
10C
102
}
330
10C
100
AcDbScale
 70
0
300
100:1
140
100.0
141
1.0
290
0
  0
ACDBSECTIONVIEWSTYLE
  5
21A
102
{ACAD_REACTORS
330
219
102
}
330
219
100
AcDbModelDocViewStyle
 70
0
  3
Metric50
290
0
300
Metric50
 90
0
100
AcDbSectionViewStyle
 70
0
 71
0
 90
102
 71
1
340
11
 62
256
 40
5.0
340
0
340
0
 62
256
 40
5.0
300
I, O, Q, S, X, Z
 40
10.0
 90
0
 40
2.5
 90
0
 71
2
340
16
 90
25
 62
256
340
16
 90
50
 62
256
 40
5.0
 40
2.5
 40
5.0
 71
3
340
11
 62
256
 40
5.0
 90
0
 40
15.0
 90
1
300
%<\AcVar ViewSectionStartId>%-%<\AcVar ViewSectionEndId>% (%<\AcVar ViewScale \f "%sn">%)
 71
4
 62
256
 62
257
300
ANSI31
 40
1.0
 90
0
290
0
290
0
 90
6
 40
0.0
 40
1.570796326794896
 40
0.2617993877991494
 40
1.308996938995747
 40
-0.2617993877991494
 40
1.832595714594044
  0
TABLESTYLE
  5
7F
102
{ACAD_XDICTIONARY
360
162
102
}
102
{ACAD_REACTORS
330
7E
102
}
330
7E
100
AcDbTableStyle
280
0
  3
Standard
 70
0
 71
0
 40
1.5
 41
1.5
280
0
281
0
  7
Standard
140
4.5
170
2
 62
0
 63
7
283
0
 90
512
 91
0
  1

274
-2
284
1
 64
0
275
-2
285
1
 65
0
276
-2
286
1
 66
0
277
-2
287
1
 67
0
278
-2
288
1
 68
0
279
-2
289
1
 69
0
  7
Standard
140
6.0
170
5
 62
0
 63
7
283
0
 90
512
 91
0
  1

274
-2
284
1
 64
0
275
-2
285
1
 65
0
276
-2
286
1
 66
0
277
-2
287
1
 67
0
278
-2
288
1
 68
0
279
-2
289
1
 69
0
  7
Standard
140
4.5
170
5
 62
0
 63
7
283
0
 90
512
 91
0
  1

274
-2
284
1
 64
0
275
-2
285
1
 65
0
276
-2
286
1
 66
0
277
-2
287
1
 67
0
278
-2
288
1
 68
0
279
-2
289
1
 69
0
  0
VISUALSTYLE
  5
F5
102
{ACAD_REACTORS
330
EF
102
}
330
EF
100
AcDbVisualStyle
  2
2dWireframe
 70
4
177
3
291
0
 70
58
 90
0
176
1
 90
2
176
1
 90
1
176
1
 90
0
176
1
 40
0.6
176
1
 40
30.0
176
1
 62
7
420
16777215
176
1
 90
1
176
1
 90
4
176
1
 62
7
176
1
 62
257
176
1
 90
1
176
1
 90
1
176
1
 40
1.0
176
1
 90
0
176
1
 62
257
176
1
 40
1.0
176
1
 90
1
176
1
 90
6
176
1
 90
2
176
1
 62
7
176
1
 90
5
176
1
 90
0
176
1
 90
0
176
1
290
0
176
1
 90
1
176
1
 40
0.0
176
1
 90
0
176
1
290
1
176
1
290
1
176
1
290
0
176
1
290
0
176
1
290
0
176
1
290
0
176
1
290
0
176
1
290
0
176
1
290
0
176
1
 90
50
176
1
 40
0.0
176
1
 40
1.0
176
1
 90
0
176
1
 62
18
176
1
 90
50
176
1
 90
3
176
1
 62
5
420
255
176
1
290
0
176
1
 90
50
176
1
 90
50
176
1
 90
50
176
1
290
0
176
1
 90
50
176
1
 62
256
176
0
 40
1.0
176
0
 90
2
176
1
  1
strokes_ogs.tif
176
1
290
0
176
1
 40
1.0
176
1
 40
1.0
176
1
  0
VISUALSTYLE
  5
F4
102
{ACAD_REACTORS
330
EF
102
}
330
EF
100
AcDbVisualStyle
  2
Basic
 70
7
177
3
291
1
 70
58
 90
1
176
1
 90
0
176
1
 90
1
176
1
 90
0
176
1
 40
0.6
176
1
 40
30.0
176
1
 62
7
420
16777215
176
1
 90
0
176
1
 90
4
176
1
 62
7
176
1
 62
257
176
1
 90
1
176
1
 90
1
176
1
 40
1.0
176
1
 90
8
176
1
 62
7
176
1
 40
1.0
176
1
 90
1
176
1
 90
6
176
1
 90
2
176
1
 62
7
176
1
 90
5
176
1
 90
0
176
1
 90
0
176
1
290
0
176
1
 90
1
176
1
 40
0.0
176
1
 90
0
176
1
290
0
176
1
290
1
176
1
290
1
176
1
290
0
176
1
290
0
176
1
290
0
176
1
290
0
176
1
290
0
176
1
290
0
176
1
 90
50
176
1
 40
0.0
176
1
 40
1.0
176
1
 90
0
176
1
 62
18
176
1
 90
50
176
1
 90
3
176
1
 62
5
420
255
176
1
290
0
176
1
 90
50
176
1
 90
50
176
1
 90
50
176
1
290
0
176
1
 90
50
176
1
 62
256
176
0
 40
1.0
176
0
 90
2
176
1
  1
strokes_ogs.tif
176
1
290
0
176
1
 40
1.0
176
1
 40
1.0
176
1
  0
VISUALSTYLE
  5
FB
102
{ACAD_REACTORS
330
EF
102
}
330
EF
100
AcDbVisualStyle
  2
Brighten
 70
12
177
3
291
1
 70
58
 90
2
176
1
 90
2
176
1
 90
1
176
1
 90
0
176
1
 40
0.6
176
1
 40
30.0
176
1
 62
7
420
16777215
176
1
 90
1
176
1
 90
4
176
1
 62
7
176
1
 62
257
176
1
 90
1
176
1
 90
1
176
1
 40
1.0
176
1
 90
8
176
1
 62
7
176
1
 40
1.0
176
1
 90
1
176
1
 90
6
176
1
 90
2
176
1
 62
7
176
1
 90
5
176
1
 90
0
176
1
 90
0
176
1
290
0
176
1
 90
1
176
1
 40
50.0
176
1
 90
0
176
1
290
0
176
1
290
1
176
1
290
1
176
1
290
0
176
1
290
0
176
1
290
0
176
1
290
0
176
1
290
0
176
1
290
0
176
1
 90
50
176
1
 40
0.0
176
1
 40
1.0
176
1
 90
0
176
1
 62
18
176
1
 90
50
176
1
 90
3
176
1
 62
5
420
255
176
1
290
0
176
1
 90
50
176
1
 90
50
176
1
 90
50
176
1
290
0
176
1
 90
50
176
1
 62
256
176
0
 40
1.0
176
0
 90
2
176
1
  1
strokes_ogs.tif
176
1
290
0
176
1
 40
1.0
176
1
 40
1.0
176
1
  0
VISUALSTYLE
  5
FF
102
{ACAD_REACTORS
330
EF
102
}
330
EF
100
AcDbVisualStyle
  2
ColorChange
 70
16
177
3
291
1
 70
58
 90
2
176
1
 90
2
176
1
 90
3
176
1
 90
0
176
1
 40
0.6
176
1
 40
30.0
176
1
 62
8
420
8421504
176
1
 90
1
176
1
 90
4
176
1
 62
7
176
1
 62
257
176
1
 90
1
176
1
 90
1
176
1
 40
1.0
176
1
 90
8
176
1
 62
8
420
8421504
176
1
 40
1.0
176
1
 90
1
176
1
 90
6
176
1
 90
2
176
1
 62
7
176
1
 90
5
176
1
 90
0
176
1
 90
0
176
1
290
0
176
1
 90
1
176
1
 40
0.0
176
1
 90
0
176
1
290
0
176
1
290
1
176
1
290
1
176
1
290
0
176
1
290
0
176
1
290
0
176
1
290
0
176
1
290
0
176
1
290
0
176
1
 90
50
176
1
 40
0.0
176
1
 40
1.0
176
1
 90
0
176
1
 62
18
176
1
 90
50
176
1
 90
3
176
1
 62
5
420
255
176
1
290
0
176
1
 90
50
176
1
 90
50
176
1
 90
50
176
1
290
0
176
1
 90
50
176
1
 62
256
176
0
 40
1.0
176
0
 90
2
176
1
  1
strokes_ogs.tif
176
1
290
0
176
1
 40
1.0
176
1
 40
1.0
176
1
  0
VISUALSTYLE
  5
F8
102
{ACAD_REACTORS
330
EF
102
}
330
EF
100
AcDbVisualStyle
  2
Conceptual
 70
9
177
3
291
0
 70
58
 90
3
176
1
 90
2
176
1
 90
1
176
1
 90
0
176
1
 40
0.6
176
1
 40
30.0
176
1
 62
7
420
16777215
176
1
 90
2
176
1
 90
2
176
1
 62
7
176
1
 62
257
176
1
 90
1
176
1
 90
1
176
1
 40
40.0
176
1
 90
8
176
1
 62
7
176
1
 40
1.0
176
1
 90
1
176
1
 90
6
176
1
 90
2
176
1
 62
7
176
1
 90
3
176
1
 90
0
176
1
 90
0
176
1
290
0
176
1
 90
1
176
1
 40
0.0
176
1
 90
0
176
1
290
0
176
1
290
1
176
1
290
1
176
1
290
0
176
1
290
0
176
1
290
0
176
1
290
0
176
1
290
0
176
1
290
0
176
1
 90
50
176
1
 40
0.0
176
1
 40
1.0
176
1
 90
0
176
1
 62
18
176
1
 90
50
176
1
 90
3
176
1
 62
5
420
255
176
1
290
0
176
1
 90
50
176
1
 90
50
176
1
 90
50
176
1
290
0
176
1
 90
50
176
1
 62
256
176
0
 40
1.0
176
0
 90
2
176
1
  1
strokes_ogs.tif
176
1
290
0
176
1
 40
1.0
176
1
 40
1.0
176
1
  0
VISUALSTYLE
  5
FA
102
{ACAD_REACTORS
330
EF
102
}
330
EF
100
AcDbVisualStyle
  2
Dim
 70
11
177
3
291
1
 70
58
 90
2
176
1
 90
2
176
1
 90
1
176
1
 90
0
176
1
 40
0.6
176
1
 40
30.0
176
1
 62
7
420
16777215
176
1
 90
1
176
1
 90
4
176
1
 62
7
176
1
 62
257
176
1
 90
1
176
1
 90
1
176
1
 40
1.0
176
1
 90
8
176
1
 62
7
176
1
 40
1.0
176
1
 90
1
176
1
 90
6
176
1
 90
2
176
1
 62
7
176
1
 90
5
176
1
 90
0
176
1
 90
0
176
1
290
0
176
1
 90
1
176
1
 40
-50.0
176
1
 90
0
176
1
290
0
176
1
290
1
176
1
290
1
176
1
290
0
176
1
290
0
176
1
290
0
176
1
290
0
176
1
290
0
176
1
290
0
176
1
 90
50
176
1
 40
0.0
176
1
 40
1.0
176
1
 90
0
176
1
 62
18
176
1
 90
50
176
1
 90
3
176
1
 62
5
420
255
176
1
290
0
176
1
 90
50
176
1
 90
50
176
1
 90
50
176
1
290
0
176
1
 90
50
176
1
 62
256
176
0
 40
1.0
176
0
 90
2
176
1
  1
strokes_ogs.tif
176
1
290
0
176
1
 40
1.0
176
1
 40
1.0
176
1
  0
VISUALSTYLE
  5
1E6
102
{ACAD_REACTORS
330
EF
102
}
330
EF
100
AcDbVisualStyle
  2
EdgeColorOff
 70
22
177
3
291
1
 70
58
 90
2
176
0
 90
2
176
0
 90
0
176
0
 90
0
176
0
 40
0.6
176
0
 40
30.0
176
0
 62
7
420
16777215
176
0
 90
1
176
0
 90
4
176
0
 62
7
176
0
 62
257
176
0
 90
1
176
0
 90
1
176
0
 40
1.0
176
0
 90
8
176
2
 62
7
176
0
 40
1.0
176
0
 90
1
176
0
 90
6
176
0
 90
2
176
0
 62
7
176
0
 90
5
176
0
 90
0
176
0
 90
0
176
0
290
0
176
0
 90
1
176
0
 40
0.0
176
0
 90
0
176
0
290
0
176
1
290
1
176
1
290
1
176
1
290
0
176
1
290
0
176
1
290
0
176
1
290
0
176
1
290
0
176
1
290
0
176
1
 90
50
176
1
 40
0.0
176
1
 40
1.0
176
1
 90
0
176
1
 62
18
176
1
 90
50
176
1
 90
3
176
1
 62
5
420
255
176
1
290
0
176
1
 90
50
176
1
 90
50
176
1
 90
50
176
1
290
0
176
1
 90
50
176
1
 62
256
176
0
 40
1.0
176
0
 90
2
176
1
  1
strokes_ogs.tif
176
1
290
0
176
1
 40
1.0
176
1
 40
1.0
176
1
  0
VISUALSTYLE
  5
FE
102
{ACAD_REACTORS
330
EF
102
}
330
EF
100
AcDbVisualStyle
  2
Facepattern
 70
15
177
3
291
1
 70
58
 90
2
176
1
 90
2
176
1
 90
1
176
1
 90
0
176
1
 40
0.6
176
1
 40
30.0
176
1
 62
7
420
16777215
176
1
 90
1
176
1
 90
4
176
1
 62
7
176
1
 62
257
176
1
 90
1
176
1
 90
1
176
1
 40
1.0
176
1
 90
8
176
1
 62
7
176
1
 40
1.0
176
1
 90
1
176
1
 90
6
176
1
 90
2
176
1
 62
7
176
1
 90
5
176
1
 90
0
176
1
 90
0
176
1
290
0
176
1
 90
1
176
1
 40
0.0
176
1
 90
0
176
1
290
0
176
1
290
1
176
1
290
1
176
1
290
0
176
1
290
0
176
1
290
0
176
1
290
0
176
1
290
0
176
1
290
0
176
1
 90
50
176
1
 40
0.0
176
1
 40
1.0
176
1
 90
0
176
1
 62
18
176
1
 90
50
176
1
 90
3
176
1
 62
5
420
255
176
1
290
0
176
1
 90
50
176
1
 90
50
176
1
 90
50
176
1
290
0
176
1
 90
50
176
1
 62
256
176
0
 40
1.0
176
0
 90
2
176
1
  1
strokes_ogs.tif
176
1
290
0
176
1
 40
1.0
176
1
 40
1.0
176
1
  0
VISUALSTYLE
  5
F0
102
{ACAD_REACTORS
330
EF
102
}
330
EF
100
AcDbVisualStyle
  2
Flat
 70
0
177
3
291
1
 70
58
 90
2
176
1
 90
1
176
1
 90
1
176
1
 90
2
176
1
 40
0.6
176
1
 40
30.0
176
1
 62
7
420
16777215
176
1
 90
0
176
1
 90
0
176
1
 62
7
176
1
 62
257
176
1
 90
1
176
1
 90
1
176
1
 40
1.0
176
1
 90
8
176
1
 62
7
176
1
 40
1.0
176
1
 90
1
176
1
 90
6
176
1
 90
2
176
1
 62
7
176
1
 90
5
176
1
 90
0
176
1
 90
0
176
1
290
0
176
1
 90
13
176
1
 40
0.0
176
1
 90
0
176
1
290
0
176
1
290
1
176
1
290
1
176
1
290
0
176
1
290
0
176
1
290
0
176
1
290
0
176
1
290
0
176
1
290
0
176
1
 90
50
176
1
 40
0.0
176
1
 40
1.0
176
1
 90
0
176
1
 62
18
176
1
 90
50
176
1
 90
3
176
1
 62
5
420
255
176
1
290
0
176
1
 90
50
176
1
 90
50
176
1
 90
50
176
1
290
0
176
1
 90
50
176
1
 62
256
176
0
 40
1.0
176
0
 90
2
176
1
  1
strokes_ogs.tif
176
1
290
0
176
1
 40
1.0
176
1
 40
1.0
176
1
  0
VISUALSTYLE
  5
F1
102
{ACAD_REACTORS
330
EF
102
}
330
EF
100
AcDbVisualStyle
  2
FlatWithEdges
 70
1
177
3
291
1
 70
58
 90
2
176
1
 90
1
176
1
 90
1
176
1
 90
2
176
1
 40
0.6
176
1
 40
30.0
176
1
 62
7
420
16777215
176
1
 90
1
176
1
 90
0
176
1
 62
7
176
1
 62
257
176
1
 90
1
176
1
 90
1
176
1
 40
1.0
176
1
 90
0
176
1
 62
257
176
1
 40
1.0
176
1
 90
1
176
1
 90
6
176
1
 90
2
176
1
 62
7
176
1
 90
5
176
1
 90
0
176
1
 90
0
176
1
290
0
176
1
 90
13
176
1
 40
0.0
176
1
 90
0
176
1
290
0
176
1
290
1
176
1
290
1
176
1
290
0
176
1
290
0
176
1
290
0
176
1
290
0
176
1
290
0
176
1
290
0
176
1
 90
50
176
1
 40
0.0
176
1
 40
1.0
176
1
 90
0
176
1
 62
18
176
1
 90
50
176
1
 90
3
176
1
 62
5
420
255
176
1
290
0
176
1
 90
50
176
1
 90
50
176
1
 90
50
176
1
290
0
176
1
 90
50
176
1
 62
256
176
0
 40
1.0
176
0
 90
2
176
1
  1
strokes_ogs.tif
176
1
290
0
176
1
 40
1.0
176
1
 40
1.0
176
1
  0
VISUALSTYLE
  5
F2
102
{ACAD_REACTORS
330
EF
102
}
330
EF
100
AcDbVisualStyle
  2
Gouraud
 70
2
177
3
291
1
 70
58
 90
2
176
1
 90
2
176
1
 90
1
176
1
 90
2
176
1
 40
0.6
176
1
 40
30.0
176
1
 62
7
420
16777215
176
1
 90
0
176
1
 90
0
176
1
 62
7
176
1
 62
257
176
1
 90
1
176
1
 90
1
176
1
 40
1.0
176
1
 90
0
176
1
 62
7
176
1
 40
1.0
176
1
 90
1
176
1
 90
6
176
1
 90
2
176
1
 62
7
176
1
 90
5
176
1
 90
0
176
1
 90
0
176
1
290
0
176
1
 90
13
176
1
 40
0.0
176
1
 90
0
176
1
290
0
176
1
290
1
176
1
290
1
176
1
290
0
176
1
290
0
176
1
290
0
176
1
290
0
176
1
290
0
176
1
290
0
176
1
 90
50
176
1
 40
0.0
176
1
 40
1.0
176
1
 90
0
176
1
 62
18
176
1
 90
50
176
1
 90
3
176
1
 62
5
420
255
176
1
290
0
176
1
 90
50
176
1
 90
50
176
1
 90
50
176
1
290
0
176
1
 90
50
176
1
 62
256
176
0
 40
1.0
176
0
 90
2
176
1
  1
strokes_ogs.tif
176
1
290
0
176
1
 40
1.0
176
1
 40
1.0
176
1
  0
VISUALSTYLE
  5
F3
102
{ACAD_REACTORS
330
EF
102
}
330
EF
100
AcDbVisualStyle
  2
GouraudWithEdges
 70
3
177
3
291
1
 70
58
 90
2
176
1
 90
2
176
1
 90
1
176
1
 90
2
176
1
 40
0.6
176
1
 40
30.0
176
1
 62
7
420
16777215
176
1
 90
1
176
1
 90
0
176
1
 62
7
176
1
 62
257
176
1
 90
1
176
1
 90
1
176
1
 40
1.0
176
1
 90
0
176
1
 62
257
176
1
 40
1.0
176
1
 90
1
176
1
 90
6
176
1
 90
2
176
1
 62
7
176
1
 90
5
176
1
 90
0
176
1
 90
0
176
1
290
0
176
1
 90
13
176
1
 40
0.0
176
1
 90
0
176
1
290
0
176
1
290
1
176
1
290
1
176
1
290
0
176
1
290
0
176
1
290
0
176
1
290
0
176
1
290
0
176
1
290
0
176
1
 90
50
176
1
 40
0.0
176
1
 40
1.0
176
1
 90
0
176
1
 62
18
176
1
 90
50
176
1
 90
3
176
1
 62
5
420
255
176
1
290
0
176
1
 90
50
176
1
 90
50
176
1
 90
50
176
1
290
0
176
1
 90
50
176
1
 62
256
176
0
 40
1.0
176
0
 90
2
176
1
  1
strokes_ogs.tif
176
1
290
0
176
1
 40
1.0
176
1
 40
1.0
176
1
  0
VISUALSTYLE
  5
F7
102
{ACAD_REACTORS
330
EF
102
}
330
EF
100
AcDbVisualStyle
  2
Hidden
 70
6
177
3
291
0
 70
58
 90
1
176
1
 90
2
176
1
 90
2
176
1
 90
0
176
1
 40
0.6
176
1
 40
30.0
176
1
 62
7
420
16777215
176
1
 90
2
176
1
 90
2
176
1
 62
7
176
1
 62
257
176
1
 90
2
176
1
 90
1
176
1
 40
40.0
176
1
 90
0
176
1
 62
257
176
1
 40
1.0
176
1
 90
1
176
1
 90
6
176
1
 90
2
176
1
 62
7
176
1
 90
3
176
1
 90
0
176
1
 90
0
176
1
290
0
176
1
 90
1
176
1
 40
0.0
176
1
 90
0
176
1
290
0
176
1
290
1
176
1
290
1
176
1
290
0
176
1
290
0
176
1
290
0
176
1
290
0
176
1
290
0
176
1
290
0
176
1
 90
50
176
1
 40
0.0
176
1
 40
1.0
176
1
 90
0
176
1
 62
18
176
1
 90
50
176
1
 90
3
176
1
 62
5
420
255
176
1
290
0
176
1
 90
50
176
1
 90
50
176
1
 90
50
176
1
290
0
176
1
 90
50
176
1
 62
256
176
0
 40
1.0
176
0
 90
2
176
1
  1
strokes_ogs.tif
176
1
290
0
176
1
 40
1.0
176
1
 40
1.0
176
1
  0
VISUALSTYLE
  5
1E4
102
{ACAD_REACTORS
330
EF
102
}
330
EF
100
AcDbVisualStyle
  2
JitterOff
 70
20
177
3
291
1
 70
58
 90
2
176
0
 90
2
176
0
 90
0
176
0
 90
0
176
0
 40
0.6
176
0
 40
30.0
176
0
 62
7
420
16777215
176
0
 90
1
176
0
 90
4
176
0
 62
7
176
0
 62
257
176
0
 90
1
176
0
 90
1
176
0
 40
1.0
176
0
 90
10
176
2
 62
7
176
0
 40
1.0
176
0
 90
1
176
0
 90
6
176
0
 90
2
176
0
 62
7
176
0
 90
5
176
0
 90
0
176
0
 90
0
176
0
290
0
176
0
 90
1
176
0
 40
0.0
176
0
 90
0
176
0
290
0
176
1
290
1
176
1
290
1
176
1
290
0
176
1
290
0
176
1
290
0
176
1
290
0
176
1
290
0
176
1
290
0
176
1
 90
50
176
1
 40
0.0
176
1
 40
1.0
176
1
 90
0
176
1
 62
18
176
1
 90
50
176
1
 90
3
176
1
 62
5
420
255
176
1
290
0
176
1
 90
50
176
1
 90
50
176
1
 90
50
176
1
290
0
176
1
 90
50
176
1
 62
256
176
0
 40
1.0
176
0
 90
2
176
1
  1
strokes_ogs.tif
176
1
290
0
176
1
 40
1.0
176
1
 40
1.0
176
1
  0
VISUALSTYLE
  5
FD
102
{ACAD_REACTORS
330
EF
102
}
330
EF
100
AcDbVisualStyle
  2
Linepattern
 70
14
177
3
291
1
 70
58
 90
2
176
1
 90
2
176
1
 90
1
176
1
 90
0
176
1
 40
0.6
176
1
 40
30.0
176
1
 62
7
420
16777215
176
1
 90
1
176
1
 90
4
176
1
 62
7
176
1
 62
257
176
1
 90
7
176
1
 90
7
176
1
 40
1.0
176
1
 90
8
176
1
 62
7
176
1
 40
1.0
176
1
 90
1
176
1
 90
6
176
1
 90
2
176
1
 62
7
176
1
 90
5
176
1
 90
0
176
1
 90
0
176
1
290
0
176
1
 90
1
176
1
 40
0.0
176
1
 90
0
176
1
290
0
176
1
290
1
176
1
290
1
176
1
290
0
176
1
290
0
176
1
290
0
176
1
290
0
176
1
290
0
176
1
290
0
176
1
 90
50
176
1
 40
0.0
176
1
 40
1.0
176
1
 90
0
176
1
 62
18
176
1
 90
50
176
1
 90
3
176
1
 62
5
420
255
176
1
290
0
176
1
 90
50
176
1
 90
50
176
1
 90
50
176
1
290
0
176
1
 90
50
176
1
 62
256
176
0
 40
1.0
176
0
 90
2
176
1
  1
strokes_ogs.tif
176
1
290
0
176
1
 40
1.0
176
1
 40
1.0
176
1
  0
VISUALSTYLE
  5
1E5
102
{ACAD_REACTORS
330
EF
102
}
330
EF
100
AcDbVisualStyle
  2
OverhangOff
 70
21
177
3
291
1
 70
58
 90
2
176
0
 90
2
176
0
 90
0
176
0
 90
0
176
0
 40
0.6
176
0
 40
30.0
176
0
 62
7
420
16777215
176
0
 90
1
176
0
 90
4
176
0
 62
7
176
0
 62
257
176
0
 90
1
176
0
 90
1
176
0
 40
1.0
176
0
 90
9
176
2
 62
7
176
0
 40
1.0
176
0
 90
1
176
0
 90
6
176
0
 90
2
176
0
 62
7
176
0
 90
5
176
0
 90
0
176
0
 90
0
176
0
290
0
176
0
 90
1
176
0
 40
0.0
176
0
 90
0
176
0
290
0
176
1
290
1
176
1
290
1
176
1
290
0
176
1
290
0
176
1
290
0
176
1
290
0
176
1
290
0
176
1
290
0
176
1
 90
50
176
1
 40
0.0
176
1
 40
1.0
176
1
 90
0
176
1
 62
18
176
1
 90
50
176
1
 90
3
176
1
 62
5
420
255
176
1
290
0
176
1
 90
50
176
1
 90
50
176
1
 90
50
176
1
290
0
176
1
 90
50
176
1
 62
256
176
0
 40
1.0
176
0
 90
2
176
1
  1
strokes_ogs.tif
176
1
290
0
176
1
 40
1.0
176
1
 40
1.0
176
1
  0
VISUALSTYLE
  5
F9
102
{ACAD_REACTORS
330
EF
102
}
330
EF
100
AcDbVisualStyle
  2
Realistic
 70
8
177
3
291
0
 70
58
 90
2
176
1
 90
3
176
1
 90
0
176
1
 90
2
176
1
 40
0.6
176
1
 40
30.0
176
1
 62
7
420
16777215
176
1
 90
0
176
1
 90
0
176
1
 62
7
176
1
 62
257
176
1
 90
1
176
1
 90
1
176
1
 40
1.0
176
1
 90
8
176
1
 62
257
176
1
 40
1.0
176
1
 90
1
176
1
 90
6
176
1
 90
2
176
1
 62
7
176
1
 90
3
176
1
 90
0
176
1
 90
0
176
1
290
0
176
1
 90
13
176
1
 40
0.0
176
1
 90
0
176
1
290
0
176
1
290
1
176
1
290
1
176
1
290
0
176
1
290
0
176
1
290
0
176
1
290
0
176
1
290
0
176
1
290
0
176
1
 90
50
176
1
 40
0.0
176
1
 40
1.0
176
1
 90
0
176
1
 62
18
176
1
 90
50
176
1
 90
3
176
1
 62
5
420
255
176
1
290
0
176
1
 90
50
176
1
 90
50
176
1
 90
50
176
1
290
0
176
1
 90
50
176
1
 62
256
176
0
 40
1.0
176
0
 90
2
176
1
  1
strokes_ogs.tif
176
1
290
0
176
1
 40
1.0
176
1
 40
1.0
176
1
  0
VISUALSTYLE
  5
1F3
102
{ACAD_REACTORS
330
EF
102
}
330
EF
100
AcDbVisualStyle
  2
Shaded
 70
27
177
3
291
0
 70
58
 90
2
176
1
 90
2
176
1
 90
1
176
1
 90
2
176
1
 40
0.6
176
1
 40
30.0
176
1
 62
7
420
16777215
176
1
 90
0
176
1
 90
4
176
1
 62
7
176
1
 62
257
176
1
 90
1
176
1
 90
1
176
1
 40
1.0
176
1
 90
8
176
1
 62
257
176
1
 40
1.0
176
1
 90
1
176
1
 90
6
176
1
 90
2
176
1
 62
8
420
7895160
176
1
 90
3
176
1
 90
0
176
1
 90
0
176
1
290
0
176
1
 90
5
176
1
 40
0.0
176
1
 90
0
176
1
290
0
176
1
290
1
176
1
290
1
176
1
290
0
176
1
290
0
176
1
290
0
176
1
290
0
176
1
290
0
176
1
290
0
176
1
 90
50
176
1
 40
0.0
176
1
 40
1.0
176
1
 90
0
176
1
 62
18
176
1
 90
50
176
1
 90
3
176
1
 62
5
420
255
176
1
290
0
176
1
 90
50
176
1
 90
50
176
1
 90
50
176
1
290
0
176
1
 90
50
176
1
 62
256
176
0
 40
1.0
176
0
 90
2
176
1
  1
strokes_ogs.tif
176
1
290
0
176
1
 40
1.0
176
1
 40
1.0
176
1
  0
VISUALSTYLE
  5
1F2
102
{ACAD_REACTORS
330
EF
102
}
330
EF
100
AcDbVisualStyle
  2
Shaded with edges
 70
26
177
3
291
0
 70
58
 90
2
176
1
 90
2
176
1
 90
1
176
1
 90
2
176
1
 40
0.6
176
1
 40
30.0
176
1
 62
7
420
16777215
176
1
 90
1
176
1
 90
2
176
1
 62
7
176
1
 62
257
176
1
 90
2
176
1
 90
1
176
1
 40
1.0
176
1
 90
8
176
1
 62
257
176
1
 40
1.0
176
1
 90
1
176
1
 90
6
176
1
 90
2
176
1
 62
7
176
1
 90
3
176
1
 90
0
176
1
 90
0
176
1
290
0
176
1
 90
5
176
1
 40
0.0
176
1
 90
0
176
1
290
0
176
1
290
1
176
1
290
1
176
1
290
0
176
1
290
0
176
1
290
0
176
1
290
0
176
1
290
0
176
1
290
0
176
1
 90
50
176
1
 40
0.0
176
1
 40
1.0
176
1
 90
0
176
1
 62
18
176
1
 90
50
176
1
 90
3
176
1
 62
5
420
255
176
1
290
0
176
1
 90
50
176
1
 90
50
176
1
 90
50
176
1
290
0
176
1
 90
50
176
1
 62
256
176
0
 40
1.0
176
0
 90
2
176
1
  1
strokes_ogs.tif
176
1
290
0
176
1
 40
1.0
176
1
 40
1.0
176
1
  0
VISUALSTYLE
  5
1EF
102
{ACAD_REACTORS
330
EF
102
}
330
EF
100
AcDbVisualStyle
  2
Shades of Gray
 70
23
177
3
291
0
 70
58
 90
2
176
1
 90
2
176
1
 90
3
176
1
 90
0
176
1
 40
0.6
176
1
 40
30.0
176
1
 62
7
420
16777215
176
1
 90
2
176
1
 90
2
176
1
 62
7
176
1
 62
7
176
1
 90
1
176
1
 90
1
176
1
 40
40.0
176
1
 90
8
176
1
 62
7
176
1
 40
1.0
176
1
 90
1
176
1
 90
6
176
1
 90
2
176
1
 62
7
176
1
 90
3
176
1
 90
0
176
1
 90
0
176
1
290
0
176
1
 90
1
176
1
 40
0.0
176
1
 90
0
176
1
290
0
176
1
290
1
176
1
290
1
176
1
290
0
176
1
290
0
176
1
290
0
176
1
290
0
176
1
290
0
176
1
290
0
176
1
 90
50
176
1
 40
0.0
176
1
 40
1.0
176
1
 90
0
176
1
 62
18
176
1
 90
50
176
1
 90
3
176
1
 62
5
420
255
176
1
290
0
176
1
 90
50
176
1
 90
50
176
1
 90
50
176
1
290
0
176
1
 90
50
176
1
 62
256
176
0
 40
1.0
176
0
 90
2
176
1
  1
strokes_ogs.tif
176
1
290
0
176
1
 40
1.0
176
1
 40
1.0
176
1
  0
VISUALSTYLE
  5
1F0
102
{ACAD_REACTORS
330
EF
102
}
330
EF
100
AcDbVisualStyle
  2
Sketchy
 70
24
177
3
291
0
 70
58
 90
1
176
1
 90
2
176
1
 90
2
176
1
 90
0
176
1
 40
0.6
176
1
 40
30.0
176
1
 62
7
420
16777215
176
1
 90
2
176
1
 90
2
176
1
 62
7
176
1
 62
7
176
1
 90
1
176
1
 90
1
176
1
 40
40.0
176
1
 90
11
176
1
 62
7
176
1
 40
1.0
176
1
 90
1
176
1
 90
6
176
1
 90
2
176
1
 62
7
176
1
 90
6
176
1
 90
0
176
1
 90
0
176
1
290
0
176
1
 90
1
176
1
 40
0.0
176
1
 90
0
176
1
290
0
176
1
290
1
176
1
290
1
176
1
290
0
176
1
290
0
176
1
290
0
176
1
290
0
176
1
290
0
176
1
290
0
176
1
 90
50
176
1
 40
0.0
176
1
 40
1.0
176
1
 90
0
176
1
 62
18
176
1
 90
50
176
1
 90
3
176
1
 62
5
420
255
176
1
290
0
176
1
 90
50
176
1
 90
50
176
1
 90
50
176
1
290
0
176
1
 90
50
176
1
 62
256
176
0
 40
1.0
176
0
 90
2
176
1
  1
strokes_ogs.tif
176
1
290
0
176
1
 40
1.0
176
1
 40
1.0
176
1
  0
VISUALSTYLE
  5
FC
102
{ACAD_REACTORS
330
EF
102
}
330
EF
100
AcDbVisualStyle
  2
Thicken
 70
13
177
3
291
1
 70
58
 90
2
176
1
 90
2
176
1
 90
1
176
1
 90
0
176
1
 40
0.6
176
1
 40
30.0
176
1
 62
7
420
16777215
176
1
 90
1
176
1
 90
4
176
1
 62
7
176
1
 62
257
176
1
 90
1
176
1
 90
1
176
1
 40
1.0
176
1
 90
12
176
1
 62
7
176
1
 40
1.0
176
1
 90
1
176
1
 90
6
176
1
 90
2
176
1
 62
7
176
1
 90
5
176
1
 90
0
176
1
 90
0
176
1
290
0
176
1
 90
1
176
1
 40
0.0
176
1
 90
0
176
1
290
0
176
1
290
1
176
1
290
1
176
1
290
0
176
1
290
0
176
1
290
0
176
1
290
0
176
1
290
0
176
1
290
0
176
1
 90
50
176
1
 40
0.0
176
1
 40
1.0
176
1
 90
0
176
1
 62
18
176
1
 90
50
176
1
 90
3
176
1
 62
5
420
255
176
1
290
0
176
1
 90
50
176
1
 90
50
176
1
 90
50
176
1
290
0
176
1
 90
50
176
1
 62
256
176
0
 40
1.0
176
0
 90
2
176
1
  1
strokes_ogs.tif
176
1
290
0
176
1
 40
1.0
176
1
 40
1.0
176
1
  0
VISUALSTYLE
  5
F6
102
{ACAD_REACTORS
330
EF
102
}
330
EF
100
AcDbVisualStyle
  2
Wireframe
 70
5
177
3
291
0
 70
58
 90
0
176
1
 90
2
176
1
 90
0
176
1
 90
0
176
1
 40
0.6
176
1
 40
30.0
176
1
 62
7
420
16777215
176
1
 90
1
176
1
 90
4
176
1
 62
7
176
1
 62
257
176
1
 90
1
176
1
 90
1
176
1
 40
1.0
176
1
 90
0
176
1
 62
257
176
1
 40
1.0
176
1
 90
1
176
1
 90
6
176
1
 90
2
176
1
 62
7
176
1
 90
3
176
1
 90
0
176
1
 90
0
176
1
290
0
176
1
 90
1
176
1
 40
0.0
176
1
 90
0
176
1
290
0
176
1
290
1
176
1
290
1
176
1
290
0
176
1
290
0
176
1
290
0
176
1
290
0
176
1
290
0
176
1
290
0
176
1
 90
50
176
1
 40
0.0
176
1
 40
1.0
176
1
 90
0
176
1
 62
18
176
1
 90
50
176
1
 90
3
176
1
 62
5
420
255
176
1
290
0
176
1
 90
50
176
1
 90
50
176
1
 90
50
176
1
290
0
176
1
 90
50
176
1
 62
256
176
0
 40
1.0
176
0
 90
2
176
1
  1
strokes_ogs.tif
176
1
290
0
176
1
 40
1.0
176
1
 40
1.0
176
1
  0
VISUALSTYLE
  5
1F1
102
{ACAD_REACTORS
330
EF
102
}
330
EF
100
AcDbVisualStyle
  2
X-Ray
 70
25
177
3
291
0
 70
58
 90
2
176
1
 90
2
176
1
 90
1
176
1
 90
1
176
1
 40
0.5
176
1
 40
30.0
176
1
 62
7
420
16777215
176
1
 90
1
176
1
 90
0
176
1
 62
7
176
1
 62
257
176
1
 90
1
176
1
 90
1
176
1
 40
1.0
176
1
 90
8
176
1
 62
7
176
1
 40
1.0
176
1
 90
1
176
1
 90
6
176
1
 90
2
176
1
 62
7
176
1
 90
3
176
1
 90
0
176
1
 90
0
176
1
290
0
176
1
 90
13
176
1
 40
0.0
176
1
 90
0
176
1
290
0
176
1
290
1
176
1
290
1
176
1
290
0
176
1
290
0
176
1
290
0
176
1
290
0
176
1
290
0
176
1
290
0
176
1
 90
50
176
1
 40
0.0
176
1
 40
1.0
176
1
 90
0
176
1
 62
18
176
1
 90
50
176
1
 90
3
176
1
 62
5
420
255
176
1
290
0
176
1
 90
50
176
1
 90
50
176
1
 90
50
176
1
290
0
176
1
 90
50
176
1
 62
256
176
0
 40
1.0
176
0
 90
2
176
1
  1
strokes_ogs.tif
176
1
290
0
176
1
 40
1.0
176
1
 40
1.0
176
1
  0
DICTIONARYVAR
  5
DBFC
102
{ACAD_REACTORS
330
DBFB
102
}
330
DBFB
100
DictionaryVariables
280
0
  1
2
  0
DICTIONARYVAR
  5
DBFD
102
{ACAD_REACTORS
330
DBFB
102
}
330
DBFB
100
DictionaryVariables
280
0
  1
50.000000
  0
DICTIONARYVAR
  5
DBFE
102
{ACAD_REACTORS
330
DBFB
102
}
330
DBFB
100
DictionaryVariables
280
0
  1
1
  0
DICTIONARYVAR
  5
DBFF
102
{ACAD_REACTORS
330
DBFB
102
}
330
DBFB
100
DictionaryVariables
280
0
  1
1:1
  0
DICTIONARYVAR
  5
DC00
102
{ACAD_REACTORS
330
DBFB
102
}
330
DBFB
100
DictionaryVariables
280
0
  1
STANDARD
  0
DICTIONARYVAR
  5
DC01
102
{ACAD_REACTORS
330
DBFB
102
}
330
DBFB
100
DictionaryVariables
280
0
  1
STANDARD
  0
DICTIONARYVAR
  5
DC02
102
{ACAD_REACTORS
330
DBFB
102
}
330
DBFB
100
DictionaryVariables
280
0
  1
Metric50
  0
DICTIONARYVAR
  5
DC03
102
{ACAD_REACTORS
330
DBFB
102
}
330
DBFB
100
DictionaryVariables
280
0
  1
Metric50
  0
DICTIONARYVAR
  5
DC04
102
{ACAD_REACTORS
330
DBFB
102
}
330
DBFB
100
DictionaryVariables
280
0
  1
0
  0
DICTIONARYVAR
  5
DC05
102
{ACAD_REACTORS
330
DBFB
102
}
330
DBFB
100
DictionaryVariables
280
0
  1
2
  0
DICTIONARYVAR
  5
DC06
102
{ACAD_REACTORS
330
DBFB
102
}
330
DBFB
100
DictionaryVariables
280
0
  1
1
  0
DICTIONARYVAR
  5
DC07
102
{ACAD_REACTORS
330
DBFB
102
}
330
DBFB
100
DictionaryVariables
280
0
  1
3
  0
DICTIONARYVAR
  5
DC08
102
{ACAD_REACTORS
330
DBFB
102
}
330
DBFB
100
DictionaryVariables
280
0
  1
0
  0
DICTIONARYVAR
  5
DC09
102
{ACAD_REACTORS
330
DBFB
102
}
330
DBFB
100
DictionaryVariables
280
0
  1
0.000000;0.000000
  0
DICTIONARYVAR
  5
DC0A
102
{ACAD_REACTORS
330
DBFB
102
}
330
DBFB
100
DictionaryVariables
280
0
  1
ByLayer
  0
DICTIONARYVAR
  5
DC0B
102
{ACAD_REACTORS
330
DBFB
102
}
330
DBFB
100
DictionaryVariables
280
0
  1
0
  0
DICTIONARYVAR
  5
DC0C
102
{ACAD_REACTORS
330
DBFB
102
}
330
DBFB
100
DictionaryVariables
280
0
  1
0
  0
DICTIONARYVAR
  5
DC0D
102
{ACAD_REACTORS
330
DBFB
102
}
330
DBFB
100
DictionaryVariables
280
0
  1
0
  0
DICTIONARYVAR
  5
DC0E
102
{ACAD_REACTORS
330
DBFB
102
}
330
DBFB
100
DictionaryVariables
280
0
  1
2
  0
DICTIONARYVAR
  5
DC0F
102
{ACAD_REACTORS
330
DBFB
102
}
330
DBFB
100
DictionaryVariables
280
0
  1
1.000000
  0
DICTIONARYVAR
  5
DC10
102
{ACAD_REACTORS
330
DBFB
102
}
330
DBFB
100
DictionaryVariables
280
0
  1
1
  0
DICTIONARYVAR
  5
DC11
102
{ACAD_REACTORS
330
DBFB
102
}
330
DBFB
100
DictionaryVariables
280
0
  1
2
  0
DICTIONARYVAR
  5
DC12
102
{ACAD_REACTORS
330
DBFB
102
}
330
DBFB
100
DictionaryVariables
280
0
  1
1
  0
DICTIONARYVAR
  5
DC13
102
{ACAD_REACTORS
330
DBFB
102
}
330
DBFB
100
DictionaryVariables
280
0
  1
1
  0
DICTIONARYVAR
  5
DC14
102
{ACAD_REACTORS
330
DBFB
102
}
330
DBFB
100
DictionaryVariables
280
0
  1
127
  0
DICTIONARYVAR
  5
DC15
102
{ACAD_REACTORS
330
DBFB
102
}
330
DBFB
100
DictionaryVariables
280
0
  1
15
  0
DICTIONARY
  5
205
330
22
100
AcDbDictionary
280
1
281
1
  0
DICTIONARY
  5
1F9
330
ED
100
AcDbDictionary
280
1
281
1
  3
FBXASSET
360
1FA
  0
DICTIONARY
  5
1F7
330
EC
100
AcDbDictionary
280
1
281
1
  3
FBXASSET
360
1F8
  0
DICTIONARY
  5
173
330
EE
100
AcDbDictionary
280
1
281
1
  3
BUMPTILE
360
175
  3
DIFFUSETILE
360
174
  3
FBXASSET
360
1FB
  3
OPACITYTILE
360
176
  3
REFLECTIONTILE
360
177
  0
DICTIONARY
  5
162
330
7F
100
AcDbDictionary
280
1
281
1
  3
ACAD_ROUNDTRIP_2008_TABLESTYLE_CELLSTYLEMAP
360
E0A1
  0
XRECORD
  5
1FA
102
{ACAD_REACTORS
330
1F9
102
}
330
1F9
100
AcDbXrecord
280
1
 70
1
 90
429727718
  1
D62C5603-E3A1-4AEA-B7FB-FE5D8D0755AF
310
504B03040A0000080000CC70623B3DEE336E79000000790000001B0000006175746F6465736B2D64657369676E2D7061636B6167652E786D6C3C3F786D6C2076657273696F6E3D22312E302220656E636F64696E673D227574662D3822203F3E3C666F726D6174733E3C666F726D61743E687474703A2F2F736368656D612E
310
6175746F6465736B2E636F6D2F64657369676E2D7061636B6167652F323030393C2F666F726D61743E3C2F666F726D6174733E504B0304140006080800CC70623BD486FD9CA0000000F4000000130000005B436F6E74656E745F54797065735D2E786D6C7D8EC10E82300C865F65E91D8A1E8C310C0EEA1BF002731658846E
310
D98AC1B77784ABF1D8FE5FBFBF75BBCE937A534CCEB38643598122B6FEE978D0B0485F9C41B54DDD7D022595594E1A469170414C76A4D9A4D207E29CF43ECE46F218070CC6BECC4078ACAA135ACF422C856C0E68EA1BF5669944DDD7BCDE7B1F8E415D77AECB980613C2E4AC91FC167A2B244592486606FC29C8FD7F045B9A
310
EF7053A7E60B504B0304140006080800CC70623B853B8169EB0000007C01000008000000636F72652E786D6C8D90416EC3201045AF62CDB6C206821CC7C244919D9CA01740401C94182C03558F5F9C3852BBEB6A467FFE9B197D7EFC9E1EC5975982F5AE035262288C535E5B377690E21535501C055FBC8FBF6C503839990E
310
5619041F179FE64D52DE45E362569DD7661365082642A11EB9E920A89B99642953CC8E702F67A9EE7234257977194EC9EAE275C4EABCCF5EAD5940D4AC6F0E35A568B8F43562CD7046CD199FD07E60174276A7BE677B5EADB0E0D14EEFFB6A31321A0D82627C4084204C3F096B71DD52F6819B16635EADF63F509AF53FA164
310
5DDCD1EDDD17164090FCC8732078B56691CB33A85CD7DCC40F504B0304140006080800CC70623B55019EA25F0000007C00000007000000636E782E786D6C4DCB3B0E80201045D1AD90E915ED2CF8AC45050C11660C8261F98AB1B07AC9C97D42D718D865D3E909258CFD00CCE24AC6E326A164D74DC0B4128928FF32603847
310
2BA13128B1252AC747C6BAB984FC68F0B87FE8960A5C09FE86CFB69FBA01504B0304140006080800CC70623BDBABAAF470010000D40300000C0000006662782F636F72652E786D6CC553D16E823014FD95A6AF4B694182CC941A83FA05FB810A9511A125A5257EFE2E82712ECEB8A7F100CD39F7F69E734AF9FADC366850B6
310
AF8DCE7018308C942E4C59EB2AC3DE1D498AD15A706B8CFB56869196ADCAF00863C12B6B7C374385D14E6907A836A59A41D9F7CA615434B0C8705F7CAA5606D23BA8E84F41278B93AC54100640439DE0BDB320004D43C63716C7C399D30917DCFBBA9CD9BA8469F5B156168B24CED3F7248AC8769F27244EB73B92EED8862C
310
B7F13E0C179B3C8F979C8ECD82BBBABDAA2BAC924E9558448CBD9330242CFA08E3154B5651FCC6D215639C8EE5774DBE2B5F6CF2B5768B68963BB5F5588420E442FC700B1139D4CB01F450C1E918227C2E09DF070D8140C84E1E9AAB8F1340832A9CB13130A5F1376A908D57309505ECF2A0DF179C4E9D30F5B239B87E3823
310
7A79C6F31DE1A8A5AEC08474B03C7837EAE4938639B44E5932B833D2C6B6B279CDC613877FA26EE21F4A2A4C63EC7F29A2F301D1F9F7A0E37D145F504B0304140006080800CC70623B9C113CC27E0000009D0000000B0000006662782F636E782E786D6C4DCCDF0A83201C86E15B91DFB94BFB330DD428C8FB886521330DA7
310
6397BF1A1DECE883878F57749FCDA1B7892F1BBC047A23808C7F84D9FA55424E0BE6803A256208E9EF06C84F9B91703228B1C690F78B66B34CD9A5439DF5CF0BFBF65E35BCA1B8D6A5C6F540381E886698B5741C695F9503EBA150A2F8958E3DC3EA0B504B0304140006080800CC70623B7DF2F77C2A010000120200003100
310
00006662782F41393633353835312D344632462D344230382D423046372D3739314545314133324237412F636F72652E786D6C8D51DB8EC22014FC15C2939B0D2DB4B45643319AE817EC0F6041255A68B86CFCFC856D4D76DF7CE190393373060EDB3DC707F856CE6B6B7A480A0C81328395DA5C7B18C3057510EC3873D686
310
3F34088C18550F330C39BB3A1BA7051AAC09CA84841A2BD5020AEF55806078A44B0FFD7053A328440C89E1EFC52486BBB8AA8214A99D789CF9E05200300FC927E4FB4D5B375D43103D5527440FB843077C5AA3F5861C8F645F5787F59E95B390B318B55CE45AA638FAA2957BD7248B390B7A7CC51F9C124149C82B8C378810
310
84AB2F42B7B8DD56F413775B8C5999E9FF4471926F8AA236A1AE96B8B3CC434E5839373893369E1FAF30EA395917409EB7F26AF8801C171837A4A6AC9C89E9F9C9B1A58BA30FD6A5EF5DDDCF894B9AD9B6A59C957943A9FCAE2FD5BC4DFE03504B0304140006080800CC70623BAD7543B64E01000033030000300000006662
310
782F41393633353835312D344632462D344230382D423046372D3739314545314133324237412F636E782E786D6CD593CD6EC32010845F0571AD6CE3D48AD20813A9873E410FBD12D82434182C7EAAE6EDBB2424CD25871E7B41D6EC30B3FA84F9E67BB2E40B4234DE8DB46F1925E094D7C6ED479AD3AE5951B2113C789FEE
310
6C943839C1488B4C05DF079FE72A69D8C96C13AAD6B8631503449F83828872B949AC57D26200B826A308D316B4064D6E46FCDA41C05550DC9E483A00797BFD207EFB092A45DE9514C1BBD22178396BD39D891265658C238DEA00936C654E5E433CB65A26D9F6EDB5EBC14EBF49A45CB856E66048291F6939A9A81BB5C89177
310
38143CA680F4AA299D66A042CEB3354A2684DC9D8D178FE0D9B8B41CAAD720F880EE7EF93C0C18769E099ECC04D5A102C8049A8A05632F4DDF376CF1DE0F6BB65C2F8627B65A33C6BB62177CEBBDAD973006829F89F22E814B54F4BC2BE347F8AA8F681390B50FA73F804400B5F542E796F19FF974E7F78DB802FE05E20750
310
4B0304140006080800CC70623BE75B7789680500003C100000340000006662782F41393633353835312D344632462D344230382D423046372D3739314545314133324237412F6F626A656374732E786D6CAD575B8F9B3818FD2B887D06C22499CB8AA1CA655245D5B455A356FB305264C061D8018C6C3393D95FBFC7600890
310
A4CD5EF210B0B1BFEBF98E3F7B1FF6596ABC522E1296DF9BAE3D320D9A872C4AF2F8DE2CE5CEBA358D0FBEC719939D65A691938CDE9B6ADAF4BD98B3B2D05311DD91329583D9D5FC0F438434A7A611A644887B5384CF34233629258BA878B12322891DEFF6B66BD70BFB62634E8AE781D082709A4B588AF91C528CDA28B73F
310
1C998EEF39EABBEFA97FBD6A7C7E9553F9D3D79FE442923C3C523610337627CB87ABE99D359D4CC6D6E4FACAB5E6ABF9D2726FC6A3C5F56271377BB88362213924694B38DD99FE47C48627A1E7D49F5A8BB5E1A74C0A599ED3B0F21F1E56366B89112D681E218F0915D0D6F17AD41FBA2A369DCF6335D62ABBD39779D5DDD1
310
11D4D8DE3CBB96B2E04FB8202E41051754A1AA8E8F76B4C6DFE810B580B1547F4B84911149794252234D024EF8BBE963A95AE27B3D310A9D5C215C7960FAEE415ED75694C6AFB17BCACA5D99A60A9AA65F217B0BFC53292ACB92BF283FAD0D3621576592CB5BED907C2FA8E9DF794E35E97BEA31BED21FEB401ABB94C44839
310
DCACBF0E1C5DA8DA5B2F4DFFD32AD86F543D9E565E7056502E157C00AD2671CD534549AB752FCA9CDA00677A313F04E51B22FF19E57B300579E3C97EB29F682D92935CEC18CF901B7B54FD8C51F362B56FC72FE0B3C1EAE335EDCCBF5AEC39ADB17DC238973F804BA5E6F6BFE7AF1FB32E523BE9F3BD571418E3631DCA4D48
310
5250CF639223210A9446CA30052EDF057BD35F8329C1ECD84552BF0DC8D18BE7BCE23BFE6BD960AB4A7DE79923A103BEBD80F911CBAA2C60DB19B01CF164A5583B772EE6D3FFA56666CBCDA74DC97724A48F9A58967497E489C4D979006FD7A05E227A1EBDD0F737C623387A9C844D3709995625106D157315F8B8392CD4E0
310
A0B9A720C4BE9829CEF37EA1E13111214D53925356365ADA634861B52519DD27A00AEB808EAF0628E6F435519D446F45CF2C9CF5214F0A15B2F6D06B79DA3EE3CBF7F56780D2F4E7EF73A0F5E5B02A38D07DC852C6B7C1FBB6664213E0C39E3EBA7FF4E1AD23EA2829407C85E586727488B751B2DB9502BC7B228A3FD68B6E
310
A65A22397E690AA8D158D7E404EC8CDA235CC3B7D1898680131CEC2CDF2638C65196279577750F15884AEE19F94199155B92B13297978469D4F8D358DF0AEF7631E28DC8F0D9F437D5D39A83B2231A1D52D543813A824EF8D44BCFF2FA6A31BD1E8DAD87F1CCB526B3879935BF59CDADD5C37479BB1CDD4CA7B3556B516589
310
EF352754B706114D9C885EC9131DE6EFEB43D99AFE2391C2F958179413D7CFEF6B1B6DB1E7600F00DE6E5C67454A339A4BA2E0FBA85ED26F045D454F463DBFCE484C2F90F2E5E3666003662ED8F755951A7D1BECD5B30B550B2785C8E7320B7292A4838DDA71BBC863ED7613CAF659337A3354231D4FF4A182A54904C2898C
310
98B28C4AD0CE056CCF332A80986E571EE9DBC305BB5FEB7E509220A58D25CF042D712A806AC0AD0C657FDEF80D2D9CEAA2EE4D1C76F60BFE74219A06527D6F82DF6412526107381E55E353090704D085B52408A8913C4ED159D79BDA71BB4BC506F4831350EB6F975CD22D69BF7AC49B91A2C0A9DDA3D5CA36AD20FC478E37
310
E61844E2352865EBCB61A275A65283CAAA9DD27703B4102F5AF51EF5F573B75CBB5AD38BC845F7A49F82A0966A49C2E3EA5EA0ECD326CD965F1DB402C6FA8B51A4658C5C5E2EC9E214602E55810345408596591009A82E7E7FFACA19EEA299B14A0081A705CB3296EBC14CDF658DCD336EA6D1136881AAEB87B81AB9EE53D5
310
F5EB8BC8362082DA24122F98680A4E7930C01A0079749CEA14382A0783E5EBA5A10F8C098456A03D6A4AEB6BB881E2513747552A5DB22C7EDAF83BD5528081A365F7FF06504B0304140006080000CC70623B000000000000000000000000350000006662782F41393633353835312D344632462D344230382D423046372D37
310
39314545314133324237412F76657274696365732E62696E504B0304140006080800CC70623BF270F1330600000004000000360000006662782F41393633353835312D344632462D344230382D423046372D3739314545314133324237412F747269616E676C65732E62696E636660600000504B0304140006080000CC7062
310
3B000000000000000000000000370000006662782F41393633353835312D344632462D344230382D423046372D3739314545314133324237412F617474726962757465732E62696E504B0304140006080800CC70623B08DA0BD19000000041010000360000006662782F41393633353835312D344632462D344230382D4230
310
46372D3739314545314133324237412F6469726563746F72792E786D6C858F410AC3201045AF22B36F53E9A60B35CBEEBAE80D244E44489C6234F4F835464A48035D0DF398FF9F8AF63D0E6CC63039F212F8F9020C7D47C6792B21C5FE7403D62A1188E2E60C98D7234A5830286103A55745067B9D86B8A3CF9C7F90C11DE6
310
07FB144396D7B6A82D282E9A152AD114D5EF2CB866EEE831B8EEA07A7BB5A8D7D61A2BAAEB7FD5F70921FF497D00504B0304140006080800CC70623BEDD1DC58FD000000A00100003B0000006662782F41393633353835312D344632462D344230382D423046372D3739314545314133324237412F7265736F75726365732F
310
636F72652E786D6C8D504B6E833010BD0A9A6D65B00922041947112427E8052C33A156828DFCA97AFC9A40A576D7CDCCE87D344F8F9FBFE667F689CE6B6B3A6039850C8DB2A336530731DC4903D95970676DF82583CCC8193B5861107C72362E3BA4AC096842428D1D7107A5F7182053CF7474E0D507CE32973124857FE48B
310
540F3961CEF244279DE03EB81420DB9EAC1384436FA353E879B1B182C7A8C75DA3C7F453DF353A1075D537A7BA6464B8F535A99AE14A9A2BBD90E350DD183B5CFABE3AF262350B1EF4FC9351399401471025A527C218A1E53BAB5A5AB765F5469B96525EACF23FA6B88CFF34456DC2A1DCE36E360F82A5202F42F062ED2BAD
310
579969AFDD8A6F504B010214000A0000080000CC70623B3DEE336E79000000790000001B00000000000000000000000000000000006175746F6465736B2D64657369676E2D7061636B6167652E786D6C504B01021400140006080800CC70623BD486FD9CA0000000F40000001300000000000000000000000000B20000005B
310
436F6E74656E745F54797065735D2E786D6C504B01021400140006080800CC70623B853B8169EB0000007C010000080000000000000000000000000083010000636F72652E786D6C504B01021400140006080800CC70623B55019EA25F0000007C000000070000000000000000000000000094020000636E782E786D6C504B
310
01021400140006080800CC70623BDBABAAF470010000D40300000C00000000000000000000000000180300006662782F636F72652E786D6C504B01021400140006080800CC70623B9C113CC27E0000009D0000000B00000000000000000000000000B20400006662782F636E782E786D6C504B01021400140006080800CC70
310
623B7DF2F77C2A010000120200003100000000000000000000000000590500006662782F41393633353835312D344632462D344230382D423046372D3739314545314133324237412F636F72652E786D6C504B01021400140006080800CC70623BAD7543B64E010000330300003000000000000000000000000000D2060000
310
6662782F41393633353835312D344632462D344230382D423046372D3739314545314133324237412F636E782E786D6C504B01021400140006080800CC70623BE75B7789680500003C10000034000000000000000000000000006E0800006662782F41393633353835312D344632462D344230382D423046372D3739314545
310
314133324237412F6F626A656374732E786D6C504B01021400140006080000CC70623B0000000000000000000000003500000000000000000000000000280E00006662782F41393633353835312D344632462D344230382D423046372D3739314545314133324237412F76657274696365732E62696E504B01021400140006
310
080800CC70623BF270F133060000000400000036000000000000000000000000007B0E00006662782F41393633353835312D344632462D344230382D423046372D3739314545314133324237412F747269616E676C65732E62696E504B01021400140006080000CC70623B0000000000000000000000003700000000000000
310
000000000000D50E00006662782F41393633353835312D344632462D344230382D423046372D3739314545314133324237412F617474726962757465732E62696E504B01021400140006080800CC70623B08DA0BD1900000004101000036000000000000000000000000002A0F00006662782F41393633353835312D344632
310
462D344230382D423046372D3739314545314133324237412F6469726563746F72792E786D6C504B01021400140006080800CC70623BEDD1DC58FD000000A00100003B000000000000000000000000000E1000006662782F41393633353835312D344632462D344230382D423046372D3739314545314133324237412F7265
310
736F75726365732F636F72652E786D6C504B0506000000000E000E0080040000641100000000
  0
XRECORD
  5
1F8
102
{ACAD_REACTORS
330
1F7
102
}
330
1F7
100
AcDbXrecord
280
1
 70
1
 90
429727718
  1
30362254-06B7-45E0-A893-8CFA70E3D6BC
310
504B03040A0000080000CC70623B3DEE336E79000000790000001B0000006175746F6465736B2D64657369676E2D7061636B6167652E786D6C3C3F786D6C2076657273696F6E3D22312E302220656E636F64696E673D227574662D3822203F3E3C666F726D6174733E3C666F726D61743E687474703A2F2F736368656D612E
310
6175746F6465736B2E636F6D2F64657369676E2D7061636B6167652F323030393C2F666F726D61743E3C2F666F726D6174733E504B0304140006080800CC70623BD486FD9CA0000000F4000000130000005B436F6E74656E745F54797065735D2E786D6C7D8EC10E82300C865F65E91D8A1E8C310C0EEA1BF002731658846E
310
D98AC1B77784ABF1D8FE5FBFBF75BBCE937A534CCEB38643598122B6FEE978D0B0485F9C41B54DDD7D022595594E1A469170414C76A4D9A4D207E29CF43ECE46F218070CC6BECC4078ACAA135ACF422C856C0E68EA1BF5669944DDD7BCDE7B1F8E415D77AECB980613C2E4AC91FC167A2B244592486606FC29C8FD7F045B9A
310
EF7053A7E60B504B0304140006080800CC70623B1EC5D7A3EB0000007C01000008000000636F72652E786D6C8D90416EC3201045AF82665B6103C6756C6122AB4D4ED00B204C5C94182C03558F5F9C3852BBEB6A467FFE9B197D71FC9E6FE8CBACC17AD7032D0820E3B41FAD9B7A48F1820F808E52ACDEC75F36404ECDA687
310
4D0629A6D5A76597B477D1B89855E747B38B2A041301E95B6E7A08FAD3CCAA50296647B8168BD2573599823EBB0CA76447F43862C7BCCF5EAC59410E4DDD9C7973C2755553CCCFA4C603E3040F1565ED3B1FDE4E432BCA0D9622DAF9795FAF464533826484B498524CD807E51D79ED187F21878E10516EF63F505AC67F42C9
310
BA58B1FDDD071640D2FCC87D2045B96591CB3DA85CB7DCE40F504B0304140006080800CC70623B55019EA25F0000007C00000007000000636E782E786D6C4DCB3B0E80201045D1AD90E915ED2CF8AC45050C11660C8261F98AB1B07AC9C97D42D718D865D3E909258CFD00CCE24AC6E326A164D74DC0B4128928FF32603847
310
2BA13128B1252AC747C6BAB984FC68F0B87FE8960A5C09FE86CFB69FBA01504B0304140006080800CC70623B8C9102E971010000D40300000C0000006662782F636F72652E786D6CC5535B6E833010BC8AE5DF0A6C08340F1947A84D4ED00B38C6A128602363A31CBFCB234A53A551FA553EC09AD9F5CE8C31DB9E9B1AF5CA
310
7695D1198E428A91D2D214952E33ECDD315861B4E5CC1AE3BE9561A445A3323CC098B3D21ADFCE9034DA29ED00D5A6503328BA4E398C640D8B0C77F253352214DE4145770A5B214FA2546114020D759C75CE8200340D19DE981F0F6746269C33EFAB6266AB02A655C74A59CCF365BADC27CB5D902ED22848F6340DF238A141
310
BE88E2F57B92BFEDF23523433367AE6A2EEAA455C2A902F398D2751045018D3FA264435F3771F242571B4A1919CA6F9A7C5B3CD9E42BED16F12C776AEB308F40C848FC700B1139D4891EF410CEC810227CC6846F8386402064270EF5C5C709A05E49676C024C61FC95EA45ED154CA5211D1FF4FB8291A913A68E9B83EBBB33
310
E2A7673CDE118E5AE8124C0807CB8377834E366998436B950D7A7746DAD846D4CFD978E0F04FD455FC5D49D2D4C6FE9722321F10997F0F32DC47FE05504B0304140006080800CC70623BFFEA85907E0000009D0000000B0000006662782F636E782E786D6C4DCCD10A83201886E15B91FFDC95D95A811AB6F23E625948A6C3
310
E9D8E5AF46073BFAE0E1E365ED67B3E8ADC3CB78C7815C7240DA3DFC64DCC221C519D7805AC182F7F1EF06C88D9BE6703008B6049F9E274D7A1E938DBB5AE3D6131B2589BA0D3D965551E0B2EA732C9B9A624AAEB41E3A557677029960D9AFB4EF11165F504B0304140006080800CC70623B4FEEA4082C0100001202000031
310
0000006662782F39464131463745442D413632322D343644302D413938332D3331353338454246344243312F636F72652E786D6C8D515B6EC32010BC0AE2AB55850DD871ED0813254D72825EC00192A2C460F1A872FC42ED48ED5F7E00CDCECCCEB26C731F6FE05B39AFADE921293004CA082BB5B9F43086336A21D870E6AC
310
0D7F68109861543DCC30E4ECE26C9C164858139409093556AA051CBC570102714B8F1E7AF1A5C6A11862480C7F2DA6415C878B2A4891CA89C7990F2E050073937C42DE1DB7E4F87ED8A36D4329AA9B3D46DBAEAD504556557BD81DEBDD0761E52CE42C462D17B996298E3E6BE59E35C962CE821E1FF18553435012728A7187
310
0841987E927A8D9B35ADDF70BBC6989599FE4F1427F9A4286A132ABAC49D651EF234CD5CE04CDA78BA3DC2A8FB645D00B9DF8B57E215725C60BCA2A463E54C4CE327C7A65E1C7DB02E7DEFCBF594B864C5CA6CDBD49C957943E9FA5D5FBAF336F90F504B0304140006080800CC70623BAD7543B64E01000033030000300000
310
006662782F39464131463745442D413632322D343644302D413938332D3331353338454246344243312F636E782E786D6CD593CD6EC32010845F0571AD6CE3D48AD20813A9873E410FBD12D82434182C7EAAE6EDBB2424CD25871E7B41D6EC30B3FA84F9E67BB2E40B4234DE8DB46F1925E094D7C6ED479AD3AE5951B2113C
310
789FEE6C943839C1488B4C05DF079FE72A69D8C96C13AAD6B8631503449F83828872B949AC57D26200B826A308D316B4064D6E46FCDA41C05550DC9E483A00797BFD207EFB092A45DE9514C1BBD22178396BD39D891265658C238DEA00936C654E5E433CB65A26D9F6EDB5EBC14EBF49A45CB856E66048291F6939A9A81BB5
310
C8917738143CA680F4AA299D66A042CEB3354A2684DC9D8D178FE0D9B8B41CAAD720F880EE7EF93C0C18769E099ECC04D5A102C8049A8A05632F4DDF376CF1DE0F6BB65C2F8627B65A33C6BB62177CEBBDAD973006829F89F22E814B54F4BC2BE347F8AA8F681390B50FA73F804400B5F542E796F19FF974E7F78DB802FE05
310
E207504B0304140006080800CC70623B16AB87BA640500003C100000340000006662782F39464131463745442D413632322D343644302D413938332D3331353338454246344243312F6F626A656374732E786D6CAD575B6FA33818FD2B887DE6924B3BED8A326A92B68A663B534DD4D13E548A0C38942D60649B369D5FBFC7
310
600890A493BDE42160637FD7F31D7FF63E6FB3D478A55C242CBF3247B66B1A340F5994E4F19559CA8D75611A9F7D8F33263BCB4C232719BD32D5B4E97B316765A1A722BA21652A07B3B7B33F0D11D29C9A46981221AE4C113ED38CD8A4942CA2E2C58E882476BCD9DA23BB5ED8171B73523C0F841684D35CC252CCE79062D4
310
468DFA43D7747CCF51DF7D4FFDEB5593E3AB9CCA9FBEFE241792E4E19EB28198C968BAB8199F5D5A67D3E9C49A9E8F47D6EC76B6B0469F26EEFC7C3EBFBCBEB98462213924694B38DD98FE1D62C393D073EA4FADC5DAF04326852CCF6958F90F0F2B9BB5C48816348F90C7840A68EB78EDF68723159BCEE7891A6B95DDE9D3
310
BCEAEEE8086A6C6F9E5D4B59F0175C10A7A0820BAA5055C7473B5AE3CFDD452D602CD5DF12616444529E90D448938013FE6EFA58AA96F85E4F8C42275708571E98FE6827AF6B2B4AE3D7D83D64E5A64C53054DD3AF90BD06FEA9149565C94FCA0F6B834DC85599E4F2423B24DF0B6AFA979E534DFA9E7A4CC6FA631D486393
310
921829879BF5D781A373557BCB85E97FB90DB62B558F8795179C15944B051F40AB495CF35451D26A4727654E6D8033BD98EF82F21D91FF8AF2DD9982BCF1643BDD4EB516C9492E368C67C88DED563FC36D5EACF66DFF057C3658BDBFA69DF9578B3DA735B64F18C7F20770A9D45CFCF7FCF563D6456A277DBEF78A02637CA2
310
43B90A490AEAB94F72244481D24819A6C0E59B606BFA4B3025981DBB48EAB701D97BF19C577CC77F2D1B6C55A9EF3C732474C0B727303F625995056C3B02963D9EAC146BE78EC5FCEC7FA999EBC5EACBAAE41B12D27B4D2C0BBA49F244E2ECDC81B76B502F113D8F5EE8FB1BE3111CDD4FC2AA9B844CAB1288B68AB90A7CDC
310
1C166AB0D3DC5310625FCC14E779BFD0709F8890A629C9292B1B2DED31A4B0DA928CEE135085754027E3018A397D4D5427D15BD1330B677DC8934285AC3DF45A9EB68FF8F2B8FC0A509AFEECFD0FF2DE25CC6047F7214B195F07EFEB9A094D800F7BFAE8FED187B78EA8A3A400F115961BCAD1215E47C966530AF0EE8128FE
310
58CEBB996A8964FFA529A046635D9353B0336A8F700DDF46271A024E70B0B37C9DE01847591E54DED53D54202AB947E4076556AC49C6CA5C9E1226B7F1A7B1BE15DEED62C41B91E1B3E9AFAAA735036547343A925075041DF0A9979E893B391F8FCFA6967B3EFB644DCF6E5CEBFAE272625DCC6FAF3FB93793C5F90CE1EF57
310
407342756B10D1C489E8953CD1617E5CEECAD6F4EF8914CE5D5D504E5C3F1F9736DA62CFC11E00BCDDB8CC8A9466349744C1F75EBDA4DF09BA8A9E8C7A7E9991989E20E5DBDD6A6003664ED8F7A04A8DBE0DF6EAD9B9AA858342E47399053949D2C146EDB85DE4B176BB0965FBAC19BD19AA918E27FA50C1D22402E144464C
310
59462568E704B6E71915404CB72B8FF4EDE184DDAF753F284990D2C6926782963815403548A70C657FDEF80D2D9CEAA2AE4C1C76F60BFE74219A06527D6582DF6412526107381E55E353090704D085B52408D0933C4ED159D79BDA71BB4BC506F4831350EB6F979CD22D69BF7AC49B91A2C0A9DDA3D5CA36AD20FC478E37E6
310
1844E2352865EBCB6EA275A652E3836BE04EFB400BF1A2556F515F1FBB35B2AB35BD889C744FFA1004B5544B121E57F70215746DD2F5E2C1412B602CBF19455AC6C8E5E9922C4E01E65215385004546899059180EAFCF7A707CE7017CD8CDB0410789AB32C63B91E5CEBBBACB17AC6CD347A022D5075FD106377347AAABA7E
310
7D11590744509B44E205134DC1290F06580320F78E537D3D73540E06CB970B431F185308AD40BBD794D6D77003C5A36E8EAA54BA64597CD8F83BD552A080A365F7FF06504B0304140006080000CC70623B000000000000000000000000350000006662782F39464131463745442D413632322D343644302D413938332D3331
310
353338454246344243312F76657274696365732E62696E504B0304140006080800CC70623BF270F1330600000004000000360000006662782F39464131463745442D413632322D343644302D413938332D3331353338454246344243312F747269616E676C65732E62696E636660600000504B0304140006080000CC70623B
310
000000000000000000000000370000006662782F39464131463745442D413632322D343644302D413938332D3331353338454246344243312F617474726962757465732E62696E504B0304140006080800CC70623B08DA0BD19000000041010000360000006662782F39464131463745442D413632322D343644302D413938
310
332D3331353338454246344243312F6469726563746F72792E786D6C858F410AC3201045AF22B36F53E9A60B35CBEEBAE80D244E44489C6234F4F835464A48035D0DF398FF9F8AF63D0E6CC63039F212F8F9020C7D47C6792B21C5FE7403D62A1188E2E60C98D7234A5830286103A55745067B9D86B8A3CF9C7F90C11DE607
310
FB144396D7B6A82D282E9A152AD114D5EF2CB866EEE831B8EEA07A7BB5A8D7D61A2BAAEB7FD5F70921FF497D00504B0304140006080800CC70623B0D6EF93BFE000000A00100003B0000006662782F39464131463745442D413632322D343644302D413938332D3331353338454246344243312F7265736F75726365732F63
310
6F72652E786D6C8D50596E833010BD0A9ADFCA60B334011947A8694ED00B586642AC041B79A97AFC9A40A5F6AF3F33A3B7689E1E3F7DCD8FEC139DD7D6F4C0720A191A65476DA61E62B892236427C19DB5E1970C322367EC618541F0C9D9B8EC90B226A009093576C41D94DE63804C3DD2D18357379C652E63480A7FCF17A9
310
EE72C29CE5894E3AC17D702940B63D59270887DE46A7D0F36263058F518FBB468FE9A7BE6A7420864373B8D4873369AA8691FA421B3294352543C5CAF65C0F6FEF43CB8BD52C78D0F34F46E550061C419494B6843142CB0F5677F4B52BEB177AEC28E5C52AFF638ACBF84F53D42654E51E77B379102C05791282176B5F693D
310
CB4C7BED567C03504B010214000A0000080000CC70623B3DEE336E79000000790000001B00000000000000000000000000000000006175746F6465736B2D64657369676E2D7061636B6167652E786D6C504B01021400140006080800CC70623BD486FD9CA0000000F40000001300000000000000000000000000B20000005B
310
436F6E74656E745F54797065735D2E786D6C504B01021400140006080800CC70623B1EC5D7A3EB0000007C010000080000000000000000000000000083010000636F72652E786D6C504B01021400140006080800CC70623B55019EA25F0000007C000000070000000000000000000000000094020000636E782E786D6C504B
310
01021400140006080800CC70623B8C9102E971010000D40300000C00000000000000000000000000180300006662782F636F72652E786D6C504B01021400140006080800CC70623BFFEA85907E0000009D0000000B00000000000000000000000000B30400006662782F636E782E786D6C504B01021400140006080800CC70
310
623B4FEEA4082C0100001202000031000000000000000000000000005A0500006662782F39464131463745442D413632322D343644302D413938332D3331353338454246344243312F636F72652E786D6C504B01021400140006080800CC70623BAD7543B64E010000330300003000000000000000000000000000D5060000
310
6662782F39464131463745442D413632322D343644302D413938332D3331353338454246344243312F636E782E786D6C504B01021400140006080800CC70623B16AB87BA640500003C1000003400000000000000000000000000710800006662782F39464131463745442D413632322D343644302D413938332D3331353338
310
454246344243312F6F626A656374732E786D6C504B01021400140006080000CC70623B0000000000000000000000003500000000000000000000000000270E00006662782F39464131463745442D413632322D343644302D413938332D3331353338454246344243312F76657274696365732E62696E504B01021400140006
310
080800CC70623BF270F133060000000400000036000000000000000000000000007A0E00006662782F39464131463745442D413632322D343644302D413938332D3331353338454246344243312F747269616E676C65732E62696E504B01021400140006080000CC70623B0000000000000000000000003700000000000000
310
000000000000D40E00006662782F39464131463745442D413632322D343644302D413938332D3331353338454246344243312F617474726962757465732E62696E504B01021400140006080800CC70623B08DA0BD190000000410100003600000000000000000000000000290F00006662782F39464131463745442D413632
310
322D343644302D413938332D3331353338454246344243312F6469726563746F72792E786D6C504B01021400140006080800CC70623B0D6EF93BFE000000A00100003B000000000000000000000000000D1000006662782F39464131463745442D413632322D343644302D413938332D3331353338454246344243312F7265
310
736F75726365732F636F72652E786D6C504B0506000000000E000E0080040000641100000000
  0
XRECORD
  5
175
102
{ACAD_REACTORS
330
173
102
}
330
173
100
AcDbXrecord
280
1
270
1
271
1
  0
XRECORD
  5
174
102
{ACAD_REACTORS
330
173
102
}
330
173
100
AcDbXrecord
280
1
270
1
271
1
  0
XRECORD
  5
1FB
102
{ACAD_REACTORS
330
173
102
}
330
173
100
AcDbXrecord
280
1
 70
0
 90
1673772943
  1
ECE7A1D2-D628-4531-984C-D00F80459256
310
504B03040A0000080000CC70623B3DEE336E79000000790000001B0000006175746F6465736B2D64657369676E2D7061636B6167652E786D6C3C3F786D6C2076657273696F6E3D22312E302220656E636F64696E673D227574662D3822203F3E3C666F726D6174733E3C666F726D61743E687474703A2F2F736368656D612E
310
6175746F6465736B2E636F6D2F64657369676E2D7061636B6167652F323030393C2F666F726D61743E3C2F666F726D6174733E504B0304140006080800CC70623BD486FD9CA0000000F4000000130000005B436F6E74656E745F54797065735D2E786D6C7D8EC10E82300C865F65E91D8A1E8C310C0EEA1BF002731658846E
310
D98AC1B77784ABF1D8FE5FBFBF75BBCE937A534CCEB38643598122B6FEE978D0B0485F9C41B54DDD7D022595594E1A469170414C76A4D9A4D207E29CF43ECE46F218070CC6BECC4078ACAA135ACF422C856C0E68EA1BF5669944DDD7BCDE7B1F8E415D77AECB980613C2E4AC91FC167A2B244592486606FC29C8FD7F045B9A
310
EF7053A7E60B504B0304140006080800CC70623BD9DDAED0EC0000007C01000008000000636F72652E786D6C8D90416EC3201045AF82665B61836D9CD8C2444DD39CA01740405C94182C03558F5F9C3852BBEB6A467FFE9B197D7EF89E6EE8CB2CC17A37002D0820E394D7D68D03A478C17B4007C117EFE32F1B20272733C0
310
2A83E0E3E2D3BC49CABB685CCCAAF3DA6CA20CC14440EA969B0182FA34932C648AD911AEC52CD5558EA6A0CF2EC329598D1E47ACCEFBECC59A050463A7EA5833865FEBDD0E37353BE3EE8DBDE3F6786A48D375FBF6CC78B9C282473B3DEFABC5C86834888A900E538A49F5419B9EB47DD5BC907D4F082F57FB1F28CDFA9F50
310
B22ED6D5F6EE030B20687EE43E10BC5CB3C8E51E54AE6B6EE207504B0304140006080800CC70623B55019EA25F0000007C00000007000000636E782E786D6C4DCB3B0E80201045D1AD90E915ED2CF8AC45050C11660C8261F98AB1B07AC9C97D42D718D865D3E909258CFD00CCE24AC6E326A164D74DC0B4128928FF326038
310
472BA13128B1252AC747C6BAB984FC68F0B87FE8960A5C09FE86CFB69FBA01504B0304140006080800CC70623BA24EB22D72010000D40300000C0000006662782F636F72652E786D6CC5535B6E833010BC8AE5DF0A6C5E49888CA3A6694ED00B38E05014B091B1518EDFE511A5A9D228FD2A1F60CDEC7A67C6986DCE4D8D7A
310
69BA4AAB0C073EC548AA5C17952A33ECECD15B61B4E1CC686DBF9561A44423333CC098B3D268D7CE50AE9595CA02AA74216750749DB418E5352C32DCE59FB211BE70162ABA93DF8AFC244AE9073ED050C759670D0840D390E18DF9F1706664C23973AE2A66B62A605A75ACA4C13C4976E1364A12EF355A2EBD384AF65EFA96
310
BC7B8BED2EA6719AAE16FB8491A199335B351775B991C2CA02F390D2D40B028F861F41BCA68B7518BFD0D59A524686F29B26D7164F36B94AD9289CE54E6D1DE6010819891F6E21228B3AD1831EC219194284CF98F06DD01008846CC5A1BEF83801D4CBDC6A1303536877A57A513B0953A94FC707FDBE6064EA84A9E3E6E0FA
310
EE8CF0E9198F7784A316AA0413C2C2F2E0ECA0934D1AE6D05A69BCDE9E91D2A611F573361E38FC1375157F5752AE6B6DFE4B11990F88CCBF0719EE23FF02504B0304140006080800CC70623B408A7D3B7C0000009D0000000B0000006662782F636E782E786D6C4DCCD10A83201886E15B91FFDC552A92A0064DBC8F581632
310
D3703A76F9ABD1C18E3E78F878E5F0D9027ABBFCF2292AE86E2D20171F69F6715550CB827B40839639A5F2770314A7CD293819B45C73AAFB45B35BA61ACAA1C1C7E7855C58C15BC331339661262CC762340413D68D77DA5B42298546CBE6573AF60CEB2F504B0304140006080800CC70623B449FB9BD290100001202000031
310
0000006662782F36394639363044362D344446342D343946362D394244322D3234314243333846323333332F636F72652E786D6C8D515B6EC32010BC0AE22B55850D98B871848994463E412FE002495162B07854397EA176A4F62F3F2C9A9D991D587EB84F37F0AD7D30CEF6905418026DA553C65E7A98E219ED203808EE9D
310
8B7F6810D871D23D2C3014FCE25D9A57483A1BB58D19B54EE9151C43D0110279CB971E06F9A5A7B11A53CC8C70ADE6515EC78BAE4895DB992778883E0700CB907242D17643D7E2538BD869608875438BBAE38922CAC8F1BDD90DB4691A5E2F42C153326A951B95E398B3D1FE599322163C9AE9115F7A3D46ADA0A018778810
310
84E907617BDCEE297BC5BB3DC6BC2EF47FA234AB2745C9D8D8D035EE220B50105E2F0DC1954B9FB747187D9F9D8FA0CCDB042D5FA0C015C65B42DF78BD10F3F3B363CB56C7109DCFDFBBB97E662ED92EB62D13BC2E1BCAE5777DB9966D8A1F504B0304140006080800CC70623BAD7543B64E01000033030000300000006662
310
782F36394639363044362D344446342D343946362D394244322D3234314243333846323333332F636E782E786D6CD593CD6EC32010845F0571AD6CE3D48AD20813A9873E410FBD12D82434182C7EAAE6EDBB2424CD25871E7B41D6EC30B3FA84F9E67BB2E40B4234DE8DB46F1925E094D7C6ED479AD3AE5951B2113C789FEE
310
6C943839C1488B4C05DF079FE72A69D8C96C13AAD6B8631503449F83828872B949AC57D26200B826A308D316B4064D6E46FCDA41C05550DC9E483A00797BFD207EFB092A45DE9514C1BBD22178396BD39D891265658C238DEA00936C654E5E433CB65A26D9F6EDB5EBC14EBF49A45CB856E66048291F6939A9A81BB5C89177
310
38143CA680F4AA299D66A042CEB3354A2684DC9D8D178FE0D9B8B41CAAD720F880EE7EF93C0C18769E099ECC04D5A102C8049A8A05632F4DDF376CF1DE0F6BB65C2F8627B65A33C6BB62177CEBBDAD973006829F89F22E814B54F4BC2BE347F8AA8F681390B50FA73F804400B5F542E796F19FF974E7F78DB802FE05E20750
310
4B0304140006080800CC70623B8D05915C650500003B100000340000006662782F36394639363044362D344446342D343946362D394244322D3234314243333846323333332F6F626A656374732E786D6CAD575B6FA33814FE2B887D06429276DA1565D4266D158D3A339A6846FB502932E050B66023DB74D2FDF5FB190C01
310
9276B2973C046C8ECFF53B17071F77456EBD502133CEAE6CDF9DD81665314F32965ED995DA3A17B6F5310C04E7AA47665B8C14F4CAD6DB7618A48257A5D94AE89654B91AEDDEDDFC61C998326A5B714EA4BCB265FC440BE2924AF184CA6737218AB8E976E7FA6E4338649B0A523E8D98964450A6A029F619B8588D52FE7039
310
B1BD30F0F4F730D0FF866AF6369557DB33949F31A9088B0F848DD8CCFCF9F2767A76E99CCDE733677E3EF59D9BBB9BA5E37F984D16E78BC5E5F5ED25044B25C0C96822E8D60EEFE11B91C581D77CEA34368A1F5329E68CD1B8B61F16D63A1B8E092D294B10C78C4A48EB593D192E7DED9BDEE7995E1B91FDEDD3ACEA9FE831
310
6A756F9F7D4D79F4274C90A7A04248AA51D5F8C718DAE06FB2F75AC4796EBE65D22A88A22223B995679120E2D50E41AA49C260C046A35368846B0BECD0DFF3EBEB8AD4F835768F69B9ADF25C43D30E6B646F807FAA64AD59F61715C7A54127C4AACA98BA3006A9D792DAE165E0D59B61A01FB3A9F9D838D2DAE62445C86166
310
F37564E842E7DE6A69879FEEA2DD5AE7E371E1A5E025154AC307D06A03D73EB5978C58FFA4C8E9033066E0F3BD53BEC1F39F91BE7B55103791EDE6BBB991A2046172CB4581D8B893FA674DDA17A77B3B7C413D1B511FD2743BFF8A38F03A658705E3ADF8015C3A3417FF3D7E439FF591DA0B5F18BC20C1B8981957AE6392A3
310
F43C640C01D1A0B4728E2DD4F26DB4B3C3152A252A3B4E913CEC1C72F012782FF88EFF8637AA552DBEF76408E8A8DE9E50F9E1CB3A2DA0DB1B6039A893B56063DC5B3E3FFB5F72E67AB9FEB4AEC496C4F4C1149625DD662C53E89D7BF0F6151A046260D1337DFDC94502430F83B0EE07A130A224BCAD7DAE1D9FB6CD422FF6
310
920702629C4BB9AE79C12F243C6432A6794E18E5552BA56B431AAB5D91317302B2B071E86C3A42B1A02F999E24061403B5D0EB639195DA655DD3EBEAB4FB862DDF579F014AD0E73C22F99E28DA57FB98E75C6CA2D74D53086D600F4786E0FE3144B771A8A7B900F03594DB8A633CBC49B2EDB69228BB479CF863B5E807AAAB
310
23872F6DFEB4129B949CA33823F58830E86D65621E10047D9DB34D862E8EAC3C2ABC2F7B2C40D67CDFE01F5545B92105AF983AC54D93D69E56FB8E797F88913F898A9FEC705D3F9D1B54EC8426FB500D40A03BD0119B06E1B95DDC7EB8F6975367793EBD70E66733DFB9BC982F9CE564727731999F5D4ECFCE3B8D6A4DC2A0
310
6D50FD148437D110834A64C6CDDF57FBACB5C307A2A477DFE4939736CFEF2B175371E0E10CF0DD1D5C15654E0BCA14D1E87DD02FF93782A162C0A3D95F1524A52770F972BF1EE9809D13CE7DD599467F8ECE9ADD85CE85A34CD45355448C64F9E8A031DC2D596ACC6E5DD93D9B82DE2EF5CAF81363A8E47996A0DE24564A79
310
4115AACE09C55E14540231FDA13C319787134EBF34E3A022514E5B4D9E0826E25C02D5805B15ABE1BEF51B26383D445DD9E875EE33FE4C22DA16427D65A3BCA92CA6D28DD01DF5DC53330704308475351050232CCD31583787BA75774AFB06E5070DD0C8EF484E19968C5D83BA5B90B244D31E54D55A372320FE4786B7EA58
310
44E135AA5467CB7EA333A61683CC6A8C3257034C10CF46F40EF9F5BE59BE5BD30C3C72D235E95D10345C1D45445A5F0BB47E46A5EBE5570F9380B5FA629579952296A773720405982B9DE04011506178964401AA8BDF1FBF0A8EAB6861DD6580C0E38217056766716DAEB2D6FA0917D3E4116581EADB879C4E7CFFB11EFACD
310
3D641311495D92C8676CB409A72D18610D803CE8A626049E8EC1887CB5B44CC39883690DDA8399B4B9855B481E7D71D4A9D22F96E5BB73BF5793020C02137BF837504B0304140006080000CC70623B000000000000000000000000350000006662782F36394639363044362D344446342D343946362D394244322D32343142
310
43333846323333332F76657274696365732E62696E504B0304140006080800CC70623BF270F1330600000004000000360000006662782F36394639363044362D344446342D343946362D394244322D3234314243333846323333332F747269616E676C65732E62696E636660600000504B0304140006080000CC70623B0000
310
00000000000000000000370000006662782F36394639363044362D344446342D343946362D394244322D3234314243333846323333332F617474726962757465732E62696E504B0304140006080800CC70623B08DA0BD19000000041010000360000006662782F36394639363044362D344446342D343946362D394244322D
310
3234314243333846323333332F6469726563746F72792E786D6C858F410AC3201045AF22B36F53E9A60B35CBEEBAE80D244E44489C6234F4F835464A48035D0DF398FF9F8AF63D0E6CC63039F212F8F9020C7D47C6792B21C5FE7403D62A1188E2E60C98D7234A5830286103A55745067B9D86B8A3CF9C7F90C11DE607FB14
310
4396D7B6A82D282E9A152AD114D5EF2CB866EEE831B8EEA07A7BB5A8D7D61A2BAAEB7FD5F70921FF497D00504B0304140006080800CC70623BCA768048FE000000A00100003B0000006662782F36394639363044362D344446342D343946362D394244322D3234314243333846323333332F7265736F75726365732F636F72
310
652E786D6C8D50596E833010BD0A9ADFCA60D600328E9AA639412F609909B1126CE4A5EAF16B0295DABFFECC8CDEA2797AECF8353F924FB44E193D409E5248504B332A3D0D10FC95B4901C39B3C6F85F3248B49871801506CE266BC2B243D2688FDA47549B11775038871E12F988C7004EDE7016A9083E2ADC3D5D84BC8B09
310
D33C8D74D471E6BC8D0192EDC93A815B742658898E651BCB59086ADC356A8C3FD555A1055ED7E7E254D615792D0F075295F585746FF53B694EE78A565DD736979A65AB9933AFE69F8CD2A2F038022F28ED489E135A7CE4554F9BBEA85E68DB53CAB255FEC71496F19FA6A0B42F8B3DEE6673C0F318E4497096AD7DC5F52C33
310
EEB55BFE0D504B010214000A0000080000CC70623B3DEE336E79000000790000001B00000000000000000000000000000000006175746F6465736B2D64657369676E2D7061636B6167652E786D6C504B01021400140006080800CC70623BD486FD9CA0000000F40000001300000000000000000000000000B20000005B436F
310
6E74656E745F54797065735D2E786D6C504B01021400140006080800CC70623BD9DDAED0EC0000007C010000080000000000000000000000000083010000636F72652E786D6C504B01021400140006080800CC70623B55019EA25F0000007C000000070000000000000000000000000095020000636E782E786D6C504B0102
310
1400140006080800CC70623BA24EB22D72010000D40300000C00000000000000000000000000190300006662782F636F72652E786D6C504B01021400140006080800CC70623B408A7D3B7C0000009D0000000B00000000000000000000000000B50400006662782F636E782E786D6C504B01021400140006080800CC70623B
310
449FB9BD290100001202000031000000000000000000000000005A0500006662782F36394639363044362D344446342D343946362D394244322D3234314243333846323333332F636F72652E786D6C504B01021400140006080800CC70623BAD7543B64E010000330300003000000000000000000000000000D20600006662
310
782F36394639363044362D344446342D343946362D394244322D3234314243333846323333332F636E782E786D6C504B01021400140006080800CC70623B8D05915C650500003B10000034000000000000000000000000006E0800006662782F36394639363044362D344446342D343946362D394244322D32343142433338
310
46323333332F6F626A656374732E786D6C504B01021400140006080000CC70623B0000000000000000000000003500000000000000000000000000250E00006662782F36394639363044362D344446342D343946362D394244322D3234314243333846323333332F76657274696365732E62696E504B010214001400060808
310
00CC70623BF270F13306000000040000003600000000000000000000000000780E00006662782F36394639363044362D344446342D343946362D394244322D3234314243333846323333332F747269616E676C65732E62696E504B01021400140006080000CC70623B00000000000000000000000037000000000000000000
310
00000000D20E00006662782F36394639363044362D344446342D343946362D394244322D3234314243333846323333332F617474726962757465732E62696E504B01021400140006080800CC70623B08DA0BD190000000410100003600000000000000000000000000270F00006662782F36394639363044362D344446342D
310
343946362D394244322D3234314243333846323333332F6469726563746F72792E786D6C504B01021400140006080800CC70623BCA768048FE000000A00100003B000000000000000000000000000B1000006662782F36394639363044362D344446342D343946362D394244322D3234314243333846323333332F7265736F
310
75726365732F636F72652E786D6C504B0506000000000E000E0080040000621100000000
  0
XRECORD
  5
176
102
{ACAD_REACTORS
330
173
102
}
330
173
100
AcDbXrecord
280
1
270
1
271
1
  0
XRECORD
  5
177
102
{ACAD_REACTORS
330
173
102
}
330
173
100
AcDbXrecord
280
1
270
1
271
1
  0
CELLSTYLEMAP
  5
E0A1
102
{ACAD_REACTORS
330
162
102
}
330
162
100
AcDbCellStyleMap
 90
3
300
CELLSTYLE
  1
TABLEFORMAT_BEGIN
 90
5
170
1
 91
0
 92
32768
 62
257
 93
1
300
CONTENTFORMAT
  1
CONTENTFORMAT_BEGIN
 90
0
 91
0
 92
512
 93
0
300

 40
0.0
140
1.0
 94
5
 62
0
340
11
144
6.0
309
CONTENTFORMAT_END
171
1
301
MARGIN
  1
CELLMARGIN_BEGIN
 40
1.5
 40
1.5
 40
1.5
 40
1.5
 40
0.18
 40
0.18
309
CELLMARGIN_END
 94
6
 95
1
302
GRIDFORMAT
  1
GRIDFORMAT_BEGIN
 90
0
 91
1
 62
0
 92
-2
340
14
 93
0
 40
1.125
309
GRIDFORMAT_END
 95
2
302
GRIDFORMAT
  1
GRIDFORMAT_BEGIN
 90
0
 91
1
 62
0
 92
-2
340
14
 93
0
 40
1.125
309
GRIDFORMAT_END
 95
4
302
GRIDFORMAT
  1
GRIDFORMAT_BEGIN
 90
0
 91
1
 62
0
 92
-2
340
14
 93
0
 40
1.125
309
GRIDFORMAT_END
 95
8
302
GRIDFORMAT
  1
GRIDFORMAT_BEGIN
 90
0
 91
1
 62
0
 92
-2
340
14
 93
0
 40
1.125
309
GRIDFORMAT_END
 95
16
302
GRIDFORMAT
  1
GRIDFORMAT_BEGIN
 90
0
 91
1
 62
0
 92
-2
340
14
 93
0
 40
1.125
309
GRIDFORMAT_END
 95
32
302
GRIDFORMAT
  1
GRIDFORMAT_BEGIN
 90
0
 91
1
 62
0
 92
-2
340
14
 93
0
 40
1.125
309
GRIDFORMAT_END
309
TABLEFORMAT_END
  1
CELLSTYLE_BEGIN
 90
1
 91
1
300
_TITLE
309
CELLSTYLE_END
300
CELLSTYLE
  1
TABLEFORMAT_BEGIN
 90
5
170
1
 91
0
 92
0
 62
257
 93
1
300
CONTENTFORMAT
  1
CONTENTFORMAT_BEGIN
 90
0
 91
0
 92
512
 93
0
300

 40
0.0
140
1.0
 94
5
 62
0
340
11
144
4.5
309
CONTENTFORMAT_END
171
1
301
MARGIN
  1
CELLMARGIN_BEGIN
 40
1.5
 40
1.5
 40
1.5
 40
1.5
 40
0.18
 40
0.18
309
CELLMARGIN_END
 94
6
 95
1
302
GRIDFORMAT
  1
GRIDFORMAT_BEGIN
 90
0
 91
1
 62
0
 92
-2
340
14
 93
0
 40
1.125
309
GRIDFORMAT_END
 95
2
302
GRIDFORMAT
  1
GRIDFORMAT_BEGIN
 90
0
 91
1
 62
0
 92
-2
340
14
 93
0
 40
1.125
309
GRIDFORMAT_END
 95
4
302
GRIDFORMAT
  1
GRIDFORMAT_BEGIN
 90
0
 91
1
 62
0
 92
-2
340
14
 93
0
 40
1.125
309
GRIDFORMAT_END
 95
8
302
GRIDFORMAT
  1
GRIDFORMAT_BEGIN
 90
0
 91
1
 62
0
 92
-2
340
14
 93
0
 40
1.125
309
GRIDFORMAT_END
 95
16
302
GRIDFORMAT
  1
GRIDFORMAT_BEGIN
 90
0
 91
1
 62
0
 92
-2
340
14
 93
0
 40
1.125
309
GRIDFORMAT_END
 95
32
302
GRIDFORMAT
  1
GRIDFORMAT_BEGIN
 90
0
 91
1
 62
0
 92
-2
340
14
 93
0
 40
1.125
309
GRIDFORMAT_END
309
TABLEFORMAT_END
  1
CELLSTYLE_BEGIN
 90
2
 91
1
300
_HEADER
309
CELLSTYLE_END
300
CELLSTYLE
  1
TABLEFORMAT_BEGIN
 90
5
170
1
 91
0
 92
0
 62
257
 93
1
300
CONTENTFORMAT
  1
CONTENTFORMAT_BEGIN
 90
0
 91
0
 92
512
 93
0
300

 40
0.0
140
1.0
 94
2
 62
0
340
11
144
4.5
309
CONTENTFORMAT_END
171
1
301
MARGIN
  1
CELLMARGIN_BEGIN
 40
1.5
 40
1.5
 40
1.5
 40
1.5
 40
0.18
 40
0.18
309
CELLMARGIN_END
 94
6
 95
1
302
GRIDFORMAT
  1
GRIDFORMAT_BEGIN
 90
0
 91
1
 62
0
 92
-2
340
14
 93
0
 40
1.125
309
GRIDFORMAT_END
 95
2
302
GRIDFORMAT
  1
GRIDFORMAT_BEGIN
 90
0
 91
1
 62
0
 92
-2
340
14
 93
0
 40
1.125
309
GRIDFORMAT_END
 95
4
302
GRIDFORMAT
  1
GRIDFORMAT_BEGIN
 90
0
 91
1
 62
0
 92
-2
340
14
 93
0
 40
1.125
309
GRIDFORMAT_END
 95
8
302
GRIDFORMAT
  1
GRIDFORMAT_BEGIN
 90
0
 91
1
 62
0
 92
-2
340
14
 93
0
 40
1.125
309
GRIDFORMAT_END
 95
16
302
GRIDFORMAT
  1
GRIDFORMAT_BEGIN
 90
0
 91
1
 62
0
 92
-2
340
14
 93
0
 40
1.125
309
GRIDFORMAT_END
 95
32
302
GRIDFORMAT
  1
GRIDFORMAT_BEGIN
 90
0
 91
1
 62
0
 92
-2
340
14
 93
0
 40
1.125
309
GRIDFORMAT_END
309
TABLEFORMAT_END
  1
CELLSTYLE_BEGIN
 90
3
 91
2
300
_DATA
309
CELLSTYLE_END
  0
DICTIONARY
  5
E10D
330
C
100
AcDbDictionary
280
1
281
1
  3
WRITTEN_BY_EZDXF
350
E10E
  0
DICTIONARYVAR
  5
E10E
330
E10D
100
DictionaryVariables
280
0
  1
1.4.4 @ 2026-06-15T21:53:01.523276+00:00
  0
ENDSEC
  0
SECTION
  2
ACDSDATA
 70
2
 71
8
  0
ACDSSCHEMA
 90
0
  1
AcDb_Thumbnail_Schema
  2
AcDbDs::ID
280
10
 91
8
  2
Thumbnail_Data
280
15
 91
0
101
ACDSRECORD
 95
0
 90
1
  2
AcDbDs::TreatedAsObjectData
280
1
291
1
101
ACDSRECORD
 95
0
 90
2
  2
AcDbDs::Legacy
280
1
291
1
101
ACDSRECORD
  1
AcDbDs::ID
 90
3
  2
AcDs:Indexable
280
1
291
1
101
ACDSRECORD
  1
AcDbDs::ID
 90
4
  2
AcDbDs::HandleAttribute
280
7
282
1
  0
ACDSSCHEMA
 90
1
  1
AcDbDs::TreatedAsObjectDataSchema
  2
AcDbDs::TreatedAsObjectData
280
1
 91
0
  0
ACDSSCHEMA
 90
2
  1
AcDbDs::LegacySchema
  2
AcDbDs::Legacy
280
1
 91
0
  0
ACDSSCHEMA
 90
3
  1
AcDbDs::IndexedPropertySchema
  2
AcDs:Indexable
280
1
 91
0
  0
ACDSSCHEMA
 90
4
  1
AcDbDs::HandleAttributeSchema
  2
AcDbDs::HandleAttribute
280
7
 91
1
284
1
  0
ACDSRECORD
 90
0
  2
AcDbDs::ID
280
10
320
22
  2
Thumbnail_Data
280
15
 94
1158
310
89504E470D0A1A0A0000000D49484452000001000000006408030000005EBE1EAC00000300504C5445212830FFFFFF2128300000000000000000000000000000000000000000000000000000330000660000990000CC0000FF0033000033330033660033990033CC0033FF0066000066330066660066990066CC0066FF0099
310
000099330099660099990099CC0099FF00CC0000CC3300CC6600CC9900CCCC00CCFF00FF0000FF3300FF6600FF9900FFCC00FFFF3300003300333300663300993300CC3300FF3333003333333333663333993333CC3333FF3366003366333366663366993366CC3366FF3399003399333399663399993399CC3399FF33CC00
310
33CC3333CC6633CC9933CCCC33CCFF33FF0033FF3333FF6633FF9933FFCC33FFFF6600006600336600666600996600CC6600FF6633006633336633666633996633CC6633FF6666006666336666666666996666CC6666FF6699006699336699666699996699CC6699FF66CC0066CC3366CC6666CC9966CCCC66CCFF66FF0066
310
FF3366FF6666FF9966FFCC66FFFF9900009900339900669900999900CC9900FF9933009933339933669933999933CC9933FF9966009966339966669966999966CC9966FF9999009999339999669999999999CC9999FF99CC0099CC3399CC6699CC9999CCCC99CCFF99FF0099FF3399FF6699FF9999FFCC99FFFFCC0000CC00
310
33CC0066CC0099CC00CCCC00FFCC3300CC3333CC3366CC3399CC33CCCC33FFCC6600CC6633CC6666CC6699CC66CCCC66FFCC9900CC9933CC9966CC9999CC99CCCC99FFCCCC00CCCC33CCCC66CCCC99CCCCCCCCCCFFCCFF00CCFF33CCFF66CCFF99CCFFCCCCFFFFFF0000FF0033FF0066FF0099FF00CCFF00FFFF3300FF3333
310
FF3366FF3399FF33CCFF33FFFF6600FF6633FF6666FF6699FF66CCFF66FFFF9900FF9933FF9966FF9999FF99CCFF99FFFFCC00FFCC33FFCC66FFCC99FFCCCCFFCCFFFFFF00FFFF33FFFF66FFFF99FFFFCCFFFFFF0000000D0D0D1A1A1A2828283535354343435050505D5D5D6B6B6B787878868686939393A1A1A1AEAEAEBB
310
BBBBC9C9C9D6D6D6E4E4E4F1F1F1FFFFFF0000000000000000000000000000000000000000000000000000000000002E4550F1000001414944415478DAEDDB3D6E8330004061DF8089C1F205587A0EDFDA4B6F02ABD7EEB51DF2A384B452B7F2DE13892231F98B21069410CCCCCCCCCCCCCCCCCCCCCCCCCCFE52FDA5F3034C
310
BDFEA994B695E7DD1080562DA56DED0D3903EE00950A50E933A0D68FCFD8012211600C35EE09C005A858804110631800B475C07C9D01D495E01D20710186401AF196C2370067403A98033480D7DD2480200012E0B610421F025DE0E85790740824FC3AE050C07500ED1C90A02BC10E90AFD166C0FC0C40BD166823CF950D90
310
0F268100A7075872BEDC0E00035C465CCA36A2AD039687AF7CDB5F153703E077852BFEB6F82480006FC68A7A3224800002500126010410000BF02580006C806D5D57364013783F56010410000010D000FD7100FB6A70DE760128C0B2C001C61331324028817D12FC79AC029C1F80FEE7693333333333FB1F7D0368DE145A86
310
9F4E680000000049454E44AE426082
  0
ENDSEC
  0
EOF
