  0
SECTION
  2
HEADER
  9
$ACADVER
  1
AC1032
  9
$ACADMAINTVER
 90
      378
  9
$DWGCODEPAGE
  3
ANSI_1252
  9
$LASTSAVEDBY
  1
mvpst
  9
$REQUIREDVERSIONS
160
                 0
  9
$INSBASE
 10
0.0
 20
0.0
 30
0.0
  9
$EXTMIN
 10
1.000000000000000E+20
 20
1.000000000000000E+20
 30
1.000000000000000E+20
  9
$EXTMAX
 10
-1.000000000000000E+20
 20
-1.000000000000000E+20
 30
-1.000000000000000E+20
  9
$LIMMIN
 10
0.0
 20
0.0
  9
$LIMMAX
 10
420.0
 20
297.0
  9
$ORTHOMODE
 70
     1
  9
$REGENMODE
 70
     1
  9
$FILLMODE
 70
     1
  9
$QTEXTMODE
 70
     0
  9
$MIRRTEXT
 70
     0
  9
$LTSCALE
 40
1.0
  9
$ATTMODE
 70
     1
  9
$TEXTSIZE
 40
2.5
  9
$TRACEWID
 40
1.0
  9
$TEXTSTYLE
  7
Standard
  9
$CLAYER
  8
0
  9
$CELTYPE
  6
ByLayer
  9
$CECOLOR
 62
   256
  9
$CELTSCALE
 40
1.0
  9
$DISPSILH
 70
     0
  9
$DIMSCALE
 40
1.0
  9
$DIMASZ
 40
2.5
  9
$DIMEXO
 40
0.625
  9
$DIMDLI
 40
3.75
  9
$DIMRND
 40
0.0
  9
$DIMDLE
 40
0.0
  9
$DIMEXE
 40
1.25
  9
$DIMTP
 40
0.0
  9
$DIMTM
 40
0.0
  9
$DIMTXT
 40
2.5
  9
$DIMCEN
 40
2.5
  9
$DIMTSZ
 40
0.0
  9
$DIMTOL
 70
     0
  9
$DIMLIM
 70
     0
  9
$DIMTIH
 70
     0
  9
$DIMTOH
 70
     0
  9
$DIMSE1
 70
     0
  9
$DIMSE2
 70
     0
  9
$DIMTAD
 70
     1
  9
$DIMZIN
 70
     8
  9
$DIMBLK
  1

  9
$DIMASO
 70
     1
  9
$DIMSHO
 70
     1
  9
$DIMPOST
  1

  9
$DIMAPOST
  1

  9
$DIMALT
 70
     0
  9
$DIMALTD
 70
     3
  9
$DIMALTF
 40
0.03937007874016
  9
$DIMLFAC
 40
1.0
  9
$DIMTOFL
 70
     1
  9
$DIMTVP
 40
0.0
  9
$DIMTIX
 70
     0
  9
$DIMSOXD
 70
     0
  9
$DIMSAH
 70
     0
  9
$DIMBLK1
  1

  9
$DIMBLK2
  1

  9
$DIMSTYLE
  2
ISO-25
  9
$DIMCLRD
 70
     0
  9
$DIMCLRE
 70
     0
  9
$DIMCLRT
 70
     0
  9
$DIMTFAC
 40
1.0
  9
$DIMGAP
 40
0.625
  9
$DIMJUST
 70
     0
  9
$DIMSD1
 70
     0
  9
$DIMSD2
 70
     0
  9
$DIMTOLJ
 70
     0
  9
$DIMTZIN
 70
     8
  9
$DIMALTZ
 70
     0
  9
$DIMALTTZ
 70
     0
  9
$DIMUPT
 70
     0
  9
$DIMDEC
 70
     2
  9
$DIMTDEC
 70
     2
  9
$DIMALTU
 70
     2
  9
$DIMALTTD
 70
     3
  9
$DIMTXSTY
  7
Standard
  9
$DIMAUNIT
 70
     0
  9
$DIMADEC
 70
     0
  9
$DIMALTRND
 40
0.0
  9
$DIMAZIN
 70
     0
  9
$DIMDSEP
 70
    44
  9
$DIMATFIT
 70
     3
  9
$DIMFRAC
 70
     0
  9
$DIMLDRBLK
  1

  9
$DIMLUNIT
 70
     2
  9
$DIMLWD
 70
    -2
  9
$DIMLWE
 70
    -2
  9
$DIMTMOVE
 70
     0
  9
$DIMFXL
 40
1.0
  9
$DIMFXLON
 70
     0
  9
$DIMJOGANG
 40
0.7853981633974483
  9
$DIMTFILL
 70
     0
  9
$DIMTFILLCLR
 70
     0
  9
$DIMARCSYM
 70
     0
  9
$DIMLTYPE
  6

  9
$DIMLTEX1
  6

  9
$DIMLTEX2
  6

  9
$DIMTXTDIRECTION
 70
     0
  9
$LUNITS
 70
     2
  9
$LUPREC
 70
     4
  9
$SKETCHINC
 40
1.0
  9
$FILLETRAD
 40
0.0
  9
$AUNITS
 70
     0
  9
$AUPREC
 70
     0
  9
$MENU
  1
.
  9
$ELEVATION
 40
0.0
  9
$PELEVATION
 40
0.0
  9
$THICKNESS
 40
0.0
  9
$LIMCHECK
 70
     0
  9
$CHAMFERA
 40
0.0
  9
$CHAMFERB
 40
0.0
  9
$CHAMFERC
 40
0.0
  9
$CHAMFERD
 40
0.0
  9
$SKPOLY
 70
     0
  9
$TDCREATE
 40
2461289.946562500
  9
$TDUCREATE
 40
2461289.863229167
  9
$TDUPDATE
 40
2461290.491770833
  9
$TDUUPDATE
 40
2461290.408437500
  9
$TDINDWG
 40
0.0021759259
  9
$TDUSRTIMER
 40
0.0021759259
  9
$USRTIMER
 70
     1
  9
$ANGBASE
 50
0.0
  9
$ANGDIR
 70
     0
  9
$PDMODE
 70
     0
  9
$PDSIZE
 40
0.0
  9
$PLINEWID
 40
0.0
  9
$SPLFRAME
 70
     0
  9
$SPLINETYPE
 70
     6
  9
$SPLINESEGS
 70
     8
  9
$HANDSEED
  5
561
  9
$SURFTAB1
 70
     6
  9
$SURFTAB2
 70
     6
  9
$SURFTYPE
 70
     6
  9
$SURFU
 70
     6
  9
$SURFV
 70
     6
  9
$UCSBASE
  2

  9
$UCSNAME
  2

  9
$UCSORG
 10
0.0
 20
0.0
 30
0.0
  9
$UCSXDIR
 10
1.0
 20
0.0
 30
0.0
  9
$UCSYDIR
 10
0.0
 20
1.0
 30
0.0
  9
$UCSORTHOREF
  2

  9
$UCSORTHOVIEW
 70
     0
  9
$UCSORGTOP
 10
0.0
 20
0.0
 30
0.0
  9
$UCSORGBOTTOM
 10
0.0
 20
0.0
 30
0.0
  9
$UCSORGLEFT
 10
0.0
 20
0.0
 30
0.0
  9
$UCSORGRIGHT
 10
0.0
 20
0.0
 30
0.0
  9
$UCSORGFRONT
 10
0.0
 20
0.0
 30
0.0
  9
$UCSORGBACK
 10
0.0
 20
0.0
 30
0.0
  9
$PUCSBASE
  2

  9
$PUCSNAME
  2

  9
$PUCSORG
 10
0.0
 20
0.0
 30
0.0
  9
$PUCSXDIR
 10
1.0
 20
0.0
 30
0.0
  9
$PUCSYDIR
 10
0.0
 20
1.0
 30
0.0
  9
$PUCSORTHOREF
  2

  9
$PUCSORTHOVIEW
 70
     0
  9
$PUCSORGTOP
 10
0.0
 20
0.0
 30
0.0
  9
$PUCSORGBOTTOM
 10
0.0
 20
0.0
 30
0.0
  9
$PUCSORGLEFT
 10
0.0
 20
0.0
 30
0.0
  9
$PUCSORGRIGHT
 10
0.0
 20
0.0
 30
0.0
  9
$PUCSORGFRONT
 10
0.0
 20
0.0
 30
0.0
  9
$PUCSORGBACK
 10
0.0
 20
0.0
 30
0.0
  9
$USERI1
 70
     0
  9
$USERI2
 70
     0
  9
$USERI3
 70
     0
  9
$USERI4
 70
     0
  9
$USERI5
 70
     0
  9
$USERR1
 40
0.0
  9
$USERR2
 40
0.0
  9
$USERR3
 40
0.0
  9
$USERR4
 40
0.0
  9
$USERR5
 40
0.0
  9
$WORLDVIEW
 70
     1
  9
$SHADEDGE
 70
     3
  9
$SHADEDIF
 70
    70
  9
$TILEMODE
 70
     0
  9
$MAXACTVP
 70
    64
  9
$PINSBASE
 10
0.0
 20
0.0
 30
0.0
  9
$PLIMCHECK
 70
     0
  9
$PEXTMIN
 10
25.7
 20
19.5
 30
-0.0000000000000179
  9
$PEXTMAX
 10
2291.698056671667
 20
838.2203784857336
 30
0.0000000000000204
  9
$PLIMMIN
 10
-20.0
 20
-7.5
  9
$PLIMMAX
 10
277.0
 20
202.5
  9
$UNITMODE
 70
     0
  9
$VISRETAIN
 70
     1
  9
$PLINEGEN
 70
     0
  9
$PSLTSCALE
 70
     1
  9
$TREEDEPTH
 70
  3020
  9
$CMLSTYLE
  2
Standard
  9
$CMLJUST
 70
     0
  9
$CMLSCALE
 40
20.0
  9
$PROXYGRAPHICS
 70
     1
  9
$MEASUREMENT
 70
     1
  9
$CELWEIGHT
370
    -1
  9
$ENDCAPS
280
     0
  9
$JOINSTYLE
280
     0
  9
$LWDISPLAY
290
     0
  9
$INSUNITS
 70
     4
  9
$HYPERLINKBASE
  1

  9
$STYLESHEET
  1

  9
$XEDIT
290
     1
  9
$CEPSNTYPE
380
     0
  9
$PSTYLEMODE
290
     1
  9
$FINGERPRINTGUID
  2
{651AFE22-0C9A-0D46-8FD1-BC975013FB1F}
  9
$VERSIONGUID
  2
{DB95EE24-9CC6-2144-B2BD-381D5546B6A6}
  9
$EXTNAMES
290
     1
  9
$PSVPSCALE
 40
0.0
  9
$OLESTARTUP
290
     0
  9
$SORTENTS
280
   127
  9
$INDEXCTL
280
     0
  9
$HIDETEXT
280
     1
  9
$XCLIPFRAME
280
     2
  9
$HALOGAP
280
     0
  9
$OBSCOLOR
 70
   257
  9
$OBSLTYPE
280
     0
  9
$INTERSECTIONDISPLAY
280
     0
  9
$INTERSECTIONCOLOR
 70
   257
  9
$DIMASSOC
280
     2
  9
$PROJECTNAME
  1

  9
$CAMERADISPLAY
290
     0
  9
$LENSLENGTH
 40
50.0
  9
$CAMERAHEIGHT
 40
0.0
  9
$STEPSPERSEC
 40
2.0
  9
$STEPSIZE
 40
6.0
  9
$3DDWFPREC
 40
2.0
  9
$PSOLWIDTH
 40
5.0
  9
$PSOLHEIGHT
 40
80.0
  9
$LOFTANG1
 40
1.570796326794896
  9
$LOFTANG2
 40
1.570796326794896
  9
$LOFTMAG1
 40
0.0
  9
$LOFTMAG2
 40
0.0
  9
$LOFTPARAM
 70
     7
  9
$LOFTNORMALS
280
     1
  9
$LATITUDE
 40
37.795
  9
$LONGITUDE
 40
-122.394
  9
$NORTHDIRECTION
 40
0.0
  9
$TIMEZONE
 70
 -8000
  9
$LIGHTGLYPHDISPLAY
280
     1
  9
$TILEMODELIGHTSYNCH
280
     1
  9
$CMATERIAL
347
EC
  9
$SOLIDHIST
280
     0
  9
$SHOWHIST
280
     1
  9
$DWFFRAME
280
     2
  9
$DGNFRAME
280
     0
  9
$REALWORLDSCALE
290
     1
  9
$INTERFERECOLOR
 62
     1
  9
$INTERFEREOBJVS
345
F9
  9
$INTERFEREVPVS
346
F6
  9
$CSHADOW
280
     0
  9
$SHADOWPLANELOCATION
 40
0.0
  0
ENDSEC
  0
SECTION
  2
CLASSES
  0
CLASS
  1
ACDBDICTIONARYWDFLT
  2
AcDbDictionaryWithDefault
  3
ObjectDBX Classes
 90
        0
 91
        1
280
     0
281
     0
  0
CLASS
  1
DICTIONARYVAR
  2
AcDbDictionaryVar
  3
ObjectDBX Classes
 90
        0
 91
       52
280
     0
281
     0
  0
CLASS
  1
TABLESTYLE
  2
AcDbTableStyle
  3
ObjectDBX Classes
 90
     4095
 91
        1
280
     0
281
     0
  0
CLASS
  1
MATERIAL
  2
AcDbMaterial
  3
ObjectDBX Classes
 90
     1153
 91
        3
280
     0
281
     0
  0
CLASS
  1
VISUALSTYLE
  2
AcDbVisualStyle
  3
ObjectDBX Classes
 90
     4095
 91
       24
280
     0
281
     0
  0
CLASS
  1
SCALE
  2
AcDbScale
  3
ObjectDBX Classes
 90
     1153
 91
       17
280
     0
281
     0
  0
CLASS
  1
MLEADERSTYLE
  2
AcDbMLeaderStyle
  3
ACDB_MLEADERSTYLE_CLASS
 90
     4095
 91
        2
280
     0
281
     0
  0
CLASS
  1
CELLSTYLEMAP
  2
AcDbCellStyleMap
  3
ObjectDBX Classes
 90
     1152
 91
        2
280
     0
281
     0
  0
CLASS
  1
EXACXREFPANELOBJECT
  2
ExAcXREFPanelObject
  3
EXAC_ESW
 90
     1025
 91
        0
280
     0
281
     0
  0
CLASS
  1
NPOCOLLECTION
  2
AcDbImpNonPersistentObjectsCollection
  3
ObjectDBX Classes
 90
     1153
 91
        0
280
     0
281
     0
  0
CLASS
  1
LAYER_INDEX
  2
AcDbLayerIndex
  3
ObjectDBX Classes
 90
        0
 91
        0
280
     0
281
     0
  0
CLASS
  1
SPATIAL_INDEX
  2
AcDbSpatialIndex
  3
ObjectDBX Classes
 90
        0
 91
        0
280
     0
281
     0
  0
CLASS
  1
IDBUFFER
  2
AcDbIdBuffer
  3
ObjectDBX Classes
 90
        0
 91
        0
280
     0
281
     0
  0
CLASS
  1
ACDBSECTIONVIEWSTYLE
  2
AcDbSectionViewStyle
  3
ObjectDBX Classes
 90
     1025
 91
        1
280
     0
281
     0
  0
CLASS
  1
ACDBDETAILVIEWSTYLE
  2
AcDbDetailViewStyle
  3
ObjectDBX Classes
 90
     1025
 91
        1
280
     0
281
     0
  0
CLASS
  1
IMAGE
  2
AcDbRasterImage
  3
ISM
 90
     2175
 91
        3
280
     0
281
     1
  0
CLASS
  1
IMAGEDEF_REACTOR
  2
AcDbRasterImageDefReactor
  3
ISM
 90
        1
 91
        3
280
     0
281
     0
  0
CLASS
  1
SORTENTSTABLE
  2
AcDbSortentsTable
  3
ObjectDBX Classes
 90
        0
 91
        2
280
     0
281
     0
  0
CLASS
  1
IMAGEDEF
  2
AcDbRasterImageDef
  3
ISM
 90
        0
 91
        1
280
     0
281
     0
  0
CLASS
  1
RASTERVARIABLES
  2
AcDbRasterVariables
  3
ISM
 90
        0
 91
        1
280
     0
281
     0
  0
CLASS
  1
ACAD_EVALUATION_GRAPH
  2
AcDbEvalGraph
  3
ObjectDBX Classes
 90
     1153
 91
        1
280
     0
281
     0
  0
CLASS
  1
ACAECUSTOBJ
  2
AcAeEditorObj
  3
AcAeEditorObj
 90
     1024
 91
        1
280
     0
281
     0
  0
ENDSEC
  0
SECTION
  2
TABLES
  0
TABLE
  2
VPORT
  5
8
330
0
100
AcDbSymbolTable
 70
     1
  0
VPORT
  5
EA
330
8
100
AcDbSymbolTableRecord
100
AcDbViewportTableRecord
  2
*Active
 70
     0
 10
0.0
 20
0.0
 11
1.0
 21
1.0
 12
18995.6728874767
 22
5993.972239312652
 13
0.0
 23
0.0
 14
10.0
 24
10.0
 15
10.0
 25
10.0
 16
0.0
 26
0.0
 36
1.0
 17
0.0
 27
0.0
 37
0.0
 40
32399.66698149332
 41
2.015931372549019
 42
50.0
 43
0.0
 44
0.0
 50
0.0
 51
0.0
 71
     0
 72
  1000
 73
     1
 74
     3
 75
     0
 76
     1
 77
     0
 78
     0
281
     0
 65
     1
110
0.0
120
0.0
130
0.0
111
1.0
121
0.0
131
0.0
112
0.0
122
1.0
132
0.0
 79
     0
146
0.0
348
F5
 60
     3
 61
     5
292
     1
282
     1
141
0.0
142
0.0
 63
   250
421
  3355443
1001
ACAD_NAV_VCDISPLAY
1070
     3
  0
ENDTAB
  0
TABLE
  2
LTYPE
  5
5
330
0
100
AcDbSymbolTable
 70
     1
  0
LTYPE
  5
14
330
5
100
AcDbSymbolTableRecord
100
AcDbLinetypeTableRecord
  2
ByBlock
 70
     0
  3

 72
    65
 73
     0
 40
0.0
  0
LTYPE
  5
15
330
5
100
AcDbSymbolTableRecord
100
AcDbLinetypeTableRecord
  2
ByLayer
 70
     0
  3

 72
    65
 73
     0
 40
0.0
  0
LTYPE
  5
16
330
5
100
AcDbSymbolTableRecord
100
AcDbLinetypeTableRecord
  2
Continuous
 70
     0
  3
Solid line
 72
    65
 73
     0
 40
0.0
  0
ENDTAB
  0
TABLE
  2
LAYER
  5
2
102
{ACAD_XDICTIONARY
360
1FF
102
}
330
0
100
AcDbSymbolTable
 70
     5
  0
LAYER
  5
10
102
{ACAD_XDICTIONARY
360
13C
102
}
330
2
100
AcDbSymbolTableRecord
100
AcDbLayerTableRecord
  2
0
 70
     0
 62
     7
  6
Continuous
370
    -3
390
F
347
EE
348
0
  0
LAYER
  5
335
102
{ACAD_XDICTIONARY
360
336
102
}
330
2
100
AcDbSymbolTableRecord
100
AcDbLayerTableRecord
  2
E_Muster
 70
     0
 62
    18
420
   526344
  6
Continuous
370
    -3
390
F
347
EE
348
0
1001
AcCmTransparency
1071
        0
  0
LAYER
  5
337
102
{ACAD_XDICTIONARY
360
338
102
}
330
2
100
AcDbSymbolTableRecord
100
AcDbLayerTableRecord
  2
ET_LEGENDE - Wohnung$0$800_AL_ALLG_L
 70
     0
 62
    18
420
   328965
  6
Continuous
370
    -3
390
F
347
EE
348
0
  0
LAYER
  5
339
330
2
100
AcDbSymbolTableRecord
100
AcDbLayerTableRecord
  2
PDF2_Bilder
 70
     0
 62
     7
  6
Continuous
370
    -3
390
F
347
EE
348
0
  0
LAYER
  5
434
330
2
100
AcDbSymbolTableRecord
100
AcDbLayerTableRecord
  2
din_SIBEL_10_emergency_lighting
 70
     0
 62
   114
420
  2012240
  6
Continuous
370
    -3
390
F
347
EE
348
0
  0
ENDTAB
  0
TABLE
  2
STYLE
  5
3
330
0
100
AcDbSymbolTable
 70
     6
  0
STYLE
  5
11
330
3
100
AcDbSymbolTableRecord
100
AcDbTextStyleTableRecord
  2
Standard
 70
     0
 40
0.0
 41
1.0
 50
0.0
 71
     0
 42
2.5
  3
arial.ttf
  4

1001
ACAD
1000
Arial
1071
       34
  0
STYLE
  5
132
330
3
100
AcDbSymbolTableRecord
100
AcDbTextStyleTableRecord
  2
Beschriftung
 70
     0
 40
0.0
 41
1.0
 50
0.0
 71
     0
 42
2.5
  3
arial.ttf
  4

1001
AcadAnnotative
1000
AnnotativeData
1002
{
1070
     1
1070
     1
1002
}
1001
ACAD
1000
Arial
1071
       34
  0
STYLE
  5
33A
330
3
100
AcDbSymbolTableRecord
100
AcDbTextStyleTableRecord
  2
ET_LEGENDE - Wohnung$0$ROMANS
 70
     0
 40
0.0
 41
0.6
 50
0.0
 71
     0
 42
2.5
  3
romans.shx
  4

  0
STYLE
  5
33B
330
3
100
AcDbSymbolTableRecord
100
AcDbTextStyleTableRecord
  2
ARIAL
 70
     0
 40
0.0
 41
0.85
 50
0.0
 71
     0
 42
0.1
  3
arial.ttf
  4

1001
ACAD
1000
Arial
1071
       34
  0
STYLE
  5
33C
330
3
100
AcDbSymbolTableRecord
100
AcDbTextStyleTableRecord
  2
ERSTELLTER_STIL_1
 70
     0
 40
0.0
 41
1.0
 50
0.0
 71
     0
 42
0.2
  3
swiss.ttf
  4

1001
ACAD
1000
Swis721 BT
1071
       34
  0
STYLE
  5
33D
330
3
100
AcDbSymbolTableRecord
100
AcDbTextStyleTableRecord
  2
ERSTELLTER_STIL_5
 70
     0
 40
0.0
 41
1.0
 50
0.0
 71
     0
 42
0.2
  3
ariali.ttf
  4

1001
ACAD
1000
Arial
1071
 16777254
  0
ENDTAB
  0
TABLE
  2
VIEW
  5
6
330
0
100
AcDbSymbolTable
 70
     5
  0
ENDTAB
  0
TABLE
  2
UCS
  5
7
330
0
100
AcDbSymbolTable
 70
     0
  0
ENDTAB
  0
TABLE
  2
APPID
  5
9
330
0
100
AcDbSymbolTable
 70
    16
  0
APPID
  5
12
330
9
100
AcDbSymbolTableRecord
100
AcDbRegAppTableRecord
  2
ACAD
 70
     0
  0
APPID
  5
9E
330
9
100
AcDbSymbolTableRecord
100
AcDbRegAppTableRecord
  2
ACAD_PSEXT
 70
     0
  0
APPID
  5
133
330
9
100
AcDbSymbolTableRecord
100
AcDbRegAppTableRecord
  2
AcadAnnoPO
 70
     0
  0
APPID
  5
134
330
9
100
AcDbSymbolTableRecord
100
AcDbRegAppTableRecord
  2
AcadAnnotative
 70
     0
  0
APPID
  5
135
330
9
100
AcDbSymbolTableRecord
100
AcDbRegAppTableRecord
  2
ACAD_DSTYLE_DIMJAG
 70
     0
  0
APPID
  5
136
330
9
100
AcDbSymbolTableRecord
100
AcDbRegAppTableRecord
  2
ACAD_DSTYLE_DIMTALN
 70
     0
  0
APPID
  5
165
330
9
100
AcDbSymbolTableRecord
100
AcDbRegAppTableRecord
  2
ACAD_MLEADERVER
 70
     0
  0
APPID
  5
217
330
9
100
AcDbSymbolTableRecord
100
AcDbRegAppTableRecord
  2
ACAD_NAV_VCDISPLAY
 70
     0
  0
APPID
  5
33E
330
9
100
AcDbSymbolTableRecord
100
AcDbRegAppTableRecord
  2
AcCmTransparency
 70
     0
  0
APPID
  5
33F
330
9
100
AcDbSymbolTableRecord
100
AcDbRegAppTableRecord
  2
AcDbBlockRepETag
 70
     0
  0
APPID
  5
340
330
9
100
AcDbSymbolTableRecord
100
AcDbRegAppTableRecord
  2
GradientColor1ACI
 70
     0
  0
APPID
  5
341
330
9
100
AcDbSymbolTableRecord
100
AcDbRegAppTableRecord
  2
GradientColor2ACI
 70
     0
  0
APPID
  5
415
330
9
100
AcDbSymbolTableRecord
100
AcDbRegAppTableRecord
  2
ACAD_EXEMPT_FROM_CAD_STANDARDS
 70
     0
  0
APPID
  5
435
330
9
100
AcDbSymbolTableRecord
100
AcDbRegAppTableRecord
  2
NOTBELEUCHTUNG
 70
     0
  0
APPID
  5
545
330
9
100
AcDbSymbolTableRecord
100
AcDbRegAppTableRecord
  2
AcadAnnoAV
 70
     0
  0
APPID
  5
554
330
9
100
AcDbSymbolTableRecord
100
AcDbRegAppTableRecord
  2
ACAUTHENVIRON
 70
     0
  0
ENDTAB
  0
TABLE
  2
DIMSTYLE
  5
A
330
0
100
AcDbSymbolTable
 70
     3
100
AcDbDimStyleTable
 71
     2
340
27
340
137
  0
DIMSTYLE
105
1B0
330
A
100
AcDbSymbolTableRecord
100
AcDbDimStyleTableRecord
  2
Standard
 70
     0
340
11
  0
DIMSTYLE
105
137
330
A
100
AcDbSymbolTableRecord
100
AcDbDimStyleTableRecord
  2
Beschriftung
 70
     0
 40
0.0
 41
2.5
 42
0.625
 43
3.75
 44
1.25
 73
     0
 74
     0
 77
     1
 78
     8
140
2.5
141
2.5
143
0.03937007874016
147
0.625
171
     3
172
     1
271
     2
272
     2
274
     3
278
    44
283
     0
284
     8
340
11
1001
AcadAnnotative
1000
AnnotativeData
1002
{
1070
     1
1070
     1
1002
}
1001
ACAD_DSTYLE_DIMJAG
1070
   388
1040
1.5
1001
ACAD_DSTYLE_DIMTALN
1070
   392
1070
     0
  0
DIMSTYLE
105
27
330
A
100
AcDbSymbolTableRecord
100
AcDbDimStyleTableRecord
  2
ISO-25
 70
     0
 41
2.5
 42
0.625
 43
3.75
 44
1.25
 73
     0
 74
     0
 77
     1
 78
     8
140
2.5
141
2.5
143
0.03937007874016
147
0.625
171
     3
172
     1
271
     2
272
     2
274
     3
278
    44
283
     0
284
     8
340
11
  0
ENDTAB
  0
TABLE
  2
BLOCK_RECORD
  5
1
330
0
100
AcDbSymbolTable
 70
    12
  0
BLOCK_RECORD
  5
1F
102
{ACAD_XDICTIONARY
360
1CE
102
}
330
1
100
AcDbSymbolTableRecord
100
AcDbBlockTableRecord
  2
*Model_Space
340
22
 70
     0
280
     1
281
     0
  0
BLOCK_RECORD
  5
D2
102
{ACAD_XDICTIONARY
360
50E
102
}
330
1
100
AcDbSymbolTableRecord
100
AcDbBlockTableRecord
  2
*Paper_Space
340
D3
 70
     0
280
     1
281
     0
  0
BLOCK_RECORD
  5
D6
330
1
100
AcDbSymbolTableRecord
100
AcDbBlockTableRecord
  2
*Paper_Space0
340
D7
 70
     0
280
     1
281
     0
  0
BLOCK_RECORD
  5
2DE
330
1
100
AcDbSymbolTableRecord
100
AcDbBlockTableRecord
  2
Notbeleuchtung- Richtungspfeil nach unten
340
0
102
{BLKREFS
331
4EC
102
}
 70
     4
280
     1
281
     0
  0
BLOCK_RECORD
  5
2E6
330
1
100
AcDbSymbolTableRecord
100
AcDbBlockTableRecord
  2
Notbeleuchtung-Richtungspfeil nach links
340
0
102
{BLKREFS
331
4FD
331
4FE
331
4ED
102
}
 70
     4
280
     1
281
     0
  0
BLOCK_RECORD
  5
2EE
330
1
100
AcDbSymbolTableRecord
100
AcDbBlockTableRecord
  2
Notbeleuchtung-Richtungspfeil nach rechts
340
0
102
{BLKREFS
331
4EE
102
}
 70
     4
280
     1
281
     0
  0
BLOCK_RECORD
  5
2F6
330
1
100
AcDbSymbolTableRecord
100
AcDbBlockTableRecord
  2
Sicherheitsleuchte Aufheller
340
0
102
{BLKREFS
331
32C
102
}
 70
     4
280
     1
281
     0
  0
BLOCK_RECORD
  5
2FB
330
1
100
AcDbSymbolTableRecord
100
AcDbBlockTableRecord
  2
Notbeleuchtung- Antipanikleuchte
340
0
102
{BLKREFS
331
4F0
102
}
 70
     4
280
     1
281
     0
  0
BLOCK_RECORD
  5
32A
330
1
100
AcDbSymbolTableRecord
100
AcDbBlockTableRecord
  2
Aufheller Notbeleuchtung
340
0
310
28000000200000002000000001002000000000000010000001000000010000000000000000000000302821FF302821FF302821FF302821FF302821FF302821FF302821FF302821FF302821FF302821FF302821FF302821FF302821FF302821FF302821FF302821FF302821FF302821FF302821FF302821FF302821FF302821
310
FF302821FF302821FF302821FF302821FF302821FF302821FF302821FF302821FF302821FF302821FF302821FF302821FF302821FF302821FF302821FF302821FF302821FF302821FF302821FF302821FF302821FF302821FF302821FF302821FFFBFFFBFF00FF00FF00FF00FF00FF00FF302821FF302821FF302821FF3028
310
21FF302821FF302821FF302821FF302821FF302821FF302821FF302821FF302821FF302821FF302821FF302821FF302821FF302821FF302821FF302821FF302821FF302821FF302821FF302821FF302821FF00FF00FF00FF00FF00FF00FF00FF00FF00FF00FFFEFFFEFFFBFFFBFFF9FFF9FF00FF00FF00FF00FF00FF00FF30
310
2821FF302821FF302821FF302821FF302821FF302821FF302821FF302821FF302821FF302821FF302821FF302821FF302821FF302821FF302821FF302821FF302821FF302821FF302821FF00FF00FF00FF00FFCAFFCAFFDCFFDCFFEEFFEEFFF1FFF1FFF8FFF8FFFEFFFEFFFAFFFAFFF5FFF5FFF1FFF1FFE4FFE4FFD7FFD7FF
310
00FF00FF00FF00FFB4FFB4FF302821FF302821FF302821FF302821FF302821FF302821FF302821FF302821FF302821FF302821FF302821FF302821FF302821FF302821FF302821FF00FF00FFAEFFAEFFC0FFC0FFD2FFD2FFE4FFE4FFE8FFE8FFF0FFF0FFF7FFF7FFFEFFFEFFF9FFF9FFF4FFF4FFEEFFEEFFE9FFE9FFE4FFE4
310
FFD4FFD4FFC0FFC0FF00FF00FF00FF00FF302821FF302821FF302821FF302821FF302821FF302821FF302821FF302821FF302821FF302821FF302821FF302821FF302821FF00FF00FF94FF94FFA6FFA6FFB7FFB7FFC9FFC9FFDEFFDEFFEAFFEAFFF6FFF6FFFAFFFAFFFEFFFEFFF9FFF9FFF4FFF4FFF6FFF6FFEAFFEAFFDEFF
310
DEFFCCFFCCFFBAFFBAFFA7FFA7FF95FF95FF00FF00FF302821FF302821FF302821FF302821FF302821FF302821FF302821FF302821FF302821FF302821FF302821FF00FF00FF80FF80FF96FF96FFABFFABFFC1FFC1FFD6FFD6FFDFFFDFFFE9FFE9FFF4FFF4FFF9FFF9FFFEFFFEFFFBFFFBFFF7FFF7FFF4FFF4FFEAFFEAFFE0
310
FFE0FFD6FFD6FFC1FFC1FFABFFABFF96FF96FF80FF80FF00FF00FF302821FF302821FF302821FF302821FF302821FF302821FF302821FF302821FF302821FF00FF00FF68FF68FF7CFF7CFF90FF90FFA4FFA4FFB8FFB8FFCFFFCFFFDAFFDAFFE6FFE6FFF1FFF1FFF8FFF8FFFEFFFEFFFAFFFAFFF7FFF7FFF3FFF3FFE8FFE8FF
310
DEFFDEFFD3FFD3FFC0FFC0FFAEFFAEFF9BFF9BFF7DFF7DFF69FF69FF00FF00FF302821FF302821FF302821FF302821FF302821FF302821FF302821FF302821FF00FF00FF59FF59FF74FF74FF8FFF8FFFAAFFAAFFC5FFC5FFC9FFC9FFDDFFDDFFF0FFF0FFF5FFF5FFF9FFF9FFFEFFFEFFFAFFFAFFF6FFF6FFF2FFF2FFE5FFE5
310
FFD9FFD9FFCCFFCCFFBAFFBAFFA2FFA2FF8DFF8DFF6CFF6CFF55FF55FF00FF00FF302821FF302821FF302821FF302821FF302821FF302821FF302821FF00FF00FF44FF44FF5CFF5CFF74FF74FF8FFF8FFFA7FFA7FFC0FFC0FFCFFFCFFFDFFFDFFFEEFFEEFFF3FFF3FFF9FFF9FFFEFFFEFFFAFFFAFFF7FFF7FFF4FFF4FFF0FF
310
F0FFDBFFDBFFD3FFD3FFC5FFC5FFADFFADFF98FF98FF81FF81FF65FF65FF47FF47FF00FF00FF302821FF302821FF302821FF302821FF302821FF1CFF1CFF00FF00FF48FF48FF5EFF5EFF73FF73FF8DFF8DFFA6FFA6FFBEFFBEFFCEFFCEFFDDFFDDFFEDFFEDFFF3FFF3FFF8FFF8FFFEFFFEFFFAFFFAFFF6FFF6FFF2FFF2FFEE
310
FFEEFFDEFFDEFFCEFFCEFFBEFFBEFFA6FFA6FF8FFF8FFF76FF76FF60FF60FF49FF49FF33FF33FF00FF00FF302821FF302821FF302821FF302821FF00FF00FF2DFF2DFF44FF44FF5BFF5BFF6FFF6FFF87FF87FF9FFF9FFFB7FFB7FFC8FFC8FFDAFFDAFFEBFFEBFFF1FFF1FFF8FFF8FFFEFFFEFFFAFFFAFFF6FFF6FFF1FFF1FF
310
EEFFEEFFDDFFDDFFCFFFCFFFC0FFC0FFA7FFA7FF8BFF8BFF73FF73FF5DFF5DFF42FF42FF2DFF2DFF00FF00FF302821FF302821FF302821FF302821FF00FF00FF28FF28FF40FF40FF58FF58FF71FF71FF89FF89FFA1FFA1FFB9FFB9FFCAFFCAFFD8FFD8FFEAFFEAFFF1FFF1FFF8FFF8FFFEFFFEFFFAFFFAFFF6FFF6FFF1FFF1
310
FFEDFFEDFFDCFFDCFFCCFFCCFFBBFFBBFFA7FFA7FF92FF92FF7EFF7EFF6BFF6BFF4AFF4AFF29FF29FF00FF00FF302821FF302821FF302821FF302821FF00FF00FF24FF24FF40FF40FF5DFF5DFF6AFF6AFF83FF83FF9CFF9CFFB5FFB5FFC7FFC7FFD9FFD9FFEBFFEBFFF1FFF1FFF8FFF8FFFEFFFEFFFAFFFAFFF5FFF5FFF1FF
310
F1FFECFFECFFDBFFDBFFCAFFCAFFB8FFB8FFA5FFA5FF8FFF8FFF7BFF7BFF67FF67FF47FF47FF27FF27FF00FF00FF302821FF302821FF302821FF00FF00FF1BFF1BFF34FF34FF4EFF4EFF67FF67FF81FF81FF9AFF9AFFB4FFB4FFC2FFC2FFD0FFD0FFDDFFDDFFEBFFEBFFF1FFF1FFF8FFF8FFFEFFFEFFF9FFF9FFF5FFF5FFF0
310
FFF0FFEBFFEBFFD9FFD9FFC7FFC7FFB5FFB5FFB4FFB4FF88FF88FF72FF72FF5BFF5BFF45FF45FF2EFF2EFF00FF00FF01FF01FF302821FF302821FF00FF00FF1AFF1AFF34FF34FF4DFF4DFF66FF66FF80FF80FF99FF99FFB3FFB3FFC1FFC1FFCFFFCFFFDDFFDDFFEBFFEBFFF1FFF1FFF8FFF8FFFEFFFEFFFAFFFAFFF5FFF5FF
310
F1FFF1FFECFFECFFDAFFDAFFD0FFD0FFC2FFC2FFB4FFB4FF9AFF9AFF81FF81FF67FF67FF4EFF4EFF34FF34FF1BFF1BFF00FF00FF302821FF302821FF00FF00FF1AFF1AFF33FF33FF4DFF4DFF67FF67FF81FF81FF9AFF9AFFB4FFB4FFC2FFC2FFD0FFD0FFDAFFDAFFECFFECFFF1FFF1FFF5FFF5FFFAFFFAFFFEFFFEFFF8FFF8
310
FFF1FFF1FFEBFFEBFFDDFFDDFFD0FFD0FFC1FFC1FFB3FFB3FF99FF99FF80FF80FF66FF66FF4DFF4DFF33FF33FF1AFF1AFF00FF00FF302821FF302821FF00FF00FF18FF18FF2EFF2EFF45FF45FF5BFF5BFF72FF72FF88FF88FFB4FFB4FFB5FFB5FFC7FFC7FFD9FFD9FFEBFFEBFFF1FFF1FFF8FFF8FFFEFFFEFFF9FFF9FFF5FF
310
F5FFF1FFF1FFEBFFEBFFDDFFDDFFD0FFD0FFC2FFC2FFB4FFB4FF9AFF9AFF81FF81FF67FF67FF4DFF4DFF34FF34FF1AFF1AFF00FF00FF302821FF302821FF302821FF00FF00FF26FF26FF46FF46FF67FF67FF7BFF7BFF8FFF8FFFA2FFA2FFB6FFB6FFC9FFC9FFDAFFDAFFECFFECFFF1FFF1FFF6FFF6FFFEFFFEFFFAFFFAFFF5
310
FFF5FFF1FFF1FFECFFECFFDAFFDAFFC7FFC7FFB6FFB6FF9DFF9DFF84FF84FF6BFF6BFF52FF52FF39FF39FF20FF20FF00FF00FF302821FF302821FF302821FF302821FF00FF00FF29FF29FF42FF42FF58FF58FF71FF71FF94FF94FFA6FFA6FFB9FFB9FFCAFFCAFFDCFFDCFFEDFFEDFFF3FFF3FFF8FFF8FFFEFFFEFFFAFFFAFF
310
F5FFF5FFF1FFF1FFEDFFEDFFDCFFDCFFCAFFCAFFB9FFB9FFA1FFA1FF89FF89FF71FF71FF58FF58FF40FF40FF28FF28FF00FF00FF302821FF302821FF302821FF302821FF00FF00FF2DFF2DFF48FF48FF5DFF5DFF73FF73FF8BFF8BFFA4FFA4FFBCFFBCFFCDFFCDFFDDFFDDFFEEFFEEFFF3FFF3FFF6FFF6FFFAFFFAFFFEFFFE
310
FFF8FFF8FFF1FFF1FFECFFECFFDCFFDCFFCCFFCCFFBCFFBCFF9FFF9FFF87FF87FF6FFF6FFF5BFF5BFF44FF44FF2DFF2DFF00FF00FF302821FF302821FF302821FF302821FF1CFF1CFF00FF00FF49FF49FF60FF60FF76FF76FF8FFF8FFFA6FFA6FFBEFFBEFFCEFFCEFFDBFFDBFFE6FFE6FFF1FFF1FFF5FFF5FFFAFFFAFFFEFF
310
FEFFF8FFF8FFF3FFF3FFEDFFEDFFDEFFDEFFCBFFCBFFBBFFBBFFA3FFA3FF8BFF8BFF74FF74FF60FF60FF49FF49FF33FF33FF00FF00FF302821FF302821FF302821FF302821FF302821FF00FF00FF48FF48FF63FF63FF81FF81FF97FF97FFADFFADFFC6FFC6FFD1FFD1FFDCFFDCFFE6FFE6FFF1FFF1FFF9FFF9FFFEFFFEFFFA
310
FFFAFFF6FFF6FFF2FFF2FFEEFFEEFFE0FFE0FFD2FFD2FFC3FFC3FFACFFACFF94FF94FF7DFF7DFF63FF63FF48FF48FF00FF00FF302821FF302821FF302821FF302821FF302821FF302821FF302821FF00FF00FF59FF59FF74FF74FF90FF90FFA4FFA4FFBAFFBAFFCCFFCCFFD9FFD9FFE5FFE5FFF2FFF2FFF8FFF8FFFAFFFAFF
310
FEFFFEFFF9FFF9FFF4FFF4FFF0FFF0FFD6FFD6FFD3FFD3FFC5FFC5FFAAFFAAFF8FFF8FFF74FF74FF59FF59FF00FF00FF302821FF302821FF302821FF302821FF302821FF302821FF302821FF302821FF00FF00FF6CFF6CFF83FF83FF9BFF9BFFA9FFA9FFBEFFBEFFD3FFD3FFDEFFDEFFE8FFE8FFF3FFF3FFF9FFF9FFFEFFFE
310
FFFAFFFAFFF5FFF5FFF1FFF1FFE6FFE6FFDBFFDBFFCCFFCCFFB9FFB9FFA5FFA5FF90FF90FF7CFF7CFF68FF68FF00FF00FF302821FF302821FF302821FF302821FF302821FF302821FF302821FF302821FF302821FF00FF00FF80FF80FF96FF96FFADFFADFFC1FFC1FFD6FFD6FFE0FFE0FFEAFFEAFFF6FFF6FFF7FFF7FFFEFF
310
FEFFFBFFFBFFF8FFF8FFF4FFF4FFEAFFEAFFE0FFE0FFD6FFD6FFBEFFBEFFA9FFA9FF95FF95FF80FF80FF00FF00FF302821FF302821FF302821FF302821FF302821FF302821FF302821FF302821FF302821FF302821FF302821FF00FF00FF95FF95FFA7FFA7FFBDFFBDFFCEFFCEFFDEFFDEFFEDFFEDFFF1FFF1FFF8FFF8FFFE
310
FFFEFFFBFFFBFFF9FFF9FFF6FFF6FFE6FFE6FFDEFFDEFFCBFFCBFFBBFFBBFFA6FFA6FF94FF94FF00FF00FF302821FF302821FF302821FF302821FF302821FF302821FF302821FF302821FF302821FF302821FF302821FF302821FF302821FF00FF00FFABFFABFFBAFFBAFFCAFFCAFFD9FFD9FFE8FFE8FFEFFFEFFFF6FFF6FF
310
FAFFFAFFFEFFFEFFF7FFF7FFF0FFF0FFE8FFE8FFE1FFE1FFD0FFD0FFBFFFBFFF00FF00FF00FF00FF302821FF302821FF302821FF302821FF302821FF302821FF302821FF302821FF302821FF302821FF302821FF302821FF302821FF302821FF302821FF00FF00FF00FF00FFCAFFCAFFD7FFD7FFE8FFE8FFF1FFF1FFFAFFFA
310
FFFEFFFEFFFAFFFAFFF8FFF8FFF1FFF1FFE4FFE4FF00FF00FF00FF00FF00FF00FFB4FFB4FF302821FF302821FF302821FF302821FF302821FF302821FF302821FF302821FF302821FF302821FF302821FF302821FF302821FF302821FF302821FF302821FF302821FF302821FF00FF00FF00FF00FF00FF00FF00FF00FF00FF
310
00FFFEFFFEFFFAFFFAFFF6FFF6FF00FF00FF00FF00FFDEFFDEFF302821FF302821FF302821FF302821FF302821FF302821FF302821FF302821FF302821FF302821FF302821FF302821FF302821FF302821FF302821FF302821FF302821FF302821FF302821FF302821FF302821FF302821FF302821FF302821FF302821FF30
310
2821FF00FF00FF00FF00FF00FF00FF302821FF302821FF302821FF302821FF302821FF302821FF302821FF302821FF302821FF302821FF302821FF302821FF302821FF302821FF302821FF302821FF302821FF302821FF302821FF302821FF302821FF302821FF302821FF302821FF302821FF302821FF302821FF302821FF
310
302821FF302821FF302821FF302821FF302821FF302821FF302821FF302821FF302821FF302821FF302821FF302821FF302821FF302821FF302821FF302821FF302821FF302821FF
102
{BLKREFS
331
4FC
102
}
 70
     4
280
     1
281
     0
  0
BLOCK_RECORD
  5
32E
330
1
100
AcDbSymbolTableRecord
100
AcDbBlockTableRecord
  2
Gruppenbatterie
340
0
310
28000000200000002000000001002000000000000010000001000000010000000000000000000000302821FF302821FF302821FF302821FF302821FF302821FF302821FF302821FF302821FF302821FF302821FF302821FF302821FF302821FF302821FF302821FF302821FF302821FF302821FF302821FF302821FF302821
310
FF302821FF302821FF302821FF302821FF302821FF302821FF302821FF302821FF302821FF302821FF302821FF302821FF302821FF302821FF302821FF302821FF302821FF302821FF302821FF302821FF302821FF302821FF302821FF302821FF302821FF302821FF302821FF302821FF302821FF302821FF302821FF3028
310
21FF302821FF302821FF302821FF302821FF302821FF302821FF302821FF302821FF302821FF302821FF302821FF302821FF302821FF302821FF302821FF302821FF302821FF302821FF302821FF302821FF302821FF302821FF302821FF302821FF302821FF302821FF302821FF302821FF302821FF302821FF302821FF30
310
2821FF302821FF302821FF302821FF302821FF302821FF302821FF302821FF302821FF302821FF302821FF302821FF302821FF302821FF302821FF302821FF302821FF302821FF302821FF302821FF302821FF302821FF302821FF302821FF302821FF302821FF302821FF302821FF302821FF302821FF302821FF302821FF
310
302821FF302821FF302821FF302821FF302821FF302821FF302821FF302821FF302821FF302821FF302821FF302821FF302821FF302821FF302821FF302821FF302821FF302821FF302821FF302821FF302821FF302821FF302821FF302821FF302821FF302821FF302821FF302821FF302821FF302821FF302821FF302821
310
FF302821FF302821FF302821FF302821FF302821FF302821FF302821FF302821FF302821FF302821FF302821FF302821FF302821FF302821FF302821FF302821FF302821FF302821FF302821FF302821FF302821FF302821FF302821FF302821FF302821FF302821FF302821FF302821FF302821FF302821FF302821FF3028
310
21FF302821FF302821FF302821FF302821FF302821FF302821FF302821FF302821FF302821FF302821FF302821FF302821FF302821FF302821FF302821FF302821FF302821FF302821FF302821FF302821FF302821FF302821FF302821FF302821FF302821FF302821FF302821FF302821FF302821FF302821FF302821FF30
310
2821FF302821FF302821FF302821FF302821FF302821FF302821FF302821FF302821FF302821FF302821FF302821FF302821FF302821FF302821FF302821FF302821FF302821FF302821FF302821FF302821FF302821FF302821FF302821FF302821FF302821FF302821FF302821FF302821FF302821FF302821FF302821FF
310
302821FF302821FF302821FF302821FF302821FF302821FF302821FF302821FF302821FF302821FF302821FF302821FF302821FFFFFFFFFFFFFFFFFFFFFFFFFFFFFFFFFFFFFFFFFFFFFFFFFFFFFFFFFFFFFFFFFFFFFFFFFFFFFFFFFFFFFFFFFFFFFFFFFFFFFFFFFFFFFFFFFFFFFFFFFFFFFFFFFFFFFFFFFFFFFFFFFFFFFFFF
310
FFFFFFFFFFFFFFFFFFFFFFFFFFFFFFFFFFFFFFFFFFFFFFFFFFFFFFFFFFFFFFFFFFFFFFFFFFFFFFFFFFFFFFFFFF302821FF302821FFFFFFFFFFFFFFFFFFFFFFFFFFFFFFFFFFFFFFFFFFFFFFFFFFFFFFFFFFFFFFFFFFFFFFFFFFFFFFFFFFFFFFFFFFFFFFFFFFFFFFFFFFFFFFFFFFFFFFFFFFFFFFFFFFFFFFFFFFFFFFFFFFFFFF
310
FFFFFFFFFFFFFFFFFFFFFFFFFFFFFFFFFFFFFFFFFFFFFFFFFFFFFFFFFFFFFFFFFFFFFFFFFFFFFFFFFFFFFFFFFFFF302821FF302821FFFFFFFFFF00FF00FF00FF00FFFFFFFFFFFFFFFFFFFFFFFFFFFFFFFFFFFFFFFFFFFFFFFFFFFFFFFFFFFFFFFFFFFFFFFFFFFFFFFFFFFFFFFFFFFFFFFFFFFFFFFFFFFFFFFFFFFFFFFFFFFF
310
FFFFFFFFFFFFFFFFFFFFFFFFFFFFFFFFFFFFFFFFFFFFFFFFFFFFFFFFFFFFFFFFFFFFFFFFFFFFFFFFFFFFFFFFFFFFFF302821FF302821FFFFFFFFFF00FF00FF00FF00FF00FF00FF00FF00FFFFFFFFFFFFFFFFFFFFFFFFFFFFFFFFFFFFFFFFFFFFFFFFFFFFFFFFFFFFFFFFFFFFFFFFFFFFFFFFFFFFFFFFFFFFFFFFFFFFFFFFFF
310
FFFFFFFFFFFFFFFFFFFFFFFFFFFFFFFFFFFFFFFFFFFFFFFFFFFFFFFFFFFFFFFFFFFFFFFFFFFFFFFFFFFFFFFFFFFFFFFF302821FF302821FFFFFFFFFF00FF00FF00FF00FF00FF00FF00FF00FF00FF00FF00FF00FFFFFFFFFFFFFFFFFFFFFFFFFFFFFFFFFFFFFFFFFFFFFFFFFFFFFFFFFFFFFFFFFFFFFFFFFFFFFFFFFFFFFFFF
310
FFFFFFFFFFFFFFFFFFFFFFFFFFFFFFFFFFFFFFFFFFFFFFFFFFFFFFFFFFFFFFFFFFFFFFFFFFFFFFFFFFFFFFFFFFFFFFFFFF302821FF302821FFFFFFFFFF00FF00FF00FF00FF00FF00FF00FF00FF00FF00FF00FF00FF00FF00FF00FF00FFFFFFFFFFFFFFFFFFFFFFFFFFFFFFFFFFFFFFFFFFFFFFFFFFFFFFFFFFFFFFFFFFFFFF
310
FFFFFFFFFFFFFFFFFFFFFFFFFFFFFFFFFFFFFFFFFFFFFFFFFFFFFFFFFFFFFFFFFFFFFFFFFFFFFFFFFFFFFFFFFFFFFFFFFFFF302821FF302821FFFFFFFFFF00FF00FF00FF00FF00FF00FF00FF00FF00FF00FF00FF00FF00FF00FF00FF00FF00FF00FF00FF00FFFFFFFFFFFFFFFFFFFFFFFFFFFFFFFFFFFFFFFFFFFFFFFFFFFF
310
FFFFFFFFFFFFFFFFFFFFFFFFFFFFFFFFFFFFFFFFFFFFFFFFFFFFFFFFFFFFFFFFFFFFFFFFFFFFFFFFFFFFFFFFFFFFFFFFFFFFFF302821FF302821FFFFFFFFFF00FF00FF00FF00FF00FF00FF00FF00FF00FF00FF00FF00FF00FF00FF00FF00FF00FF00FF00FF00FF00FF00FF00FF00FFFFFFFFFFFFFFFFFFFFFFFFFFFFFFFFFF
310
FFFFFFFFFFFFFFFFFFFFFFFFFFFFFFFFFFFFFFFFFFFFFFFFFFFFFFFFFFFFFFFFFFFFFFFFFFFFFFFFFFFFFFFFFFFFFFFFFFFFFFFF302821FF302821FFFFFFFFFF00FF00FF00FF00FF00FF00FF00FF00FF00FF00FF00FF00FF00FF00FF00FF00FF00FF00FF00FF00FF00FF00FF00FF00FF00FF00FF00FF00FFFFFFFFFFFFFFFF
310
FFFFFFFFFFFFFFFFFFFFFFFFFFFFFFFFFFFFFFFFFFFFFFFFFFFFFFFFFFFFFFFFFFFFFFFFFFFFFFFFFFFFFFFFFFFFFFFFFFFFFFFFFF302821FF302821FFFFFFFFFF00FF00FF00FF00FF00FF00FF00FF00FF00FF00FF00FF00FF00FF00FF00FF00FF00FF00FF00FF00FF00FF00FF00FF00FF00FF00FF00FF00FF00FF00FF00FF
310
00FFFFFFFFFFFFFFFFFFFFFFFFFFFFFFFFFFFFFFFFFFFFFFFFFFFFFFFFFFFFFFFFFFFFFFFFFFFFFFFFFFFFFFFFFFFFFFFFFFFFFFFFFF302821FF302821FFFFFFFFFF00FF00FF00FF00FF00FF00FF00FF00FF00FF00FF00FF00FF00FF00FF00FF00FF00FF00FF00FF00FF00FF00FF00FF00FF00FF00FF00FF00FF00FF00FF00
310
FF00FF00FF00FF00FF00FFFFFFFFFFFFFFFFFFFFFFFFFFFFFFFFFFFFFFFFFFFFFFFFFFFFFFFFFFFFFFFFFFFFFFFFFFFFFFFFFFFFFFFFFF302821FF302821FFFFFFFFFF00FF00FF00FF00FF00FF00FF00FF00FF00FF00FF00FF00FF00FF00FF00FF00FF00FF00FF00FF00FF00FF00FF00FF00FF00FF00FF00FF00FF00FF00FF
310
00FF00FF00FF00FF00FF00FF00FF00FF00FF00FFFFFFFFFFFFFFFFFFFFFFFFFFFFFFFFFFFFFFFFFFFFFFFFFFFFFFFFFFFFFFFFFFFFFFFFFF302821FF302821FFFFFFFFFF00FF00FF00FF00FF00FF00FF00FF00FF00FF00FF00FF00FF00FF00FF00FF00FF00FF00FF00FF00FF00FF00FF00FF00FF00FF00FF00FF00FF00FF00
310
FF00FF00FF00FF00FF00FF00FF00FF00FF00FF00FF00FF00FF00FF00FFFFFFFFFFFFFFFFFFFFFFFFFFFFFFFFFFFFFFFFFFFFFFFFFFFFFFFFFF302821FF302821FFFFFFFFFF00FF00FF00FF00FF00FF00FF00FF00FF00FF00FF00FF00FF00FF00FF00FF00FF00FF00FF00FF00FF00FF00FF00FF00FF00FF00FF00FF00FF00FF
310
00FF00FF00FF00FF00FF00FF00FF00FF00FF00FF00FF00FF00FF00FF00FF00FF00FF00FF00FFFFFFFFFFFFFFFFFFFFFFFFFFFFFFFFFFFFFFFFFF302821FF302821FFFFFFFFFF00FF00FF00FF00FF00FF00FF00FF00FF00FF00FF00FF00FF00FF00FF00FF00FF00FF00FF00FF00FF00FF00FF00FF00FF00FF00FF00FF00FF00
310
FF00FF00FF00FF00FF00FF00FF00FF00FF00FF00FF00FF00FF00FF00FF00FF00FF00FF00FF00FF00FF00FF00FF00FFFFFFFFFFFFFFFFFFFFFFFFFF302821FF302821FFFFFFFFFFFFFFFFFFFFFFFFFFFFFFFFFFFFFFFFFFFFFFFFFFFFFFFFFFFFFFFFFFFFFFFFFFFFFFFFFFFFFFFFFFFFFFFFFFFFFFFFFFFFFFFFFFFFFFFFFF
310
FFFFFFFFFFFFFFFFFFFFFFFFFFFFFFFFFFFFFFFFFFFFFFFFFFFFFFFFFFFFFFFFFFFFFFFFFFFFFFFFFFFFFFFFFFFFFFFFFFFFFFFFFFFFFFFFFFFFFFFF302821FF302821FF302821FF302821FF302821FF302821FF302821FF302821FF302821FF302821FF302821FF302821FF302821FF302821FF302821FF302821FF302821
310
FF302821FF302821FF302821FF302821FF302821FF302821FF302821FF302821FF302821FF302821FF302821FF302821FF302821FF302821FF302821FF302821FF302821FF302821FF302821FF302821FF302821FF302821FF302821FF302821FF302821FF302821FF302821FF302821FF302821FF302821FF302821FF3028
310
21FF302821FF302821FF302821FF302821FF302821FF302821FF302821FF302821FF302821FF302821FF302821FF302821FF302821FF302821FF302821FF302821FF302821FF302821FF302821FF302821FF302821FF302821FF302821FF302821FF302821FF302821FF302821FF302821FF302821FF302821FF302821FF30
310
2821FF302821FF302821FF302821FF302821FF302821FF302821FF302821FF302821FF302821FF302821FF302821FF302821FF302821FF302821FF302821FF302821FF302821FF302821FF302821FF302821FF302821FF302821FF302821FF302821FF302821FF302821FF302821FF302821FF302821FF302821FF302821FF
310
302821FF302821FF302821FF302821FF302821FF302821FF302821FF302821FF302821FF302821FF302821FF302821FF302821FF302821FF302821FF302821FF302821FF302821FF302821FF302821FF302821FF302821FF302821FF302821FF302821FF302821FF302821FF302821FF302821FF302821FF302821FF302821
310
FF302821FF302821FF302821FF302821FF302821FF302821FF302821FF302821FF302821FF302821FF302821FF302821FF302821FF302821FF302821FF302821FF302821FF302821FF302821FF302821FF302821FF302821FF302821FF302821FF302821FF302821FF302821FF302821FF302821FF302821FF302821FF3028
310
21FF302821FF302821FF302821FF302821FF302821FF302821FF302821FF302821FF302821FF302821FF302821FF302821FF302821FF302821FF302821FF302821FF302821FF302821FF302821FF302821FF302821FF302821FF302821FF302821FF302821FF302821FF302821FF302821FF302821FF302821FF302821FF30
310
2821FF302821FF302821FF302821FF302821FF302821FF302821FF302821FF302821FF302821FF302821FF302821FF302821FF302821FF302821FF302821FF302821FF302821FF302821FF302821FF302821FF302821FF302821FF302821FF302821FF302821FF302821FF302821FF302821FF302821FF302821FF302821FF
310
302821FF302821FF302821FF302821FF302821FF302821FF302821FF302821FF302821FF302821FF302821FF302821FF302821FF302821FF302821FF302821FF302821FF302821FF
 70
     4
280
     1
281
     0
  0
BLOCK_RECORD
  5
42C
330
1
100
AcDbSymbolTableRecord
100
AcDbBlockTableRecord
  2
Spot Notbeleuchtung
340
0
102
{BLKREFS
331
506
102
}
 70
     0
280
     1
281
     0
  0
BLOCK_RECORD
  5
53D
330
1
100
AcDbSymbolTableRecord
100
AcDbBlockTableRecord
  2
Gruppenbatterie-Verteiler
340
0
310
28000000200000002000000001002000000000000010000001000000010000000000000000000000FFFFFFFFFFFFFFFFFFFFFFFFFFFFFFFFFFFFFFFFFFFFFFFFFFFFFFFFFFFFFFFFFFFFFFFFFFFFFFFFFFFFFFFFFFFFFFFFFFFFFFFFFFFFFFFFFFFFFFFFFFFFFFFFFFFFFFFFFFFFFFFFFFFFFFFFFFFFFFFFFFFFFFFFFFFFFF
310
FFFFFFFFFFFFFFFFFFFFFFFFFFFFFFFFFFFFFFFFFFFFFFFFFFFFFFFFFFFFFFFFFFFFFFFFFFFFFFFFFFFFFFFFFFFFFFFFFFFFFFFFFFFFFFFFFFFFFFFFFFFFFFFFFFFFFFFFFFFFFFFFFFFFFFFFFFFFFFFFFFFFFFFFFFFFFFFFFFFFFFFFFFFFFFFFFFFFFFFFFFFFFFFFFFFFFFFFFFFFFFFFFFFFFFFFFFFFFFFFFFFFFFFFFFFFFF
310
FFFFFFFFFFFFFFFFFFFFFFFFFFFFFFFFFFFFFFFFFFFFFFFFFFFFFFFFFFFFFFFFFFFFFFFFFFFFFFFFFFFFFFFFFFFFFFFFFFFFFFFFFFFFFFFFFFFFFFFFFFFFFFFFFFFFFFFFFFFFFFFFFFFFFFFFFFFFFFFFFFFFFFFFFFFFFFFFFFFFFFFFFFFFFFFFFFFFFFFFFFFFFFFFFFFFFFFFFFFFFFFFFFFFFFFFFFFFFFFFFFFFFFFFFFFFFF
310
FFFFFFFFFFFFFFFFFFFFFFFFFFFFFFFFFFFFFFFFFFFFFFFFFFFFFFFFFFFFFFFFFFFFFFFFFFFFFFFFFFFFFFFFFFFFFFFFFFFFFFFFFFFFFFFFFFFFFFFFFFFFFFFFFFFFFFFFFFFFFFFFFFFFFFFFFFFFFFFFFFFFFFFFFFFFFFFFFFFFFFFFFFFFFFFFFFFFFFFFFFFFFFFFFFFFFFFFFFFFFFFFFFFFFFFFFFFFFFFFFFFFFFFFFFFFFF
310
FFFFFFFFFFFFFFFFFFFFFFFFFFFFFFFFFFFFFFFFFFFFFFFFFFFFFFFFFFFFFFFFFFFFFFFFFFFFFFFFFFFFFFFFFFFFFFFFFFFFFFFFFFFFFFFFFFFFFFFFFFFFFFFFFFFFFFFFFFFFFFFFFFFFFFFFFFFFFFFFFFFFFFFFFFFFFFFFFFFFFFFFFFFFFFFFFFFFFFFFFFFFFFFFFFFFFFFFFFFFFFFFFFFFFFFFFFFFFFFFFFFFFFFFFFFFFF
310
FFFFFFFFFFFFFFFFFFFFFFFFFFFFFFFFFFFFFFFFFFFFFFFFFFFFFFFFFFFFFFFFFFFFFFFFFFFFFFFFFFFFFFFFFFFFFFFFFFFFFFFFFFFFFFFFFFFFFFFFFFFFFFFFFFFFFFFFFFFFFFFFFFFFFFFFFFFFFFFFFFFFFFFFFFFFFFFFFFFFFFFFFFFFFFFFFFFFFFFFFFFFFFFFFFFFFFFFFFFFFFFFFFFFFFFFFFFFFFFFFFFFFFFFFFFFFF
310
FFFFFFFFFFFFFFFFFFFFFFFFFFFFFFFFFFFFFFFFFFFFFFFFFFFFFFFFFFFFFFFFFFFFFFFFFFFFFFFFFFFFFFFFFFFFFFFFFFFFFFFFFFFFFFFFFFFFFFFFFFFFFFFFFFFFFFFFFFFFFFFFFFFFFFFFFFFFFFFFFFFFFFFFFFFFFFFFFFFFFFFFFFFFFFFFFFFFFFFFFFFFFFFFFFFFFFFFFFFFFFFFFFFFFFFFFFFFFFFFFFFFFFFFFFFFFF
310
FFFFFFFFFFFFFFFFFFFFFFFFFFFFFFFFFFFFFFFFFFFFFFFFFFFFFFFFFFFFFFFFFFFFFFFFFFFFFFFFFFFFFFFFFFFFFFFFFFFFFFFFFFFFFFFFFFFFFFFFFFFFFFFFFFFFFFFFFFFFFFFFFFFFFFFFFFFFFFFFFFFFFFFFFFFFFFFFFFFFFFFFFFFFFFFFFFFFFFFFFFFFFFFFFFFFFFFFFFFFFFFFFFFFFFFFFFFFFFFFFFFFFFFFFFFFFF
310
FFFFFFFFFFFFFFFFFFFFFFFFFFFFFFFFFFFFFFFFFFFFFFFFFFFFFFFFFFFFFFFFFFFFFFFFFFFFFFFFFFFFFFFFFFFFFFFFFFFFFFFF000000FF000000FF000000FF000000FF000000FF000000FF000000FF000000FF000000FF000000FF000000FF000000FF000000FF000000FF000000FF000000FF000000FF000000FF000000
310
FF000000FF000000FF000000FF000000FF000000FF000000FF000000FF000000FF000000FF000000FF000000FFFFFFFFFFFFFFFFFF000000FF000000FF000000FFFFFFFFFFFFFFFFFFFFFFFFFFFFFFFFFFFFFFFFFFFFFFFFFFFFFFFFFFFFFFFFFFFFFFFFFFFFFFFFFFFFFFFFFFFFFFFFFFFFFFFFFFFFFFFFFFFFFFFFFFFFFF
310
FFFFFFFFFFFFFFFFFFFFFFFFFFFFFFFFFFFFFFFFFFFFFFFFFFFFFFFFFFFFFFFFFFFFFFFFFFFFFFFFFFFF000000FFFFFFFFFFFFFFFFFF000000FF00FF00FF00FF00FF000000FF000000FFFFFFFFFFFFFFFFFFFFFFFFFFFFFFFFFFFFFFFFFFFFFFFFFFFFFFFFFFFFFFFFFFFFFFFFFFFFFFFFFFFFFFFFFFFFFFFFFFFFFFFFFFFF
310
FFFFFFFFFFFFFFFFFFFFFFFFFFFFFFFFFFFFFFFFFFFFFFFFFFFFFFFFFFFFFFFFFFFFFFFFFFFFFFFFFFFFFF000000FFFFFFFFFFFFFFFFFF000000FF00FF00FF00FF00FF00FF00FF00FF00FF000000FF000000FFFFFFFFFFFFFFFFFFFFFFFFFFFFFFFFFFFFFFFFFFFFFFFFFFFFFFFFFFFFFFFFFFFFFFFFFFFFFFFFFFFFFFFFFF
310
FFFFFFFFFFFFFFFFFFFFFFFFFFFFFFFFFFFFFFFFFFFFFFFFFFFFFFFFFFFFFFFFFFFFFFFFFFFFFFFFFFFFFFFF000000FFFFFFFFFFFFFFFFFF000000FF00FF00FF00FF00FF00FF00FF00FF00FF00FF00FF00FF00FF000000FF000000FFFFFFFFFFFFFFFFFFFFFFFFFFFFFFFFFFFFFFFFFFFFFFFFFFFFFFFFFFFFFFFFFFFFFFFF
310
FFFFFFFFFFFFFFFFFFFFFFFFFFFFFFFFFFFFFFFFFFFFFFFFFFFFFFFFFFFFFFFFFFFFFFFFFFFFFFFFFFFFFFFFFF000000FFFFFFFFFFFFFFFFFF000000FF00FF00FF00FF00FF00FF00FF00FF00FF00FF00FF00FF00FF00FF00FF00FF00FF000000FF000000FFFFFFFFFFFFFFFFFFFFFFFFFFFFFFFFFFFFFFFFFFFFFFFFFFFFFF
310
FFFFFFFFFFFFFFFFFFFFFFFFFFFFFFFFFFFFFFFFFFFFFFFFFFFFFFFFFFFFFFFFFFFFFFFFFFFFFFFFFFFFFFFFFFFF000000FFFFFFFFFFFFFFFFFF000000FF00FF00FF00FF00FF00FF00FF00FF00FF00FF00FF00FF00FF00FF00FF00FF00FF00FF00FF00FF00FF000000FF000000FFFFFFFFFFFFFFFFFFFFFFFFFFFFFFFFFFFF
310
FFFFFFFFFFFFFFFFFFFFFFFFFFFFFFFFFFFFFFFFFFFFFFFFFFFFFFFFFFFFFFFFFFFFFFFFFFFFFFFFFFFFFFFFFFFFFF000000FFFFFFFFFFFFFFFFFF000000FF00FF00FF00FF00FF00FF00FF00FF00FF00FF00FF00FF00FF00FF00FF00FF00FF00FF00FF00FF00FF00FF00FF00FF00FF000000FF000000FFFFFFFFFFFFFFFFFF
310
FFFFFFFFFFFFFFFFFFFFFFFFFFFFFFFFFFFFFFFFFFFFFFFFFFFFFFFFFFFFFFFFFFFFFFFFFFFFFFFFFFFFFFFFFFFFFFFF000000FFFFFFFFFFFFFFFFFF000000FF00FF00FF00FF00FF00FF00FF00FF00FF00FF00FF00FF00FF00FF00FF00FF00FF00FF00FF00FF00FF00FF00FF00FF00FF00FF00FF00FF00FF000000FF000000
310
FFFFFFFFFFFFFFFFFFFFFFFFFFFFFFFFFFFFFFFFFFFFFFFFFFFFFFFFFFFFFFFFFFFFFFFFFFFFFFFFFFFFFFFFFFFFFFFFFF000000FFFFFFFFFFFFFFFFFF000000FF00FF00FF00FF00FF00FF00FF00FF00FF00FF00FF00FF00FF00FF00FF00FF00FF00FF00FF00FF00FF00FF00FF00FF00FF00FF00FF00FF00FF00FF00FF00FF
310
00FF000000FF000000FFFFFFFFFFFFFFFFFFFFFFFFFFFFFFFFFFFFFFFFFFFFFFFFFFFFFFFFFFFFFFFFFFFFFFFFFFFFFFFFFF000000FFFFFFFFFFFFFFFFFF000000FF00FF00FF00FF00FF00FF00FF00FF00FF00FF00FF00FF00FF00FF00FF00FF00FF00FF00FF00FF00FF00FF00FF00FF00FF00FF00FF00FF00FF00FF00FF00
310
FF00FF00FF00FF00FF00FF000000FF000000FFFFFFFFFFFFFFFFFFFFFFFFFFFFFFFFFFFFFFFFFFFFFFFFFFFFFFFFFFFFFFFFFF000000FFFFFFFFFFFFFFFFFF000000FF00FF00FF00FF00FF00FF00FF00FF00FF00FF00FF00FF00FF00FF00FF00FF00FF00FF00FF00FF00FF00FF00FF00FF00FF00FF00FF00FF00FF00FF00FF
310
00FF00FF00FF00FF00FF00FF00FF00FF00FF00FF000000FF000000FFFFFFFFFFFFFFFFFFFFFFFFFFFFFFFFFFFFFFFFFFFFFFFFFF000000FFFFFFFFFFFFFFFFFF000000FF00FF00FF00FF00FF00FF00FF00FF00FF00FF00FF00FF00FF00FF00FF00FF00FF00FF00FF00FF00FF00FF00FF00FF00FF00FF00FF00FF00FF00FF00
310
FF00FF00FF00FF00FF00FF00FF00FF00FF00FF00FF00FF00FF00FF00FF000000FF000000FFFFFFFFFFFFFFFFFFFFFFFFFFFFFFFFFF000000FFFFFFFFFFFFFFFFFF000000FF00FF00FF00FF00FF00FF00FF00FF00FF00FF00FF00FF00FF00FF00FF00FF00FF00FF00FF00FF00FF00FF00FF00FF00FF00FF00FF00FF00FF00FF
310
00FF00FF00FF00FF00FF00FF00FF00FF00FF00FF00FF00FF00FF00FF00FF00FF00FF00FF00FF000000FF000000FFFFFFFFFFFFFFFFFF000000FFFFFFFFFFFFFFFFFF000000FF00FF00FF00FF00FF00FF00FF00FF00FF00FF00FF00FF00FF00FF00FF00FF00FF00FF00FF00FF00FF00FF00FF00FF00FF00FF00FF00FF00FF00
310
FF00FF00FF00FF00FF00FF00FF00FF00FF00FF00FF00FF00FF00FF00FF00FF00FF00FF00FF00FF00FF00FF00FF00FF000000FF000000FF000000FFFFFFFFFFFFFFFFFF000000FF000000FF000000FF000000FF000000FF000000FF000000FF000000FF000000FF000000FF000000FF000000FF000000FF000000FF000000FF
310
000000FF000000FF000000FF000000FF000000FF000000FF000000FF000000FF000000FF000000FF000000FF000000FF000000FF000000FF000000FFFFFFFFFFFFFFFFFFFFFFFFFFFFFFFFFFFFFFFFFFFFFFFFFFFFFFFFFFFFFFFFFFFFFFFFFFFFFFFFFFFFFFFFFFFFFFFFFFFFFFFFFFFFFFFFFFFFFFFFFFFFFFFFFFFFFFFF
310
FFFFFFFFFFFFFFFFFFFFFFFFFFFFFFFFFFFFFFFFFFFFFFFFFFFFFFFFFFFFFFFFFFFFFFFFFFFFFFFFFFFFFFFFFFFFFFFFFFFFFFFFFFFFFFFFFFFFFFFFFFFFFFFFFFFFFFFFFFFFFFFFFFFFFFFFFFFFFFFFFFFFFFFFFFFFFFFFFFFFFFFFFFFFFFFFFFFFFFFFFFFFFFFFFFFFFFFFFFFFFFFFFFFFFFFFFFFFFFFFFFFFFFFFFFFFFF
310
FFFFFFFFFFFFFFFFFFFFFFFFFFFFFFFFFFFFFFFFFFFFFFFFFFFFFFFFFFFFFFFFFFFFFFFFFFFFFFFFFFFFFFFFFFFFFFFFFFFFFFFFFFFFFFFFFFFFFFFFFFFFFFFFFFFFFFFFFFFFFFFFFFFFFFFFFFFFFFFFFFFFFFFFFFFFFFFFFFFFFFFFFFFFFFFFFFFFFFFFFFFFFFFFFFFFFFFFFFFFFFFFFFFFFFFFFFFFFFFFFFFFFFFFFFFFFF
310
FFFFFFFFFFFFFFFFFFFFFFFFFFFFFFFFFFFFFFFFFFFFFFFFFFFFFFFFFFFFFFFFFFFFFFFFFFFFFFFFFFFFFFFFFFFFFFFFFFFFFFFFFFFFFFFFFFFFFFFFFFFFFFFFFFFFFFFFFFFFFFFFFFFFFFFFFFFFFFFFFFFFFFFFFFFFFFFFFFFFFFFFFFFFFFFFFFFFFFFFFFFFFFFFFFFFFFFFFFFFFFFFFFFFFFFFFFFFFFFFFFFFFFFFFFFFFF
310
FFFFFFFFFFFFFFFFFFFFFFFFFFFFFFFFFFFFFFFFFFFFFFFFFFFFFFFFFFFFFFFFFFFFFFFFFFFFFFFFFFFFFFFFFFFFFFFFFFFFFFFFFFFFFFFFFFFFFFFFFFFFFFFFFFFFFFFFFFFFFFFFFFFFFFFFFFFFFFFFFFFFFFFFFFFFFFFFFFFFFFFFFFFFFFFFFFFFFFFFFFFFFFFFFFFFFFFFFFFFFFFFFFFFFFFFFFFFFFFFFFFFFFFFFFFFFF
310
FFFFFFFFFFFFFFFFFFFFFFFFFFFFFFFFFFFFFFFFFFFFFFFFFFFFFFFFFFFFFFFFFFFFFFFFFFFFFFFFFFFFFFFFFFFFFFFFFFFFFFFFFFFFFFFFFFFFFFFFFFFFFFFFFFFFFFFFFFFFFFFFFFFFFFFFFFFFFFFFFFFFFFFFFFFFFFFFFFFFFFFFFFFFFFFFFFFFFFFFFFFFFFFFFFFFFFFFFFFFFFFFFFFFFFFFFFFFFFFFFFFFFFFFFFFFFF
310
FFFFFFFFFFFFFFFFFFFFFFFFFFFFFFFFFFFFFFFFFFFFFFFFFFFFFFFFFFFFFFFFFFFFFFFFFFFFFFFFFFFFFFFFFFFFFFFFFFFFFFFFFFFFFFFFFFFFFFFFFFFFFFFFFFFFFFFFFFFFFFFFFFFFFFFFFFFFFFFFFFFFFFFFFFFFFFFFFFFFFFFFFFFFFFFFFFFFFFFFFFFFFFFFFFFFFFFFFFFFFFFFFFFFFFFFFFFFFFFFFFFFFFFFFFFFFF
310
FFFFFFFFFFFFFFFFFFFFFFFFFFFFFFFFFFFFFFFFFFFFFFFFFFFFFFFFFFFFFFFFFFFFFFFFFFFFFFFFFFFFFFFFFFFFFFFFFFFFFFFFFFFFFFFFFFFFFFFFFFFFFFFFFFFFFFFFFFFFFFFFFFFFFFFFFFFFFFFFFFFFFFFFFFFFFFFFFFFFFFFFFFFFFFFFFFFFFFFFFFFFFFFFFFFFFFFFFFFFFFFFFFFFFFFFFFFFFFFFFFFFFFFFFFFFFF
310
FFFFFFFFFFFFFFFFFFFFFFFFFFFFFFFFFFFFFFFFFFFFFFFFFFFFFFFFFFFFFFFFFFFFFFFFFFFFFFFFFFFFFFFFFFFFFFFFFFFFFFFFFFFFFFFFFFFFFFFFFFFFFFFFFFFFFFFFFFFFFFFF
102
{BLKREFS
331
544
102
}
 70
     4
280
     1
281
     0
  0
ENDTAB
  0
ENDSEC
  0
SECTION
  2
BLOCKS
  0
BLOCK
  5
20
330
1F
100
AcDbEntity
  8
0
100
AcDbBlockBegin
  2
*Model_Space
 70
     0
 10
0.0
 20
0.0
 30
0.0
  3
*Model_Space
  1

  0
ENDBLK
  5
21
330
1F
100
AcDbEntity
  8
0
100
AcDbBlockEnd
  0
BLOCK
  5
D4
330
D2
100
AcDbEntity
 67
     1
  8
0
100
AcDbBlockBegin
  2
*Paper_Space
 70
     0
 10
0.0
 20
0.0
 30
0.0
  3
*Paper_Space
  1

  0
ENDBLK
  5
D5
330
D2
100
AcDbEntity
 67
     1
  8
0
100
AcDbBlockEnd
  0
BLOCK
  5
D8
330
D6
100
AcDbEntity
 67
     1
  8
0
100
AcDbBlockBegin
  2
*Paper_Space0
 70
     0
 10
0.0
 20
0.0
 30
0.0
  3
*Paper_Space0
  1

  0
VIEWPORT
  5
528
102
{ACAD_XDICTIONARY
360
529
102
}
330
D6
100
AcDbEntity
 67
     1
  8
0
100
AcDbViewport
 10
128.5
 20
97.5
 30
0.0
 40
447.8996323529412
 41
222.18
 68
     1
 69
     1
 12
128.5
 22
97.5
 13
0.0
 23
0.0
 14
10.0
 24
10.0
 15
10.0
 25
10.0
 16
0.0
 26
0.0
 36
1.0
 17
0.0
 27
0.0
 37
0.0
 42
50.0
 43
0.0
 44
0.0
 45
222.18
 50
0.0
 51
0.0
 72
  1000
 90
   557088
  1

281
     0
 71
     1
 74
     0
110
0.0
120
0.0
130
0.0
111
1.0
121
0.0
131
0.0
112
0.0
122
1.0
132
0.0
 79
     0
146
0.0
170
     0
 61
     5
348
F5
292
     1
282
     1
141
0.0
142
0.0
 63
   250
421
  3355443
  0
VIEWPORT
  5
52C
102
{ACAD_XDICTIONARY
360
52D
102
}
330
D6
100
AcDbEntity
 67
     1
  8
0
100
AcDbViewport
 10
128.5
 20
97.5
 30
0.0
 40
205.6
 41
156.0
 68
    -1
 69
     2
 12
210.0
 22
148.5
 13
0.0
 23
0.0
 14
10.0
 24
10.0
 15
10.0
 25
10.0
 16
0.0
 26
0.0
 36
1.0
 17
0.0
 27
0.0
 37
0.0
 42
50.0
 43
0.0
 44
0.0
 45
321.2129343888367
 50
0.0
 51
0.0
 72
  1000
 90
   819808
  1

281
     0
 71
     1
 74
     0
110
0.0
120
0.0
130
0.0
111
1.0
121
0.0
131
0.0
112
0.0
122
1.0
132
0.0
 79
     0
146
0.0
170
     0
 61
     5
348
F5
292
     1
282
     1
141
0.0
142
0.0
 63
   250
421
  3355443
  0
ENDBLK
  5
D9
330
D6
100
AcDbEntity
 67
     1
  8
0
100
AcDbBlockEnd
  0
BLOCK
  5
2DF
330
2DE
100
AcDbEntity
  8
0
100
AcDbBlockBegin
  2
Notbeleuchtung- Richtungspfeil nach unten
 70
     0
 10
0.0
 20
0.0
 30
0.0
  3
Notbeleuchtung- Richtungspfeil nach unten
  1

  4
Diese Notbeleuchtung werden hauptäschlich in Stiegenhäuser, Gänge und im Untergeschoss in den Garagenbereichen verwendet
  0
HATCH
  5
2E0
330
2DE
100
AcDbEntity
  8
0
 62
   102
420
  2219575
100
AcDbHatch
 10
0.0
 20
0.0
 30
-0.0000000000000086
210
0.0
220
0.0
230
1.0
  2
SOLID
 70
     1
 71
     0
 91
        5
 92
        5
 93
        4
 72
     1
 10
2606.013467943527
 20
2307.898012701573
 11
2602.8793600701
 21
2307.898012388162
 72
     1
 10
2602.8793600701
 20
2307.898012388162
 11
2602.8793600701
 21
2306.330958529801
 72
     1
 10
2602.8793600701
 20
2306.330958529801
 11
2606.013467943526
 21
2306.330958529801
 72
     1
 10
2606.013467943527
 20
2306.330958529801
 11
2606.013467943527
 21
2307.898012701573
 97
        0
 92
       20
 93
       23
 72
     1
 10
2605.667184038952
 20
2307.586593248518
 11
2605.809906019203
 21
2307.336828451079
 72
     1
 10
2605.809906019203
 20
2307.336828451079
 11
2605.715400106761
 21
2307.282824938222
 72
     1
 10
2605.715400106762
 20
2307.282824938222
 11
2605.613455700833
 21
2307.46122890224
 72
     1
 10
2605.613455700833
 20
2307.46122890224
 11
2605.441080351523
 21
2307.46122890224
 72
     1
 10
2605.441080351523
 20
2307.46122890224
 11
2605.620172409096
 21
2307.14781819325
 72
     1
 10
2605.620172409096
 20
2307.14781819325
 11
2605.620172409096
 21
2306.881418957409
 72
     1
 10
2605.620172409096
 20
2306.881418957409
 11
2605.917912418096
 21
2306.881418957409
 72
     1
 10
2605.917912418096
 20
2306.881418957409
 11
2605.917912418096
 21
2306.756054611131
 72
     1
 10
2605.917912418096
 20
2306.756054611131
 11
2605.494808062818
 21
2306.756054611131
 72
     1
 10
2605.494808062818
 20
2306.756054611131
 11
2605.494808062818
 21
2307.022453846972
 72
     1
 10
2605.494808062818
 20
2307.022453846972
 11
2605.275421083653
 21
2306.897089500694
 72
     1
 10
2605.275421083653
 20
2306.897089500694
 11
2605.275421083653
 21
2306.583678634998
 72
     1
 10
2605.275421083653
 20
2306.583678634998
 11
2605.150056110553
 21
2306.583678634998
 72
     1
 10
2605.150056110553
 20
2306.583678634998
 11
2605.150056110553
 21
2306.959771673833
 72
     1
 10
2605.150056110553
 20
2306.959771673833
 11
2605.37957002161
 21
2307.090921898103
 72
     1
 10
2605.37957002161
 20
2307.090921898103
 11
2605.275421083653
 21
2307.273182539528
 72
     1
 10
2605.275421083653
 20
2307.273182539528
 11
2605.275421083653
 21
2307.14781819325
 72
     1
 10
2605.275421083653
 20
2307.14781819325
 11
2604.914997961282
 21
2307.14781819325
 72
     1
 10
2604.914997961282
 20
2307.14781819325
 11
2604.914997961282
 21
2307.273182539528
 72
     1
 10
2604.914997961282
 20
2307.273182539528
 11
2605.150056110553
 21
2307.273182539528
 72
     1
 10
2605.150056110553
 20
2307.273182539528
 11
2605.150056110553
 21
2307.504329576837
 72
     3
 10
2605.197229369157
 20
2307.653765892013
 11
-0.110807329677889
 21
0.110807329677889
 40
0.9999999999999083
 50
117.4804134226342
 51
199.6177004048238
 73
     1
 72
     1
 10
2605.338807491007
 20
2307.586593248518
 11
2605.66718403895
 21
2307.586593248518
 97
        0
 92
       20
 93
        2
 72
     3
 10
2605.197229867848
 20
2307.65376589419
 11
-0.0886459793723141
 21
0.0886459793723141
 40
0.9999999999999335
 50
314.9999999999999
 51
494.9999999999997
 73
     0
 72
     3
 10
2605.197229867848
 20
2307.65376589419
 11
-0.0886459793723209
 21
0.0886459793723209
 40
0.9999999999999712
 50
135.0
 51
314.9999999999999
 73
     0
 97
        0
 92
       20
 93
        7
 72
     1
 10
2604.515364318914
 20
2306.93897529584
 11
2604.747288359528
 21
2306.93897529584
 72
     1
 10
2604.747288359528
 20
2306.93897529584
 11
2604.44641392846
 21
2306.53780970116
 72
     1
 10
2604.446413928461
 20
2306.53780970116
 11
2604.14553996751
 21
2306.938975295839
 72
     1
 10
2604.14553996751
 20
2306.93897529584
 11
2604.390000442752
 21
2306.93897529584
 72
     1
 10
2604.390000442752
 20
2306.93897529584
 11
2604.390000442752
 21
2307.691161530215
 72
     1
 10
2604.390000442752
 20
2307.691161530214
 11
2604.515364318914
 21
2307.691161530214
 72
     1
 10
2604.515364318914
 20
2307.691161530214
 11
2604.515364318914
 21
2306.938975295839
 97
        0
 92
       20
 93
        4
 72
     1
 10
2603.662886920927
 20
2306.487663962649
 11
2603.036065189537
 21
2306.487663962649
 72
     1
 10
2603.036065189537
 20
2306.487663962649
 11
2603.036065189537
 21
2307.741306955314
 72
     1
 10
2603.036065189537
 20
2307.741306955314
 11
2603.662886920927
 21
2307.741306955314
 72
     1
 10
2603.662886920927
 20
2307.741306955314
 11
2603.662886920927
 21
2306.487663962649
 97
        0
 75
     0
 76
     1
 47
0.3739612279408861
 98
        6
 10
2747.170596672382
 20
2202.114127543268
 10
2704.651189226366
 20
2239.044374551049
 10
2704.651189226366
 20
2239.044374551049
 10
2704.651189226366
 20
2239.044374551049
 10
2704.651189226366
 20
2239.044374551049
 10
2704.651189226366
 20
2239.044374551049
450
        0
451
        0
460
0.0
461
0.0
452
        0
462
0.0
453
        0
470

1001
AcDbBlockRepETag
1070
     1
1071
        0
1005
2E0
  0
LINE
  5
2E1
330
2DE
100
AcDbEntity
  8
0
 62
   102
420
  2219575
100
AcDbLine
 10
2606.013467943527
 20
2307.898012701573
 30
-0.0000000000000086
 11
2602.8793600701
 21
2307.898012388162
 31
-0.0000000000000086
1001
AcDbBlockRepETag
1070
     1
1071
        1
1005
2E1
  0
LINE
  5
2E2
330
2DE
100
AcDbEntity
  8
0
 62
   102
420
  2219575
100
AcDbLine
 10
2602.8793600701
 20
2306.330958529801
 30
-0.0000000000000086
 11
2606.013467943527
 21
2306.330958529801
 31
-0.0000000000000086
1001
AcDbBlockRepETag
1070
     1
1071
        2
1005
2E2
  0
LINE
  5
2E3
330
2DE
100
AcDbEntity
  8
0
 62
   102
420
  2219575
100
AcDbLine
 10
2602.8793600701
 20
2307.898012388162
 30
-0.0000000000000086
 11
2602.8793600701
 21
2306.330958529801
 31
-0.0000000000000086
1001
AcDbBlockRepETag
1070
     1
1071
        3
1005
2E3
  0
LINE
  5
2E4
330
2DE
100
AcDbEntity
  8
0
 62
   102
420
  2219575
100
AcDbLine
 10
2606.013467943527
 20
2306.330958529801
 30
-0.0000000000000086
 11
2606.013467943527
 21
2307.898012701573
 31
-0.0000000000000086
1001
AcDbBlockRepETag
1070
     1
1071
        4
1005
2E4
  0
ENDBLK
  5
2E5
330
2DE
100
AcDbEntity
  8
0
100
AcDbBlockEnd
  0
BLOCK
  5
2E7
330
2E6
100
AcDbEntity
  8
0
100
AcDbBlockBegin
  2
Notbeleuchtung-Richtungspfeil nach links
 70
     0
 10
0.0
 20
0.0
 30
0.0
  3
Notbeleuchtung-Richtungspfeil nach links
  1

  4
Diese Notbeleuchtung werden hauptäschlich in Stiegenhäuser, Gänge und im Untergeschoss in den Garagenbereichen verwendet
  0
HATCH
  5
2E8
330
2E6
100
AcDbEntity
  8
0
 62
   102
420
  2219575
100
AcDbHatch
 10
0.0
 20
0.0
 30
-0.0000000000000086
210
0.0
220
0.0
230
1.0
  2
SOLID
 70
     1
 71
     0
 91
        5
 92
       16
 93
        7
 72
     1
 10
2603.799649989163
 20
2302.930432512685
 11
2604.200815374547
 21
2303.231306630083
 72
     1
 10
2604.200815374547
 20
2303.231306630083
 11
2604.200815374547
 21
2302.98684643908
 72
     1
 10
2604.200815374547
 20
2302.986846439079
 11
2604.953000903082
 21
2302.986846439079
 72
     1
 10
2604.953000903082
 20
2302.986846439079
 11
2604.953000903082
 21
2302.861482158203
 72
     1
 10
2604.953000903082
 20
2302.861482158203
 11
2604.200815374547
 21
2302.861482158203
 72
     1
 10
2604.200815374547
 20
2302.861482158203
 11
2604.200815374547
 21
2302.629558238582
 72
     1
 10
2604.200815374547
 20
2302.629558238582
 11
2603.799649989163
 21
2302.930432512685
 97
        0
 92
       16
 93
        1
 72
     3
 10
2605.283846313546
 20
2303.469712400153
 11
0.088645933125172
 21
0.088645933125172
 40
0.9999999999996648
 50
0.0000000006908928
 51
360.0000000006908
 73
     1
 97
        0
 92
       16
 93
        4
 72
     1
 10
2603.122682872447
 20
2302.303611108303
 11
2603.749503963403
 21
2302.303611108303
 72
     1
 10
2603.749503963403
 20
2302.303611108303
 11
2603.749503963403
 21
2303.557253446951
 72
     1
 10
2603.749503963403
 20
2303.557253446951
 11
2603.122682872447
 21
2303.557253446951
 72
     1
 10
2603.122682872447
 20
2303.557253446951
 11
2603.122682872447
 21
2302.303611108303
 97
        0
 92
        1
 93
        4
 72
     1
 10
2602.965977521356
 20
2302.146905757208
 11
2602.965977521356
 21
2303.713958798046
 72
     1
 10
2602.965977521356
 20
2303.713958798046
 11
2606.100083759662
 21
2303.713959111457
 72
     1
 10
2606.100083759662
 20
2303.713959111457
 11
2606.100083759662
 21
2302.146905757208
 72
     1
 10
2606.100083759662
 20
2302.146905757208
 11
2602.965977521356
 21
2302.146905757208
 97
        0
 92
       16
 93
       23
 72
     1
 10
2605.236672690556
 20
2303.320276093167
 11
2605.236672690556
 21
2303.089129275382
 72
     1
 10
2605.236672690556
 20
2303.089129275382
 11
2605.001614663918
 21
2303.089129275382
 72
     1
 10
2605.001614663919
 20
2303.089129275382
 11
2605.001614663919
 21
2302.963764994506
 72
     1
 10
2605.001614663919
 20
2302.963764994506
 11
2605.36203728484
 21
2302.963764994506
 72
     1
 10
2605.36203728484
 20
2302.963764994506
 11
2605.36203728484
 21
2303.089129275382
 72
     1
 10
2605.36203728484
 20
2303.089129275382
 11
2605.466186168462
 21
2302.906868729041
 72
     1
 10
2605.466186168462
 20
2302.906868729041
 11
2605.236672690556
 21
2302.775718573192
 72
     1
 10
2605.236672690556
 20
2302.775718573191
 11
2605.236672690556
 21
2302.399625730562
 72
     1
 10
2605.236672690556
 20
2302.399625730563
 11
2605.36203728484
 21
2302.399625730563
 72
     1
 10
2605.36203728484
 20
2302.399625730563
 11
2605.36203728484
 21
2302.713036432753
 72
     1
 10
2605.36203728484
 20
2302.713036432753
 11
2605.581424149547
 21
2302.83840071363
 72
     1
 10
2605.581424149547
 20
2302.83840071363
 11
2605.581424149547
 21
2302.572001616768
 72
     1
 10
2605.581424149547
 20
2302.572001616768
 11
2606.004528284084
 21
2302.572001616768
 72
     1
 10
2606.004528284084
 20
2302.572001616768
 11
2606.004528284084
 21
2302.697365897644
 72
     1
 10
2606.004528284084
 20
2302.697365897643
 11
2605.706788743831
 21
2302.697365897643
 72
     1
 10
2605.706788743831
 20
2302.697365897643
 11
2605.706788743831
 21
2302.963764994506
 72
     1
 10
2605.706788743831
 20
2302.963764994506
 11
2605.527696466282
 21
2303.277175539991
 72
     1
 10
2605.527696466282
 20
2303.277175539991
 11
2605.700071725661
 21
2303.277175539991
 72
     1
 10
2605.700071725661
 20
2303.277175539991
 11
2605.802016078404
 21
2303.098771669046
 72
     1
 10
2605.802016078404
 20
2303.098771669046
 11
2605.896522254951
 21
2303.152775153729
 72
     1
 10
2605.896522254951
 20
2303.15277515373
 11
2605.753800349158
 21
2303.402539820868
 72
     1
 10
2605.753800349158
 20
2303.402539820868
 11
2605.425423972536
 21
2303.402539820868
 72
     3
 10
2605.283845934994
 20
2303.469712225631
 11
-0.1108072034574493
 21
0.1108072034574493
 40
0.999999999999938
 50
160.3822339480613
 51
242.519601748447
 73
     0
 97
        0
 75
     0
 76
     1
 98
        1
 10
2692.066775298461
 20
2081.278147333911
450
        0
451
        0
460
0.0
461
0.0
452
        0
462
0.0
453
        0
470

1001
AcDbBlockRepETag
1070
     1
1071
      281
1005
2E8
  0
LINE
  5
2E9
330
2E6
100
AcDbEntity
  8
0
 62
   102
420
  2219575
100
AcDbLine
 10
2606.100083759662
 20
2302.146905757208
 30
-0.0000000000000086
 11
2602.965977521356
 21
2302.146905757208
 31
-0.0000000000000086
1001
AcDbBlockRepETag
1070
     1
1071
      282
1005
2E9
  0
LINE
  5
2EA
330
2E6
100
AcDbEntity
  8
0
 62
   102
420
  2219575
100
AcDbLine
 10
2602.965977521356
 20
2303.713958798046
 30
-0.0000000000000086
 11
2606.100083759662
 21
2303.713959111457
 31
-0.0000000000000086
1001
AcDbBlockRepETag
1070
     1
1071
      283
1005
2EA
  0
LINE
  5
2EB
330
2E6
100
AcDbEntity
  8
0
 62
   102
420
  2219575
100
AcDbLine
 10
2602.965977521356
 20
2302.146905757208
 30
-0.0000000000000086
 11
2602.965977521356
 21
2303.713958798046
 31
-0.0000000000000086
1001
AcDbBlockRepETag
1070
     1
1071
      284
1005
2EB
  0
LINE
  5
2EC
330
2E6
100
AcDbEntity
  8
0
 62
   102
420
  2219575
100
AcDbLine
 10
2606.100083759662
 20
2303.713959111457
 30
-0.0000000000000086
 11
2606.100083759662
 21
2302.146905757208
 31
-0.0000000000000086
1001
AcDbBlockRepETag
1070
     1
1071
      285
1005
2EC
  0
ENDBLK
  5
2ED
330
2E6
100
AcDbEntity
  8
0
100
AcDbBlockEnd
  0
BLOCK
  5
2EF
330
2EE
100
AcDbEntity
  8
0
100
AcDbBlockBegin
  2
Notbeleuchtung-Richtungspfeil nach rechts
 70
     0
 10
0.0
 20
0.0
 30
0.0
  3
Notbeleuchtung-Richtungspfeil nach rechts
  1

  4
Diese Notbeleuchtung werden hauptäschlich in Stiegenhäuser, Gänge und im Untergeschoss in den Garagenbereichen verwendet
  0
HATCH
  5
2F0
330
2EE
100
AcDbEntity
  8
0
 62
   102
420
  2219575
100
AcDbHatch
 10
0.0
 20
0.0
 30
0.0000000000000086
210
0.0
220
0.0
230
-1.0
  2
SOLID
 70
     1
 71
     0
 91
        5
 92
       16
 93
        7
 72
     1
 10
-2605.266411291855
 20
2302.930432512685
 11
-2604.865245906471
 21
2303.231306630083
 72
     1
 10
-2604.865245906471
 20
2303.231306630083
 11
-2604.865245906471
 21
2302.98684643908
 72
     1
 10
-2604.865245906471
 20
2302.986846439079
 11
-2604.113060377936
 21
2302.986846439079
 72
     1
 10
-2604.113060377936
 20
2302.986846439079
 11
-2604.113060377936
 21
2302.861482158203
 72
     1
 10
-2604.113060377936
 20
2302.861482158203
 11
-2604.865245906471
 21
2302.861482158203
 72
     1
 10
-2604.865245906471
 20
2302.861482158203
 11
-2604.865245906471
 21
2302.629558238582
 72
     1
 10
-2604.865245906471
 20
2302.629558238582
 11
-2605.266411291855
 21
2302.930432512685
 97
        0
 92
       16
 93
        1
 72
     3
 10
-2603.782214967472
 20
2303.469712400153
 11
0.088645933125172
 21
0.088645933125172
 40
0.9999999999996648
 50
0.0000000006908928
 51
360.0000000006908
 73
     1
 97
        0
 92
       16
 93
        4
 72
     1
 10
-2605.943378408571
 20
2302.303611108303
 11
-2605.316557317615
 21
2302.303611108303
 72
     1
 10
-2605.316557317615
 20
2302.303611108303
 11
-2605.316557317615
 21
2303.557253446951
 72
     1
 10
-2605.316557317615
 20
2303.557253446951
 11
-2605.943378408571
 21
2303.557253446951
 72
     1
 10
-2605.943378408571
 20
2303.557253446951
 11
-2605.943378408571
 21
2302.303611108303
 97
        0
 92
        1
 93
        4
 72
     1
 10
-2606.100083759662
 20
2302.146905757208
 11
-2606.100083759662
 21
2303.713958798046
 72
     1
 10
-2606.100083759662
 20
2303.713958798046
 11
-2602.965977521356
 21
2303.713959111457
 72
     1
 10
-2602.965977521356
 20
2303.713959111457
 11
-2602.965977521356
 21
2302.146905757208
 72
     1
 10
-2602.965977521356
 20
2302.146905757208
 11
-2606.100083759662
 21
2302.146905757208
 97
        0
 92
       16
 93
       23
 72
     1
 10
-2603.829388590462
 20
2303.320276093167
 11
-2603.829388590462
 21
2303.089129275382
 72
     1
 10
-2603.829388590462
 20
2303.089129275382
 11
-2604.0644466171
 21
2303.089129275382
 72
     1
 10
-2604.064446617099
 20
2303.089129275382
 11
-2604.064446617099
 21
2302.963764994506
 72
     1
 10
-2604.064446617099
 20
2302.963764994506
 11
-2603.704023996178
 21
2302.963764994506
 72
     1
 10
-2603.704023996178
 20
2302.963764994506
 11
-2603.704023996178
 21
2303.089129275382
 72
     1
 10
-2603.704023996178
 20
2303.089129275382
 11
-2603.599875112556
 21
2302.906868729041
 72
     1
 10
-2603.599875112556
 20
2302.906868729041
 11
-2603.829388590462
 21
2302.775718573192
 72
     1
 10
-2603.829388590462
 20
2302.775718573191
 11
-2603.829388590462
 21
2302.399625730562
 72
     1
 10
-2603.829388590462
 20
2302.399625730563
 11
-2603.704023996178
 21
2302.399625730563
 72
     1
 10
-2603.704023996178
 20
2302.399625730563
 11
-2603.704023996178
 21
2302.713036432753
 72
     1
 10
-2603.704023996178
 20
2302.713036432753
 11
-2603.484637131471
 21
2302.83840071363
 72
     1
 10
-2603.484637131471
 20
2302.83840071363
 11
-2603.484637131471
 21
2302.572001616768
 72
     1
 10
-2603.484637131471
 20
2302.572001616768
 11
-2603.061532996934
 21
2302.572001616768
 72
     1
 10
-2603.061532996934
 20
2302.572001616768
 11
-2603.061532996934
 21
2302.697365897644
 72
     1
 10
-2603.061532996934
 20
2302.697365897643
 11
-2603.359272537187
 21
2302.697365897643
 72
     1
 10
-2603.359272537187
 20
2302.697365897643
 11
-2603.359272537187
 21
2302.963764994506
 72
     1
 10
-2603.359272537187
 20
2302.963764994506
 11
-2603.538364814736
 21
2303.277175539991
 72
     1
 10
-2603.538364814736
 20
2303.277175539991
 11
-2603.365989555357
 21
2303.277175539991
 72
     1
 10
-2603.365989555357
 20
2303.277175539991
 11
-2603.264045202614
 21
2303.098771669046
 72
     1
 10
-2603.264045202614
 20
2303.098771669046
 11
-2603.169539026067
 21
2303.152775153729
 72
     1
 10
-2603.169539026067
 20
2303.15277515373
 11
-2603.31226093186
 21
2303.402539820868
 72
     1
 10
-2603.31226093186
 20
2303.402539820868
 11
-2603.640637308482
 21
2303.402539820868
 72
     3
 10
-2603.782215346024
 20
2303.469712225631
 11
-0.1108072034574493
 21
0.1108072034574493
 40
0.999999999999938
 50
160.3822339480613
 51
242.519601748447
 73
     0
 97
        0
 75
     0
 76
     1
 98
        1
 10
2692.066775298461
 20
2081.278147333911
450
        0
451
        0
460
0.0
461
0.0
452
        0
462
0.0
453
        0
470

1001
AcDbBlockRepETag
1070
     1
1071
      281
1005
2E8
  0
LINE
  5
2F1
330
2EE
100
AcDbEntity
  8
0
 62
   102
420
  2219575
100
AcDbLine
 10
2602.965977521356
 20
2302.146905757208
 30
-0.0000000000000086
 11
2606.100083759662
 21
2302.146905757208
 31
-0.0000000000000086
1001
AcDbBlockRepETag
1070
     1
1071
      282
1005
2E9
  0
LINE
  5
2F2
330
2EE
100
AcDbEntity
  8
0
 62
   102
420
  2219575
100
AcDbLine
 10
2606.100083759662
 20
2303.713958798046
 30
-0.0000000000000086
 11
2602.965977521356
 21
2303.713959111457
 31
-0.0000000000000086
1001
AcDbBlockRepETag
1070
     1
1071
      283
1005
2EA
  0
LINE
  5
2F3
330
2EE
100
AcDbEntity
  8
0
 62
   102
420
  2219575
100
AcDbLine
 10
2606.100083759662
 20
2302.146905757208
 30
-0.0000000000000086
 11
2606.100083759662
 21
2303.713958798046
 31
-0.0000000000000086
1001
AcDbBlockRepETag
1070
     1
1071
      284
1005
2EB
  0
LINE
  5
2F4
330
2EE
100
AcDbEntity
  8
0
 62
   102
420
  2219575
100
AcDbLine
 10
2602.965977521356
 20
2303.713959111457
 30
-0.0000000000000086
 11
2602.965977521356
 21
2302.146905757208
 31
-0.0000000000000086
1001
AcDbBlockRepETag
1070
     1
1071
      285
1005
2EC
  0
ENDBLK
  5
2F5
330
2EE
100
AcDbEntity
  8
0
100
AcDbBlockEnd
  0
BLOCK
  5
2F7
330
2F6
100
AcDbEntity
  8
0
100
AcDbBlockBegin
  2
Sicherheitsleuchte Aufheller
 70
     0
 10
0.0
 20
0.0
 30
0.0
  3
Sicherheitsleuchte Aufheller
  1

  0
HATCH
  5
2F8
330
2F6
100
AcDbEntity
  8
0
 62
   150
100
AcDbHatch
 10
0.0
 20
0.0
 30
0.0
210
0.0
220
0.0
230
1.0
  2
SOLID
 70
     1
 71
     1
 91
        1
 92
        7
 72
     1
 73
     1
 93
        2
 10
3209.989605263637
 20
2752.989191377652
 42
1.0
 10
3205.290883213278
 20
2752.989191377652
 42
1.0
 97
        1
330
2F9
 75
     0
 76
     1
 47
0.0808169624910983
 98
        1
 10
3208.928115465882
 20
2754.363104672258
450
        1
451
        0
460
0.0
461
0.0
452
        0
462
1.0
453
        2
463
0.0
 63
     3
421
    65280
463
1.0
 63
     7
421
 16777215
470
CYLINDER
1001
GradientColor1ACI
1070
     3
1001
ACAD
1010
0.0
1020
0.0
1030
0.0
  0
CIRCLE
  5
2F9
102
{ACAD_REACTORS
330
2F8
102
}
330
2F6
100
AcDbEntity
  8
0
 62
     3
100
AcDbCircle
 10
3207.640244238457
 20
2752.989191377652
 30
0.0
 40
2.349361025179208
  0
ENDBLK
  5
2FA
330
2F6
100
AcDbEntity
  8
0
100
AcDbBlockEnd
  0
BLOCK
  5
2FC
330
2FB
100
AcDbEntity
  8
0
100
AcDbBlockBegin
  2
Notbeleuchtung- Antipanikleuchte
 70
     0
 10
0.0
 20
0.0
 30
0.0
  3
Notbeleuchtung- Antipanikleuchte
  1

  0
LWPOLYLINE
  5
2FD
330
2FB
100
AcDbEntity
  8
0
 62
     3
100
AcDbPolyline
 90
        4
 70
     1
 43
0.0
 10
3205.035633693066
 20
2749.347034650897
 10
3210.675737961303
 20
2749.347034650897
 10
3210.675737961303
 20
2747.758668214934
 10
3205.035633693066
 20
2747.758668214934
  0
LWPOLYLINE
  5
2FE
330
2FB
100
AcDbEntity
  8
0
 62
     3
100
AcDbPolyline
 90
        2
 70
     0
 43
0.0
 10
3206.901441950107
 20
2747.758668214934
 10
3207.952584263656
 20
2749.347034650897
  0
LWPOLYLINE
  5
2FF
330
2FB
100
AcDbEntity
  8
0
 62
     3
100
AcDbPolyline
 90
        2
 70
     0
 43
0.0
 10
3207.110906225308
 20
2747.758668214934
 10
3208.162048538858
 20
2749.347034650897
  0
LWPOLYLINE
  5
300
330
2FB
100
AcDbEntity
  8
0
 62
     3
100
AcDbPolyline
 90
        2
 70
     0
 43
0.0
 10
3207.299921994118
 20
2747.758668214934
 10
3208.351064307668
 20
2749.347034650897
  0
LWPOLYLINE
  5
301
330
2FB
100
AcDbEntity
  8
0
 62
     3
100
AcDbPolyline
 90
        2
 70
     0
 43
0.0
 10
3207.494049889528
 20
2747.758668214934
 10
3208.545192203076
 20
2749.347034650897
  0
LWPOLYLINE
  5
302
330
2FB
100
AcDbEntity
  8
0
 62
     3
100
AcDbPolyline
 90
        2
 70
     0
 43
0.0
 10
3207.693289911535
 20
2747.758668214934
 10
3208.744432225085
 20
2749.347034650897
  0
LWPOLYLINE
  5
303
330
2FB
100
AcDbEntity
  8
0
 62
     3
100
AcDbPolyline
 90
        2
 70
     0
 43
0.0
 10
3207.882305680345
 20
2747.758668214934
 10
3208.933447993896
 20
2749.347034650897
  0
LWPOLYLINE
  5
304
330
2FB
100
AcDbEntity
  8
0
 62
     3
100
AcDbPolyline
 90
        2
 70
     0
 43
0.0
 10
3208.086647604697
 20
2747.758668214934
 10
3209.137789918246
 20
2749.347034650897
  0
LWPOLYLINE
  5
305
330
2FB
100
AcDbEntity
  8
0
 62
     3
100
AcDbPolyline
 90
        2
 70
     0
 43
0.0
 10
3208.275673597761
 20
2747.758668214934
 10
3209.32681591131
 20
2749.347034650897
  0
LWPOLYLINE
  5
306
330
2FB
100
AcDbEntity
  8
0
 62
     3
100
AcDbPolyline
 90
        2
 70
     0
 43
0.0
 10
3208.434037055496
 20
2747.758668214934
 10
3209.485179369045
 20
2749.347034650897
  0
LWPOLYLINE
  5
307
330
2FB
100
AcDbEntity
  8
0
 62
     3
100
AcDbPolyline
 90
        2
 70
     0
 43
0.0
 10
3208.633277077501
 20
2747.758668214934
 10
3209.684419391051
 20
2749.347034650897
  0
LWPOLYLINE
  5
308
330
2FB
100
AcDbEntity
  8
0
 62
     3
100
AcDbPolyline
 90
        2
 70
     0
 43
0.0
 10
3208.791640535236
 20
2747.758668214934
 10
3209.842782848787
 20
2749.347034650897
  0
LWPOLYLINE
  5
309
330
2FB
100
AcDbEntity
  8
0
 62
     3
100
AcDbPolyline
 90
        2
 70
     0
 43
0.0
 10
3208.939800188281
 20
2747.758668214934
 10
3209.990942501831
 20
2749.347034650897
  0
LWPOLYLINE
  5
30A
330
2FB
100
AcDbEntity
  8
0
 62
     3
100
AcDbPolyline
 90
        2
 70
     0
 43
0.0
 10
3209.093051519417
 20
2747.758668214934
 10
3210.144193832967
 20
2749.347034650897
  0
LWPOLYLINE
  5
30B
330
2FB
100
AcDbEntity
  8
0
 62
     3
100
AcDbPolyline
 90
        2
 70
     0
 43
0.0
 10
3209.236099045865
 20
2747.758668214934
 10
3210.287241359414
 20
2749.347034650897
  0
LWPOLYLINE
  5
30C
330
2FB
100
AcDbEntity
  8
0
 62
     3
100
AcDbPolyline
 90
        2
 70
     0
 43
0.0
 10
3209.368922319118
 20
2747.758668214934
 10
3210.420064632668
 20
2749.347034650897
  0
LWPOLYLINE
  5
30D
330
2FB
100
AcDbEntity
  8
0
 62
     3
100
AcDbPolyline
 90
        2
 70
     0
 43
0.0
 10
3209.511959621314
 20
2747.758668214934
 10
3210.563101934865
 20
2749.347034650897
  0
LWPOLYLINE
  5
30E
330
2FB
100
AcDbEntity
  8
0
 62
     3
100
AcDbPolyline
 90
        2
 70
     0
 43
0.0
 10
3209.629466963281
 20
2747.758668214934
 10
3210.680609276831
 20
2749.347034650897
  0
LWPOLYLINE
  5
30F
330
2FB
100
AcDbEntity
  8
0
 62
     3
100
AcDbPolyline
 90
        2
 70
     0
 43
0.0
 10
3209.762290236533
 20
2747.758668214934
 10
3210.675737961303
 20
2749.13896628526
  0
LWPOLYLINE
  5
310
330
2FB
100
AcDbEntity
  8
0
 62
     3
100
AcDbPolyline
 90
        2
 70
     0
 43
0.0
 10
3209.930867723211
 20
2747.758668214934
 10
3210.675737961303
 20
2748.884231204915
  0
LWPOLYLINE
  5
311
330
2FB
100
AcDbEntity
  8
0
 62
     3
100
AcDbPolyline
 90
        2
 70
     0
 43
0.0
 10
3210.068803123061
 20
2747.758668214934
 10
3210.675737961303
 20
2748.675798953043
  0
LWPOLYLINE
  5
312
330
2FB
100
AcDbEntity
  8
0
 62
     3
100
AcDbPolyline
 90
        2
 70
     0
 43
0.0
 10
3210.247604862929
 20
2747.758668214934
 10
3210.675737961303
 20
2748.405614146817
  0
LWPOLYLINE
  5
313
330
2FB
100
AcDbEntity
  8
0
 62
     3
100
AcDbPolyline
 90
        2
 70
     0
 43
0.0
 10
3210.38554026278
 20
2747.758668214934
 10
3210.675737961303
 20
2748.197181894942
  0
LWPOLYLINE
  5
314
330
2FB
100
AcDbEntity
  8
0
 62
     3
100
AcDbPolyline
 90
        2
 70
     0
 43
0.0
 10
3210.513261633689
 20
2747.758668214934
 10
3210.675737961303
 20
2748.004183919224
  0
LWPOLYLINE
  5
315
330
2FB
100
AcDbEntity
  8
0
 62
     3
100
AcDbPolyline
 90
        2
 70
     0
 43
0.0
 10
3206.738252644864
 20
2747.758668214934
 10
3207.789394958414
 20
2749.347034650897
  0
LWPOLYLINE
  5
316
330
2FB
100
AcDbEntity
  8
0
 62
     3
100
AcDbPolyline
 90
        2
 70
     0
 43
0.0
 10
3206.542049226057
 20
2747.758668214934
 10
3207.593191539607
 20
2749.347034650897
  0
LWPOLYLINE
  5
317
330
2FB
100
AcDbEntity
  8
0
 62
     3
100
AcDbPolyline
 90
        2
 70
     0
 43
0.0
 10
3206.423038918869
 20
2747.758668214934
 10
3207.474181232419
 20
2749.347034650897
  0
LWPOLYLINE
  5
318
330
2FB
100
AcDbEntity
  8
0
 62
     3
100
AcDbPolyline
 90
        2
 70
     0
 43
0.0
 10
3206.29115627691
 20
2747.758668214934
 10
3207.342298590461
 20
2749.347034650897
  0
LWPOLYLINE
  5
319
330
2FB
100
AcDbEntity
  8
0
 62
     3
100
AcDbPolyline
 90
        2
 70
     0
 43
0.0
 10
3206.146411524431
 20
2747.758668214934
 10
3207.197553837981
 20
2749.347034650897
  0
LWPOLYLINE
  5
31A
330
2FB
100
AcDbEntity
  8
0
 62
     3
100
AcDbPolyline
 90
        2
 70
     0
 43
0.0
 10
3206.00488741171
 20
2747.758668214934
 10
3207.05602972526
 20
2749.347034650897
  0
LWPOLYLINE
  5
31B
330
2FB
100
AcDbEntity
  8
0
 62
     3
100
AcDbPolyline
 90
        2
 70
     0
 43
0.0
 10
3205.856922019477
 20
2747.758668214934
 10
3206.908064333025
 20
2749.347034650897
  0
LWPOLYLINE
  5
31C
330
2FB
100
AcDbEntity
  8
0
 62
     3
100
AcDbPolyline
 90
        2
 70
     0
 43
0.0
 10
3205.705746211739
 20
2747.758668214934
 10
3206.756888525287
 20
2749.347034650897
  0
LWPOLYLINE
  5
31D
330
2FB
100
AcDbEntity
  8
0
 62
     3
100
AcDbPolyline
 90
        2
 70
     0
 43
0.0
 10
3205.561011683514
 20
2747.758668214934
 10
3206.612153997063
 20
2749.347034650897
  0
LWPOLYLINE
  5
31E
330
2FB
100
AcDbEntity
  8
0
 62
     3
100
AcDbPolyline
 90
        2
 70
     0
 43
0.0
 10
3205.403394596262
 20
2747.758668214934
 10
3206.454536909813
 20
2749.347034650897
  0
LWPOLYLINE
  5
31F
330
2FB
100
AcDbEntity
  8
0
 62
     3
100
AcDbPolyline
 90
        2
 70
     0
 43
0.0
 10
3205.252218788523
 20
2747.758668214934
 10
3206.303361102073
 20
2749.347034650897
  0
LWPOLYLINE
  5
320
330
2FB
100
AcDbEntity
  8
0
 62
     3
100
AcDbPolyline
 90
        2
 70
     0
 43
0.0
 10
3205.12998784158
 20
2747.758668214934
 10
3206.18113015513
 20
2749.347034650897
  0
LWPOLYLINE
  5
321
330
2FB
100
AcDbEntity
  8
0
 62
     3
100
AcDbPolyline
 90
        2
 70
     0
 43
0.0
 10
3205.035633693066
 20
2747.815361546324
 10
3206.049257737424
 20
2749.347034650897
  0
LWPOLYLINE
  5
322
330
2FB
100
AcDbEntity
  8
0
 62
     3
100
AcDbPolyline
 90
        2
 70
     0
 43
0.0
 10
3205.035633693066
 20
2748.009780896825
 10
3205.920595735221
 20
2749.347034650897
  0
LWPOLYLINE
  5
323
330
2FB
100
AcDbEntity
  8
0
 62
     3
100
AcDbPolyline
 90
        2
 70
     0
 43
0.0
 10
3205.035633693066
 20
2748.20905146125
 10
3205.788723317515
 20
2749.347034650897
  0
LWPOLYLINE
  5
324
330
2FB
100
AcDbEntity
  8
0
 62
     3
100
AcDbPolyline
 90
        2
 70
     0
 43
0.0
 10
3205.035633693066
 20
2748.408337475402
 10
3205.656840675556
 20
2749.347034650897
  0
LWPOLYLINE
  5
325
330
2FB
100
AcDbEntity
  8
0
 62
     3
100
AcDbPolyline
 90
        2
 70
     0
 43
0.0
 10
3205.035633693066
 20
2748.58817228467
 10
3205.537830368368
 20
2749.347034650897
  0
LWPOLYLINE
  5
326
330
2FB
100
AcDbEntity
  8
0
 62
     3
100
AcDbPolyline
 90
        2
 70
     0
 43
0.0
 10
3205.035633693066
 20
2748.758289216356
 10
3205.425251116441
 20
2749.347034650897
  0
LWPOLYLINE
  5
327
330
2FB
100
AcDbEntity
  8
0
 62
     3
100
AcDbPolyline
 90
        2
 70
     0
 43
0.0
 10
3205.035633693066
 20
2748.947841903202
 10
3205.299809753995
 20
2749.347034650897
  0
LWPOLYLINE
  5
328
330
2FB
100
AcDbEntity
  8
0
 62
     3
100
AcDbPolyline
 90
        2
 70
     0
 43
0.0
 10
3205.035633693066
 20
2749.103374293658
 10
3205.196882197082
 20
2749.347034650897
  0
ENDBLK
  5
329
330
2FB
100
AcDbEntity
  8
0
100
AcDbBlockEnd
  0
BLOCK
  5
32B
330
32A
100
AcDbEntity
  8
0
100
AcDbBlockBegin
  2
Aufheller Notbeleuchtung
 70
     0
 10
0.0
 20
0.0
 30
0.0
  3
Aufheller Notbeleuchtung
  1

  0
INSERT
  5
32C
330
32A
100
AcDbEntity
  8
0
 62
   150
100
AcDbBlockReference
  2
Sicherheitsleuchte Aufheller
 10
578.778360592339
 20
401.8133286832465
 30
0.0
 41
0.3936036498448924
 42
0.3936036498448924
 43
0.3936036498448924
  0
ENDBLK
  5
32D
330
32A
100
AcDbEntity
  8
0
100
AcDbBlockEnd
  0
BLOCK
  5
32F
330
32E
100
AcDbEntity
  8
0
100
AcDbBlockBegin
  2
Gruppenbatterie
 70
     0
 10
0.0
 20
0.0
 30
0.0
  3
Gruppenbatterie
  1

  0
HATCH
  5
330
330
32E
100
AcDbEntity
  8
0
 62
     3
100
AcDbHatch
 10
0.0
 20
0.0
 30
0.0
210
0.0
220
0.0
230
1.0
  2
ANGLE
 70
     0
 71
     0
 91
        1
 92
        7
 72
     0
 73
     1
 93
        3
 10
1838.455215620402
 20
1455.324816718476
 10
1846.650142881264
 20
1455.324816718476
 10
1846.650142881264
 20
1459.782208564471
 97
        0
 75
     1
 76
     1
 52
0.0
 41
1.0
 77
     0
 78
     2
 53
0.0
 43
0.0
 44
0.0
 45
0.0
 46
6.985
 79
     2
 49
5.08
 49
-1.905
 53
90.0
 43
0.0
 44
0.0
 45
-6.985
 46
0.0000000000000004
 79
     2
 49
5.08
 49
-1.905
 47
0.0345534226031297
 98
        1
 10
1841.878412884593
 20
1458.123644059393
1001
GradientColor1ACI
1070
     5
1001
GradientColor2ACI
1070
     2
1001
ACAD
1010
0.0
1020
0.0
1030
0.0
  0
HATCH
  5
331
330
32E
100
AcDbEntity
  8
0
 62
     7
420
 16777215
100
AcDbHatch
 10
0.0
 20
0.0
 30
0.0
210
0.0
220
0.0
230
1.0
  2
SOLID
 70
     1
 71
     1
 91
        1
 92
        7
 72
     0
 73
     1
 93
        3
 10
1838.455215620402
 20
1455.324816718476
 10
1846.650142881264
 20
1455.324816718476
 10
1846.650142881264
 20
1459.782208564471
 97
        2
330
333
330
332
 75
     1
 76
     1
 47
0.0345534226031297
 98
        1
 10
1844.782944015856
 20
1457.190701891249
450
        0
451
        0
460
0.0
461
0.0
452
        0
462
0.0
453
        2
463
0.0
 63
     5
421
      255
463
1.0
 63
     2
421
 16776960
470
LINEAR
1001
GradientColor1ACI
1070
     5
1001
GradientColor2ACI
1070
     2
1001
ACAD
1010
0.0
1020
0.0
1030
0.0
  0
LWPOLYLINE
  5
332
102
{ACAD_REACTORS
330
331
102
}
330
32E
100
AcDbEntity
  8
0
100
AcDbPolyline
 90
        4
 70
     1
 43
0.0
 10
1838.455215620402
 20
1459.782208564471
 10
1846.650142881264
 20
1459.782208564471
 10
1846.650142881264
 20
1455.324816718476
 10
1838.455215620402
 20
1455.324816718476
  0
LWPOLYLINE
  5
333
102
{ACAD_REACTORS
330
331
102
}
330
32E
100
AcDbEntity
  8
0
100
AcDbPolyline
 90
        2
 70
     0
 43
0.0
 10
1838.455215620402
 20
1455.324816718476
 10
1846.650142881264
 20
1459.782208564471
  0
ENDBLK
  5
334
330
32E
100
AcDbEntity
  8
0
100
AcDbBlockEnd
  0
BLOCK
  5
42D
330
42C
100
AcDbEntity
  8
0
100
AcDbBlockBegin
  2
Spot Notbeleuchtung
 70
     0
 10
0.0
 20
0.0
 30
0.0
  3
Spot Notbeleuchtung
  1

  0
CIRCLE
  5
42E
330
42C
100
AcDbEntity
  8
0
 62
     3
100
AcDbCircle
 10
0.0
 20
0.0
 30
0.0
 40
0.89
  0
LINE
  5
42F
330
42C
100
AcDbEntity
  8
0
 62
     3
100
AcDbLine
 10
-0.6293250352560272
 20
0.6293250352560272
 30
0.0
 11
0.6293250352560272
 21
-0.6293250352560272
 31
0.0
  0
LINE
  5
430
330
42C
100
AcDbEntity
  8
0
 62
     3
100
AcDbLine
 10
-0.6293250352560272
 20
-0.6293250352560272
 30
0.0
 11
0.6293250352560272
 21
0.6293250352560272
 31
0.0
  0
HATCH
  5
431
330
42C
100
AcDbEntity
  8
0
 62
     3
100
AcDbHatch
 10
0.0
 20
0.0
 30
0.0
210
0.0
220
0.0
230
1.0
  2
SOLID
 70
     1
 71
     0
 91
        1
 92
        1
 93
        3
 72
     1
 10
0.0
 20
0.0
 11
-0.6293250352560272
 21
0.6293250352560273
 72
     2
 10
0.0
 20
0.0
 40
0.89
 50
135.0
 51
225.0
 73
     1
 72
     1
 10
-0.6293250352560275
 20
-0.6293250352560272
 11
0.0
 21
0.0
 97
        0
 75
     0
 76
     1
 98
        0
450
        0
451
        0
460
0.0
461
0.0
452
        0
462
0.0
453
        0
470

  0
HATCH
  5
432
330
42C
100
AcDbEntity
  8
0
 62
     3
100
AcDbHatch
 10
0.0
 20
0.0
 30
0.0
210
0.0
220
0.0
230
1.0
  2
SOLID
 70
     1
 71
     0
 91
        1
 92
        1
 93
        3
 72
     1
 10
0.0
 20
0.0
 11
0.6293250352560272
 21
-0.6293250352560275
 72
     2
 10
0.0
 20
0.0
 40
0.89
 50
315.0
 51
405.0
 73
     1
 72
     1
 10
0.6293250352560273
 20
0.6293250352560273
 11
0.0
 21
0.0
 97
        0
 75
     0
 76
     1
 98
        0
450
        0
451
        0
460
0.0
461
0.0
452
        0
462
0.0
453
        0
470

  0
ENDBLK
  5
433
330
42C
100
AcDbEntity
  8
0
100
AcDbBlockEnd
  0
BLOCK
  5
53E
330
53D
100
AcDbEntity
  8
0
100
AcDbBlockBegin
  2
Gruppenbatterie-Verteiler
 70
     0
 10
0.0
 20
0.0
 30
0.0
  3
Gruppenbatterie-Verteiler
  1

  0
HATCH
  5
540
330
53D
100
AcDbEntity
  8
0
100
AcDbHatch
 10
0.0
 20
0.0
 30
0.0
210
0.0
220
0.0
230
1.0
  2
SOLID
 70
     1
 71
     1
 91
        1
 92
        7
 72
     0
 73
     1
 93
        3
 10
2108.281156583084
 20
646.1972045877128
 10
2091.243555703536
 20
646.1972045877128
 10
2091.243555703536
 20
636.9300981426663
 97
        2
330
542
330
543
 75
     0
 76
     1
 47
0.1436537353859981
 98
        1
 10
2098.133590011403
 20
642.6498180239978
450
        1
451
        0
460
0.0
461
0.0
452
        0
462
1.0
453
        2
463
0.0
 63
     3
421
    65280
463
1.0
 63
     3
421
    65280
470
LINEAR
1001
ACAD
1010
0.0
1020
0.0
1030
0.0
1001
GradientColor1ACI
1070
     3
1001
GradientColor2ACI
1070
     3
  0
HATCH
  5
541
330
53D
100
AcDbEntity
  8
0
100
AcDbHatch
 10
0.0
 20
0.0
 30
0.0
210
0.0
220
0.0
230
1.0
  2
SOLID
 70
     1
 71
     1
 91
        1
 92
        7
 72
     0
 73
     1
 93
        3
 10
2108.281156583084
 20
636.9300981426663
 10
2108.281156583084
 20
646.1972045877128
 10
2091.243555703536
 20
636.9300981426663
 97
        2
330
543
330
542
 75
     0
 76
     1
 47
0.0920672418592888
 98
        1
 10
2104.805640148446
 20
640.1726906069034
450
        1
451
        0
460
0.0
461
0.0
452
        0
462
1.0
453
        2
463
0.0
 63
     7
421
 16777215
463
1.0
 63
     7
421
 16777215
470
LINEAR
1001
ACAD
1010
0.0
1020
0.0
1030
0.0
1001
GradientColor1ACI
1070
     7
1001
GradientColor2ACI
1070
     7
  0
LWPOLYLINE
  5
542
102
{ACAD_REACTORS
330
540
330
541
102
}
330
53D
100
AcDbEntity
  8
0
100
AcDbPolyline
 90
        4
 70
     1
 43
0.0
 10
2091.243555703536
 20
646.1972045877128
 10
2108.281156583084
 20
646.1972045877128
 10
2108.281156583084
 20
636.9300981426663
 10
2091.243555703536
 20
636.9300981426663
  0
LWPOLYLINE
  5
543
102
{ACAD_REACTORS
330
540
330
541
102
}
330
53D
100
AcDbEntity
  8
0
100
AcDbPolyline
 90
        2
 70
     0
 43
0.0
 10
2091.243555703536
 20
636.9300981426663
 10
2108.281156583084
 20
646.1972045877128
  0
ENDBLK
  5
53F
330
53D
100
AcDbEntity
  8
0
100
AcDbBlockEnd
  0
ENDSEC
  0
SECTION
  2
ENTITIES
  0
VIEWPORT
  5
2D7
102
{ACAD_XDICTIONARY
360
2D8
102
}
330
D2
100
AcDbEntity
 67
     1
  8
0
348
F5
100
AcDbViewport
 10
2332.842718746682
 20
655.9353817827059
 30
0.0
 40
2535.132720746031
 41
1257.549118619307
 68
     1
 69
     1
 12
2332.842718746682
 22
655.9353817827059
 13
0.0
 23
0.0
 14
10.0
 24
10.0
 15
10.0
 25
10.0
 16
0.0
 26
0.0
 36
1.0
 17
0.0
 27
0.0
 37
0.0
 42
50.0
 43
0.0
 44
0.0
 45
1257.549118619307
 50
0.0
 51
0.0
 72
  1000
 90
   557088
  1

281
     0
 71
     1
 74
     0
110
0.0
120
0.0
130
0.0
111
1.0
121
0.0
131
0.0
112
0.0
122
1.0
132
0.0
 79
     0
146
0.0
170
     0
 61
     5
348
F5
292
     1
282
     1
141
0.0
142
0.0
 63
   250
421
  3355443
  0
VIEWPORT
  5
2DB
102
{ACAD_XDICTIONARY
360
2DC
102
}
330
D2
100
AcDbEntity
 67
     1
  8
0
348
F5
100
AcDbViewport
 10
128.5
 20
97.5
 30
0.0
 40
205.6
 41
156.0
 68
    -1
 69
     2
 12
210.0
 22
148.5
 13
0.0
 23
0.0
 14
10.0
 24
10.0
 15
10.0
 25
10.0
 16
0.0
 26
0.0
 36
1.0
 17
0.0
 27
0.0
 37
0.0
 42
50.0
 43
0.0
 44
0.0
 45
321.2129343888367
 50
0.0
 51
0.0
 72
  1000
 90
   819808
  1

281
     0
 71
     1
 74
     0
110
0.0
120
0.0
130
0.0
111
1.0
121
0.0
131
0.0
112
0.0
122
1.0
132
0.0
 79
     0
146
0.0
170
     0
 61
     5
348
F5
292
     1
282
     1
141
0.0
142
0.0
 63
   250
421
  3355443
  0
VIEWPORT
  5
4B0
102
{ACAD_XDICTIONARY
360
4B1
102
}
330
D2
100
AcDbEntity
 67
     1
  8
0
348
F5
100
AcDbViewport
 10
1848.114934123709
 20
573.3357413091074
 30
0.0
 40
477.0643104286627
 41
529.7692743532523
 68
     2
 69
     4
 12
3625.455589518616
 22
2379.040687299118
 13
0.0
 23
0.0
 14
10.0
 24
10.0
 15
10.0
 25
10.0
 16
0.0
 26
0.0
 36
1.0
 17
0.0
 27
0.0
 37
0.0
 42
50.0
 43
0.0
 44
0.0
 45
1817.978067000552
 50
0.0
 51
0.0
 72
  1000
 90
   819296
  1

281
     0
 71
     1
 74
     0
110
0.0
120
0.0
130
0.0
111
1.0
121
0.0
131
0.0
112
0.0
122
1.0
132
0.0
 79
     0
146
0.0
170
     0
 61
     5
348
F5
292
     1
282
     1
141
0.0
142
0.0
 63
   250
421
  3355443
  0
LINE
  5
4B3
330
D2
100
AcDbEntity
 67
     1
  8
ET_LEGENDE - Wohnung$0$800_AL_ALLG_L
100
AcDbLine
 10
2086.651378393264
 20
495.3614965065396
 30
0.0
 11
2291.337783786
 21
495.3614965065396
 31
0.0
  0
LINE
  5
4B4
330
D2
100
AcDbEntity
 67
     1
  8
ET_LEGENDE - Wohnung$0$800_AL_ALLG_L
100
AcDbLine
 10
2291.698056671667
 20
597.2712072895233
 30
0.0
 11
2086.647856423011
 21
597.2746585679766
 31
0.0
  0
LINE
  5
4B5
330
D2
100
AcDbEntity
 67
     1
  8
ET_LEGENDE - Wohnung$0$800_AL_ALLG_L
100
AcDbLine
 10
2291.337783786
 20
388.4073217051944
 30
0.0
 11
2086.647856423011
 21
388.4073217051944
 31
0.0
  0
LINE
  5
4B6
330
D2
100
AcDbEntity
 67
     1
  8
ET_LEGENDE - Wohnung$0$800_AL_ALLG_L
100
AcDbLine
 10
2086.647856423011
 20
436.1935937735268
 30
0.0
 11
2291.337783786
 21
436.1935937735268
 31
0.0
  0
LINE
  5
4B7
330
D2
100
AcDbEntity
 67
     1
  8
ET_LEGENDE - Wohnung$0$800_AL_ALLG_L
100
AcDbLine
 10
2086.647856423011
 20
536.8990250583317
 30
0.0
 11
2291.698056671667
 21
536.8952595378994
 31
0.0
  0
LINE
  5
4B8
330
D2
100
AcDbEntity
 67
     1
  8
ET_LEGENDE - Wohnung$0$800_AL_ALLG_L
100
AcDbLine
 10
2086.647856423011
 20
541.7493376842274
 30
0.0
 11
2264.831087620736
 21
541.7493376842274
 31
0.0
  0
LINE
  5
4B9
330
D2
100
AcDbEntity
 67
     1
  8
ET_LEGENDE - Wohnung$0$800_AL_ALLG_L
100
AcDbLine
 10
2086.647856423011
 20
549.8076262885286
 30
0.0
 11
2264.831087620736
 21
549.8076262885286
 31
0.0
  0
LINE
  5
4BA
330
D2
100
AcDbEntity
 67
     1
  8
ET_LEGENDE - Wohnung$0$800_AL_ALLG_L
100
AcDbLine
 10
2086.647856423011
 20
558.6103806913828
 30
0.0
 11
2264.831087620736
 21
558.6103806913828
 31
0.0
  0
LINE
  5
4BB
330
D2
100
AcDbEntity
 67
     1
  8
ET_LEGENDE - Wohnung$0$800_AL_ALLG_L
100
AcDbLine
 10
2086.647856423011
 20
562.2289401809632
 30
0.0
 11
2264.831087620736
 21
562.2289401809632
 31
0.0
  0
LINE
  5
4BC
330
D2
100
AcDbEntity
 67
     1
  8
ET_LEGENDE - Wohnung$0$800_AL_ALLG_L
100
AcDbLine
 10
2086.647856423011
 20
569.4660591594804
 30
0.0
 11
2264.831087620736
 21
569.4660591594804
 31
0.0
  0
LINE
  5
4BD
330
D2
100
AcDbEntity
 67
     1
  8
ET_LEGENDE - Wohnung$0$800_AL_ALLG_L
100
AcDbLine
 10
2086.647856423011
 20
573.9711455934302
 30
0.0
 11
2264.831087620736
 21
573.9711455934302
 31
0.0
  0
LINE
  5
4BE
330
D2
100
AcDbEntity
 67
     1
  8
ET_LEGENDE - Wohnung$0$800_AL_ALLG_L
100
AcDbLine
 10
2086.647856423011
 20
579.2851131251138
 30
0.0
 11
2264.831087620736
 21
579.1783788916197
 31
0.0
  0
LINE
  5
4BF
330
D2
100
AcDbEntity
 67
     1
  8
ET_LEGENDE - Wohnung$0$800_AL_ALLG_L
100
AcDbLine
 10
2086.647856423011
 20
582.7969383812012
 30
0.0
 11
2291.698056671667
 21
582.7923371192075
 31
0.0
  0
LINE
  5
4C0
330
D2
100
AcDbEntity
 67
     1
  8
ET_LEGENDE - Wohnung$0$800_AL_ALLG_L
100
AcDbLine
 10
2086.647856423011
 20
554.1604138246941
 30
0.0
 11
2264.831087620736
 21
554.1604138246941
 31
0.0
  0
LINE
  5
4C1
330
D2
100
AcDbEntity
 67
     1
  8
ET_LEGENDE - Wohnung$0$800_AL_ALLG_L
100
AcDbLine
 10
2086.647856423011
 20
545.7784819865623
 30
0.0
 11
2264.831087620736
 21
545.7784819865623
 31
0.0
  0
LINE
  5
4C2
330
D2
100
AcDbEntity
 67
     1
  8
ET_LEGENDE - Wohnung$0$800_AL_ALLG_L
100
AcDbLine
 10
2086.647856423011
 20
344.7197649099823
 30
0.0
 11
2291.337783786
 21
344.7197649099823
 31
0.0
  0
LINE
  5
4C3
330
D2
100
AcDbEntity
 67
     1
  8
ET_LEGENDE - Wohnung$0$800_AL_ALLG_L
100
AcDbLine
 10
2264.831087620736
 20
582.7969383812008
 30
0.0
 11
2264.831087620736
 21
537.022131055679
 31
0.0
  0
LINE
  5
4C4
330
D2
100
AcDbEntity
 67
     1
  8
ET_LEGENDE - Wohnung$0$800_AL_ALLG_L
100
AcDbLine
 10
2124.053315731463
 20
582.7969383812012
 30
0.0
 11
2124.053315731463
 21
536.8990250583317
 31
0.0
  0
LINE
  5
4C5
330
D2
100
AcDbEntity
 67
     1
  8
ET_LEGENDE - Wohnung$0$800_AL_ALLG_L
100
AcDbLine
 10
2099.444020857895
 20
582.7969383812012
 30
0.0
 11
2099.444020857895
 21
536.8990250583317
 31
0.0
  0
LINE
  5
4C6
330
D2
100
AcDbEntity
 67
     1
  8
ET_LEGENDE - Wohnung$0$800_AL_ALLG_L
100
AcDbLine
 10
2264.831087620736
 20
582.7969383812008
 30
0.0
 11
2264.831087620736
 21
536.8990250583313
 31
0.0
  0
TEXT
  5
4C7
330
D2
100
AcDbEntity
 67
     1
  8
ET_LEGENDE - Wohnung$0$800_AL_ALLG_L
100
AcDbText
 10
2129.221295456726
 20
580.1358306253284
 30
0.0
 40
1.447423795731553
  1
ÄNDERUNG
  7
ERSTELLTER_STIL_5
100
AcDbText
  0
TEXT
  5
4C8
330
D2
100
AcDbEntity
 67
     1
  8
ET_LEGENDE - Wohnung$0$800_AL_ALLG_L
100
AcDbText
 10
2107.440610309337
 20
580.30511641919
 30
0.0
 40
1.447423795731553
  1
DATUM
  7
ERSTELLTER_STIL_5
100
AcDbText
  0
TEXT
  5
4C9
330
D2
100
AcDbEntity
 67
     1
  8
ET_LEGENDE - Wohnung$0$800_AL_ALLG_L
100
AcDbText
 10
2255.619402012324
 20
580.4396141538927
 30
0.0
 40
1.447423795731553
  1
GEZ.
  7
ERSTELLTER_STIL_5
100
AcDbText
  0
TEXT
  5
4CA
330
D2
100
AcDbEntity
 67
     1
  8
ET_LEGENDE - Wohnung$0$800_AL_ALLG_L
100
AcDbText
 10
2087.265369403183
 20
592.7708680333339
 30
0.0
 40
2.894847591463108
  1
PLANINHALT
  7
ERSTELLTER_STIL_5
100
AcDbText
  0
TEXT
  5
4CB
330
D2
100
AcDbEntity
 67
     1
  8
ET_LEGENDE - Wohnung$0$800_AL_ALLG_L
100
AcDbText
 10
2269.403510299314
 20
595.3820966896849
 30
0.0
 40
1.447423795731553
  1
PLANNUMMER
  7
ERSTELLTER_STIL_5
100
AcDbText
  0
TEXT
  5
4CC
330
D2
100
AcDbEntity
 67
     1
  8
ET_LEGENDE - Wohnung$0$800_AL_ALLG_L
100
AcDbText
 10
2158.114969496273
 20
512.713290787917
 30
0.0
 40
7.666653578724941
  1
MVP-Projekt
  7
ERSTELLTER_STIL_5
100
AcDbText
  0
TEXT
  5
4CD
330
D2
100
AcDbEntity
 67
     1
  8
ET_LEGENDE - Wohnung$0$800_AL_ALLG_L
100
AcDbText
 10
2087.590063349834
 20
426.6083509320145
 30
0.0
 40
6.084645697400747
  1
Bauherr:
  7
ERSTELLTER_STIL_5
100
AcDbText
  0
TEXT
  5
4CE
330
D2
100
AcDbEntity
 67
     1
  8
ET_LEGENDE - Wohnung$0$800_AL_ALLG_L
100
AcDbText
 10
2162.107687427914
 20
588.3365755919481
 30
0.0
 40
4.586524152724336
  1
Erdgeschoss
  7
ERSTELLTER_STIL_5
100
AcDbText
  0
TEXT
  5
4CF
330
D2
100
AcDbEntity
 67
     1
  8
ET_LEGENDE - Wohnung$0$800_AL_ALLG_L
100
AcDbText
 10
2099.116846197153
 20
499.9317645492121
 30
0.0
 40
4.733240894480913
  1
PROJEKT
 50
90.0
100
AcDbText
  0
TEXT
  5
4D0
330
D2
100
AcDbEntity
 67
     1
  8
ET_LEGENDE - Wohnung$0$800_AL_ALLG_L
100
AcDbText
 10
2088.144792853373
 20
380.0682402493318
 30
0.0
 40
6.084645697400747
  1
Planverfasser
  7
ERSTELLTER_STIL_5
100
AcDbText
  0
TEXT
  5
4D1
330
D2
100
AcDbEntity
 67
     1
  8
ET_LEGENDE - Wohnung$0$800_AL_ALLG_L
100
AcDbText
 10
2141.659069401176
 20
380.0682402493318
 30
0.0
 40
6.084645697400747
  1
:
  7
ERSTELLTER_STIL_5
100
AcDbText
  0
LINE
  5
4D2
330
D2
100
AcDbEntity
 67
     1
  8
ET_LEGENDE - Wohnung$0$800_AL_ALLG_L
100
AcDbLine
 10
2188.388483246924
 20
436.1935937735268
 30
0.0
 11
2188.388483246924
 21
344.7197649099823
 31
0.0
  0
TEXT
  5
4D3
330
D2
100
AcDbEntity
 67
     1
  8
ET_LEGENDE - Wohnung$0$800_AL_ALLG_L
100
AcDbText
 10
2192.021872875449
 20
426.8582819386939
 30
0.0
 40
6.084645697400747
  1
Architekt:
  7
ERSTELLTER_STIL_5
100
AcDbText
  0
TEXT
  5
4D4
330
D2
100
AcDbEntity
 67
     1
  8
ET_LEGENDE - Wohnung$0$800_AL_ALLG_L
100
AcDbText
 10
2190.81774696674
 20
380.0682402493318
 30
0.0
 40
6.084645697400747
  1
Generelunternehmer
  7
ERSTELLTER_STIL_5
100
AcDbText
  0
TEXT
  5
4D5
330
D2
100
AcDbEntity
 67
     1
  8
ET_LEGENDE - Wohnung$0$800_AL_ALLG_L
100
AcDbText
 10
2288.821286136793
 20
380.0682402493318
 30
0.0
 40
6.084645697400747
  1
:
  7
ERSTELLTER_STIL_5
100
AcDbText
  0
TEXT
  5
4D6
330
D2
100
AcDbEntity
 67
     1
  8
ET_LEGENDE - Wohnung$0$800_AL_ALLG_L
100
AcDbText
 10
2265.726511374163
 20
531.4644737853022
 30
0.0
 40
3.157422281876876
  1
MAßSTAB
  7
ERSTELLTER_STIL_5
100
AcDbText
  0
TEXT
  5
4D7
330
D2
100
AcDbEntity
 67
     1
  8
ET_LEGENDE - Wohnung$0$800_AL_ALLG_L
100
AcDbText
 10
2264.439625401865
 20
523.1449297045806
 30
0.0
 40
5.525488993284516
  1
1:50
  7
ERSTELLTER_STIL_1
100
AcDbText
  0
TEXT
  5
4D8
330
D2
100
AcDbEntity
 67
     1
  8
ET_LEGENDE - Wohnung$0$800_AL_ALLG_L
100
AcDbText
 10
2111.449754825681
 20
365.9919504680591
 30
0.0
 40
4.082493729869838
  1
Rivoplan
  7
ERSTELLTER_STIL_5
100
AcDbText
  0
TEXT
  5
4D9
330
D2
100
AcDbEntity
 67
     1
  8
ET_LEGENDE - Wohnung$0$800_AL_ALLG_L
100
AcDbText
 10
2087.687495673066
 20
580.1358306253284
 30
0.0
 40
1.447423795731553
  1
Index
  7
ERSTELLTER_STIL_5
100
AcDbText
  0
TEXT
  5
4DA
330
D2
100
AcDbEntity
 67
     1
  8
ET_LEGENDE - Wohnung$0$800_AL_ALLG_L
100
AcDbText
 10
2276.849206642271
 20
576.0758903339739
 30
0.0
 40
1.447423795731553
  1
Index
  7
ERSTELLTER_STIL_5
100
AcDbText
  0
LINE
  5
4DB
330
D2
100
AcDbEntity
 67
     1
  8
ET_LEGENDE - Wohnung$0$800_AL_ALLG_L
100
AcDbLine
 10
2086.7489972431
 20
565.6652905377665
 30
0.0
 11
2264.831087620736
 21
565.6652905377665
 31
0.0
  0
TEXT
  5
4DC
330
D2
100
AcDbEntity
 67
     1
  8
ET_LEGENDE - Wohnung$0$800_AL_ALLG_L
100
AcDbText
 10
2174.926963972183
 20
455.4014549501281
 30
0.0
 40
4.158671542972014
  1
Homepage: www.rivoplan.com
  7
ARIAL
 72
     4
 11
2214.319455364734
 21
456.8694716782918
 31
0.0
100
AcDbText
  0
TEXT
  5
4DD
330
D2
100
AcDbEntity
 67
     1
  8
ET_LEGENDE - Wohnung$0$800_AL_ALLG_L
100
AcDbText
 10
2193.668223425668
 20
476.4480924257234
 30
0.0
 40
5.988487021879695
  1
Rivoplan
  7
ARIAL
100
AcDbText
  0
TEXT
  5
4DE
330
D2
100
AcDbEntity
 67
     1
  8
ET_LEGENDE - Wohnung$0$800_AL_ALLG_L
100
AcDbText
 10
2180.818059577074
 20
464.1866445470705
 30
0.0
 40
4.158671542972014
  1
E-Mail: office@rivoplan.at
  7
ARIAL
 72
     4
 11
2213.956941545013
 21
465.6929573637951
 31
0.0
100
AcDbText
  0
LINE
  5
4DF
330
D2
100
AcDbEntity
 67
     1
  8
ET_LEGENDE - Wohnung$0$800_AL_ALLG_L
100
AcDbLine
 10
2264.941454350962
 20
597.2716576401445
 30
0.0
 11
2264.831087620736
 21
582.7969383812008
 31
0.0
  0
TEXT
  5
4E0
330
D2
100
AcDbEntity
 67
     1
  8
ET_LEGENDE - Wohnung$0$800_AL_ALLG_L
100
AcDbText
 10
2124.991200300888
 20
321.6668476927369
 30
0.0
 40
8.424894042554889
  1
Notbeleuchtungsplan
  7
ERSTELLTER_STIL_1
100
AcDbText
  0
TEXT
  5
4E1
330
D2
100
AcDbEntity
 67
     1
  8
ET_LEGENDE - Wohnung$0$800_AL_ALLG_L
100
AcDbText
 10
2126.527520746319
 20
575.3100308923988
 30
-0.0000000000002593
 40
1.806955433499873
  1
Notbeleuchtungsplan
  7
ERSTELLTER_STIL_5
100
AcDbText
  0
TEXT
  5
4E2
330
D2
100
AcDbEntity
 67
     1
  8
ET_LEGENDE - Wohnung$0$800_AL_ALLG_L
100
AcDbText
 10
2256.188412280506
 20
575.4769975780318
 30
-0.0000000000002593
 40
1.806955433499873
  1
NP
  7
ERSTELLTER_STIL_5
100
AcDbText
  0
TEXT
  5
4E3
330
D2
100
AcDbEntity
 67
     1
  8
ET_LEGENDE - Wohnung$0$800_AL_ALLG_L
100
AcDbText
 10
2091.157413881035
 20
574.9167465090669
 30
-0.0000000000002593
 40
2.562427361549509
  1
A
  7
ERSTELLTER_STIL_5
100
AcDbText
  0
TEXT
  5
4E4
330
D2
100
AcDbEntity
 67
     1
  8
ET_LEGENDE - Wohnung$0$800_AL_ALLG_L
100
AcDbText
 10
2273.451830150801
 20
557.7445427046143
 30
-0.000000000000817
 40
8.073861698008697
  1
A
  7
ERSTELLTER_STIL_5
100
AcDbText
  0
LWPOLYLINE
  5
4E5
330
D2
100
AcDbEntity
 67
     1
  8
0
 62
    18
420
        0
100
AcDbPolyline
 90
        2
 70
     0
 43
0.0
 10
2086.64708933804
 20
629.6900309595194
 10
2086.64708933804
 20
308.4511041324814
  0
IMAGE
  5
4E6
330
D2
100
AcDbEntity
 67
     1
  8
PDF2_Bilder
160
               140
310
8C00000001000000840000000600000005000000BF8CED8FF84DA0401DE0C8F518437B400000000000000000BF8CED8FF84DA040191E810849F17E4000000000000000007E944492BEC3A040191E810849F17E4000000000000000007E944492BEC3A0401DE0C8F518437B400000000000000000BF8CED8FF84DA0401DE0C8
310
F518437B400000000000000000
100
AcDbRasterImage
 90
        0
 10
2086.985473082954
 20
436.1935937735268
 30
0.0
 11
0.0469591200976819
 21
0.0
 31
0.0
 12
0.0
 22
0.0469591200976819
 32
0.0
 13
1254.0
 23
1254.0
340
3B8
 70
    15
280
     0
281
    50
282
    50
283
     0
290
     0
360
4E7
 71
     1
 91
        2
 14
-0.5
 24
-0.5
 14
1253.5
 24
1253.5
  0
LWPOLYLINE
  5
4E8
330
D2
100
AcDbEntity
 67
     1
  8
0
 62
    18
420
        0
100
AcDbPolyline
 90
        4
 70
     1
 43
0.0
 10
2267.452529203547
 20
571.1576175468669
 10
2289.217664272285
 20
571.1576175468669
 10
2289.217664272285
 20
549.6242116508197
 10
2267.452529203547
 20
549.6242116508197
  0
TEXT
  5
4E9
330
D2
100
AcDbEntity
 67
     1
  8
E_Muster
 62
   102
420
  2219575
100
AcDbText
 10
2118.546387218902
 20
730.059557825013
 30
-0.0000000000000054
 40
5.813444891181037
  1
Notbeleuchtung-RZ- Pfeil nach unten
 41
0.6
  7
ET_LEGENDE - Wohnung$0$ROMANS
 11
2118.546387218902
 21
732.9662802706035
 31
-0.0000000000000054
100
AcDbText
 73
     2
1001
ACAD
1000
ACAD_MTEXT_DEFINED_HEIGHT_BEGIN
1070
    46
1040
0.0
1000
ACAD_MTEXT_DEFINED_HEIGHT_END
  0
TEXT
  5
4EA
330
D2
100
AcDbEntity
 67
     1
  8
E_Muster
 62
   102
420
  2219575
100
AcDbText
 10
2118.546387218902
 20
719.0219830512868
 30
-0.0000000000000054
 40
5.813444891181037
  1
Notbeleuchtung-RZ-Pfeil nach links
 41
0.6
  7
ET_LEGENDE - Wohnung$0$ROMANS
 11
2118.546387218902
 21
721.9287054968773
 31
-0.0000000000000054
100
AcDbText
 73
     2
1001
ACAD
1000
ACAD_MTEXT_DEFINED_HEIGHT_BEGIN
1070
    46
1040
0.0
1000
ACAD_MTEXT_DEFINED_HEIGHT_END
  0
TEXT
  5
4EB
330
D2
100
AcDbEntity
 67
     1
  8
E_Muster
 62
   102
420
  2219575
100
AcDbText
 10
2118.546387218902
 20
708.8994949451203
 30
-0.0000000000000054
 40
5.813444891181037
  1
Notbeleuchtung-RZ-Pfeil nach rechts
 41
0.6
  7
ET_LEGENDE - Wohnung$0$ROMANS
 11
2118.546387218902
 21
711.8062173907108
 31
-0.0000000000000054
100
AcDbText
 73
     2
1001
ACAD
1000
ACAD_MTEXT_DEFINED_HEIGHT_BEGIN
1070
    46
1040
0.0
1000
ACAD_MTEXT_DEFINED_HEIGHT_END
  0
INSERT
  5
4EC
330
D2
100
AcDbEntity
 67
     1
  8
0
 62
   150
100
AcDbBlockReference
  2
Notbeleuchtung- Richtungspfeil nach unten
 10
-9494.8585470293
 20
-9538.315968519816
 30
0.0000000000000204
 41
4.451752115430204
 42
4.451752115430204
 43
4.451752115430204
  0
INSERT
  5
4ED
330
D2
100
AcDbEntity
 67
     1
  8
0
 62
   150
100
AcDbBlockReference
  2
Notbeleuchtung-Richtungspfeil nach links
 10
-9494.586693284251
 20
-9540.319821438959
 30
0.0000000000000204
 41
4.451752115430204
 42
4.451752115430204
 43
4.451752115430204
  0
INSERT
  5
4EE
330
D2
100
AcDbEntity
 67
     1
  8
0
 62
   150
100
AcDbBlockReference
  2
Notbeleuchtung-Richtungspfeil nach rechts
 10
-9495.103566663493
 20
-9530.574302134995
 30
0.0000000000000204
 41
4.451752115430204
 42
4.451752115430204
 43
4.451752115430204
  0
TEXT
  5
4EF
330
D2
100
AcDbEntity
 67
     1
  8
E_Muster
 62
   102
420
  2219575
100
AcDbText
 10
2118.48285951719
 20
697.030301774851
 30
-0.0000000000000054
 40
5.813444891181037
  1
Notbeleuchtung-Aufheller
 41
0.6
  7
ET_LEGENDE - Wohnung$0$ROMANS
 11
2118.48285951719
 21
699.9370242204415
 31
-0.0000000000000054
100
AcDbText
 73
     2
1001
ACAD
1000
ACAD_MTEXT_DEFINED_HEIGHT_BEGIN
1070
    46
1040
0.0
1000
ACAD_MTEXT_DEFINED_HEIGHT_END
  0
INSERT
  5
4F0
330
D2
100
AcDbEntity
 67
     1
  8
0
 62
   150
100
AcDbBlockReference
  2
Notbeleuchtung- Antipanikleuchte
 10
-4571.360557670458
 20
-5026.857231292371
 30
0.0
 41
2.079042355985016
 42
2.079042355985016
 43
2.079042355985016
  0
TEXT
  5
4F1
330
D2
100
AcDbEntity
 67
     1
  8
E_Muster
 62
   102
420
  2219575
100
AcDbText
 10
2118.546387218902
 20
684.577560987628
 30
-0.0000000000000054
 40
5.813444891181037
  1
Notbeleuchtung-Antipanikleuchte
 41
0.6
  7
ET_LEGENDE - Wohnung$0$ROMANS
 11
2118.546387218902
 21
687.4842834332185
 31
-0.0000000000000054
100
AcDbText
 73
     2
1001
ACAD
1000
ACAD_MTEXT_DEFINED_HEIGHT_BEGIN
1070
    46
1040
0.0
1000
ACAD_MTEXT_DEFINED_HEIGHT_END
  0
TEXT
  5
4F2
330
D2
100
AcDbEntity
 67
     1
  8
E_Muster
 62
    18
420
        0
100
AcDbText
 10
2088.637791399286
 20
748.0792718446318
 30
-0.0000000000000054
 40
5.813444891181037
  1
Symbole
 41
0.6
  7
ET_LEGENDE - Wohnung$0$ROMANS
 11
2088.637791399286
 21
750.9859942902224
 31
-0.0000000000000054
100
AcDbText
 73
     2
1001
ACAD
1000
ACAD_MTEXT_DEFINED_HEIGHT_BEGIN
1070
    46
1040
0.0
1000
ACAD_MTEXT_DEFINED_HEIGHT_END
  0
TEXT
  5
4F3
330
D2
100
AcDbEntity
 67
     1
  8
E_Muster
 62
    18
420
        0
100
AcDbText
 10
2116.159143276842
 20
748.1504195558636
 30
-0.0000000000000054
 40
5.813444891181037
  1
Beschriftung
 41
0.6
  7
ET_LEGENDE - Wohnung$0$ROMANS
 11
2116.159143276842
 21
751.0571420014541
 31
-0.0000000000000054
100
AcDbText
 73
     2
1001
ACAD
1000
ACAD_MTEXT_DEFINED_HEIGHT_BEGIN
1070
    46
1040
0.0
1000
ACAD_MTEXT_DEFINED_HEIGHT_END
  0
LWPOLYLINE
  5
4F4
330
D2
100
AcDbEntity
 67
     1
  8
0
 62
    18
420
        0
100
AcDbPolyline
 90
        4
 70
     1
 43
0.0
 10
2086.815483675547
 20
745.6046031793269
 10
2290.801610390021
 20
745.6046031793269
 10
2290.801610390021
 20
614.5245847849257
 10
2086.815483675547
 20
614.5245847849257
  0
LWPOLYLINE
  5
4F5
330
D2
100
AcDbEntity
 67
     1
  8
0
 62
    18
420
        0
100
AcDbPolyline
 90
        2
 70
     0
 43
0.0
 10
2113.058525386548
 20
745.5097341085814
 10
2113.058525386548
 20
633.350765365067
  0
LWPOLYLINE
  5
4F6
330
D2
100
AcDbEntity
 67
     1
  8
0
 62
    18
420
        0
100
AcDbPolyline
 90
        4
 70
     1
 43
0.0
 10
2086.815483675547
 20
745.6046031793269
 10
2290.801610390021
 20
745.6046031793269
 10
2290.801610390021
 20
755.0478047223862
 10
2086.815483675547
 20
755.0478047223862
  0
LWPOLYLINE
  5
4F7
330
D2
100
AcDbEntity
 67
     1
  8
0
 62
    18
420
        0
100
AcDbPolyline
 90
        2
 70
     0
 43
0.0
 10
2113.058525386548
 20
745.5097341085814
 10
2113.058525386548
 20
755.0478047223862
  0
LWPOLYLINE
  5
4F8
330
D2
100
AcDbEntity
 67
     1
  8
0
 62
    18
420
        0
100
AcDbPolyline
 90
        4
 70
     0
 43
0.0
 10
2113.092212170176
 20
726.6849715588825
 10
2086.815483675547
 20
726.6849715588825
 10
2113.092212170176
 20
726.6849715588825
 10
2290.801610390021
 20
726.6849715588825
  0
LWPOLYLINE
  5
4F9
330
D2
100
AcDbEntity
 67
     1
  8
0
 62
    18
420
        0
100
AcDbPolyline
 90
        4
 70
     0
 43
0.0
 10
2113.092212170176
 20
716.2624450841932
 10
2086.815483675547
 20
716.2624450841932
 10
2113.092212170176
 20
716.2624450841932
 10
2290.801610390021
 20
716.2624450841932
  0
LWPOLYLINE
  5
4FA
330
D2
100
AcDbEntity
 67
     1
  8
0
 62
    18
420
        0
100
AcDbPolyline
 90
        4
 70
     0
 43
0.0
 10
2113.092212170176
 20
705.6821477027539
 10
2086.815483675547
 20
705.6821477027539
 10
2113.092212170176
 20
705.6821477027539
 10
2290.801610390021
 20
705.6821477027539
  0
LWPOLYLINE
  5
4FB
330
D2
100
AcDbEntity
 67
     1
  8
0
 62
    18
420
        0
100
AcDbPolyline
 90
        4
 70
     0
 43
0.0
 10
2113.092212170176
 20
693.6847947332191
 10
2086.815483675547
 20
693.6847947332191
 10
2113.092212170176
 20
693.6847947332191
 10
2290.801610390021
 20
693.6847947332191
  0
INSERT
  5
4FC
330
D2
100
AcDbEntity
 67
     1
  8
0
100
AcDbBlockReference
  2
Aufheller Notbeleuchtung
 10
-1730.982707152847
 20
-2388.751837531177
 30
0.0
 41
2.079042355985016
 42
2.079042355985016
 43
2.079042355985016
  0
INSERT
  5
4FD
330
D2
100
AcDbEntity
 67
     1
  8
0
 62
   150
100
AcDbBlockReference
  2
Notbeleuchtung-Richtungspfeil nach links
 10
-9494.586693284251
 20
-9583.919413344229
 30
0.0000000000000204
 41
4.451752115430204
 42
4.451752115430204
 43
4.451752115430204
  0
INSERT
  5
4FE
330
D2
100
AcDbEntity
 67
     1
  8
0
 62
   150
100
AcDbBlockReference
  2
Notbeleuchtung-Richtungspfeil nach links
 10
-9494.586693284251
 20
10927.20756690158
 30
0.0000000000000204
 41
-4.451752115430204
 42
4.451752115430204
 43
4.451752115430204
 50
180.0
  0
LWPOLYLINE
  5
4FF
330
D2
100
AcDbEntity
 67
     1
  8
0
 62
    18
420
        0
100
AcDbPolyline
 90
        4
 70
     0
 43
0.0
 10
2113.092212170176
 20
680.7238692105404
 10
2086.815483675547
 20
680.7238692105404
 10
2113.092212170176
 20
680.7238692105404
 10
2290.801610390021
 20
680.7238692105404
  0
TEXT
  5
500
330
D2
100
AcDbEntity
 67
     1
  8
E_Muster
 62
   102
420
  2219575
100
AcDbText
 10
2118.546387218902
 20
669.0903533347395
 30
-0.0000000000000054
 40
5.813444891181037
  1
Notbeleuchtung-RZ-beidseitig
 41
0.6
  7
ET_LEGENDE - Wohnung$0$ROMANS
 11
2118.546387218902
 21
671.99707578033
 31
-0.0000000000000054
100
AcDbText
 73
     2
1001
ACAD
1000
ACAD_MTEXT_DEFINED_HEIGHT_BEGIN
1070
    46
1040
0.0
1000
ACAD_MTEXT_DEFINED_HEIGHT_END
  0
LWPOLYLINE
  5
502
330
D2
100
AcDbEntity
 67
     1
  8
0
 62
    18
420
        0
100
AcDbPolyline
 90
        4
 70
     0
 43
0.0
 10
2113.092212170176
 20
654.3722491761737
 10
2086.815483675547
 20
654.3722491761737
 10
2113.092212170176
 20
654.3722491761737
 10
2290.801610390021
 20
654.3722491761737
  0
TEXT
  5
503
330
D2
100
AcDbEntity
 67
     1
  8
E_Muster
 62
   102
420
  2219575
100
AcDbText
 10
2117.953492086695
 20
639.7886170123165
 30
-0.0000000000000054
 40
5.813444891181037
  1
Notbeleuchtung-Gruppenbatterie-Verteiler
 41
0.6
  7
ET_LEGENDE - Wohnung$0$ROMANS
 11
2117.953492086695
 21
642.695339457907
 31
-0.0000000000000054
100
AcDbText
 73
     2
1001
ACAD
1000
ACAD_MTEXT_DEFINED_HEIGHT_BEGIN
1070
    46
1040
0.0
1000
ACAD_MTEXT_DEFINED_HEIGHT_END
  0
LWPOLYLINE
  5
504
330
D2
100
AcDbEntity
 67
     1
  8
0
100
AcDbPolyline
 90
        4
 70
     1
 43
0.0
 10
2086.64708933804
 20
308.4511041324814
 10
2291.337783786
 20
308.4511041324814
 10
2291.337783786
 20
838.2203784857336
 10
2086.64708933804
 20
838.2203784857336
  0
LWPOLYLINE
  5
505
330
D2
100
AcDbEntity
 67
     1
  8
0
 62
    18
420
        0
100
AcDbPolyline
 90
        2
 70
     0
 43
0.0
 10
2113.058525386548
 20
745.5097341085809
 10
2113.058525386548
 20
614.5245847849257
  0
INSERT
  5
506
330
D2
100
AcDbEntity
 67
     1
  8
din_SIBEL_10_emergency_lighting
100
AcDbBlockReference
  2
Spot Notbeleuchtung
 10
2097.19388406269
 20
624.838942062014
 30
0.0
 41
2.155340094809343
 42
2.155340094809343
 43
0.0116504869989694
1001
NOTBELEUCHTUNG
1000
stromkreis=AGV-A-F13
  0
TEXT
  5
507
330
D2
100
AcDbEntity
 67
     1
  8
E_Muster
 62
   102
420
  2219575
100
AcDbText
 10
2118.787504432809
 20
622.067624696338
 30
-0.0000000000000054
 40
5.813444891181037
  1
Notbeleuchtung-Spot-Aufheller
 41
0.6
  7
ET_LEGENDE - Wohnung$0$ROMANS
 11
2118.787504432809
 21
624.9743471419285
 31
-0.0000000000000054
100
AcDbText
 73
     2
1001
ACAD
1000
ACAD_MTEXT_DEFINED_HEIGHT_BEGIN
1070
    46
1040
0.0
1000
ACAD_MTEXT_DEFINED_HEIGHT_END
  0
LWPOLYLINE
  5
508
330
D2
100
AcDbEntity
 67
     1
  8
0
 62
    18
420
        0
100
AcDbPolyline
 90
        4
 70
     0
 43
0.0
 10
2113.092212170176
 20
633.350765365067
 10
2086.815483675547
 20
633.350765365067
 10
2113.092212170176
 20
633.350765365067
 10
2290.801610390021
 20
633.350765365067
  0
INSERT
  5
544
330
D2
100
AcDbEntity
 67
     1
  8
0
100
AcDbBlockReference
  2
Gruppenbatterie-Verteiler
 10
0.0
 20
0.0
 30
0.0
  0
ENDSEC
  0
SECTION
  2
OBJECTS
  0
DICTIONARY
  5
C
330
0
100
AcDbDictionary
281
     1
  3
ACAD_CIP_PREVIOUS_PRODUCT_INFO
350
216
  3
ACAD_COLOR
350
6B
  3
ACAD_DETAILVIEWSTYLE
350
21B
  3
ACAD_GROUP
350
D
  3
ACAD_IMAGE_DICT
350
3B7
  3
ACAD_IMAGE_VARS
350
3BE
  3
ACAD_LAST_SAVED_VERSION_INFO
350
41D
  3
ACAD_LAYOUT
350
1A
  3
ACAD_MATERIAL
350
6A
  3
ACAD_MLEADERSTYLE
350
12D
  3
ACAD_MLINESTYLE
350
17
  3
ACAD_PLOTSETTINGS
350
19
  3
ACAD_PLOTSTYLENAME
350
E
  3
ACAD_SCALELIST
350
10C
  3
ACAD_SECTIONVIEWSTYLE
350
219
  3
ACAD_TABLESTYLE
350
7E
  3
ACAD_VISUALSTYLE
350
EF
  3
ACDB_RECOMPOSE_DATA
350
560
  3
ACDBVARIABLEDICTIONARY
350
436
  0
DICTIONARY
  5
1FF
330
2
100
AcDbDictionary
280
     1
281
     1
  3
ACAD_LAYERSTATES
360
200
  0
DICTIONARY
  5
13C
330
10
100
AcDbDictionary
280
     1
281
     1
  0
DICTIONARY
  5
336
330
335
100
AcDbDictionary
280
     1
281
     1
  0
DICTIONARY
  5
338
330
337
100
AcDbDictionary
280
     1
281
     1
  0
DICTIONARY
  5
1CE
330
1F
100
AcDbDictionary
280
     1
281
     1
  0
DICTIONARY
  5
50E
330
D2
100
AcDbDictionary
280
     1
281
     1
  3
ACAD_SORTENTS
360
50F
  0
DICTIONARY
  5
529
330
528
100
AcDbDictionary
280
     1
281
     1
  3
ASDK_XREC_ANNOTATION_SCALE_INFO
360
52A
  0
DICTIONARY
  5
52D
330
52C
100
AcDbDictionary
280
     1
281
     1
  3
ASDK_XREC_ANNOTATION_SCALE_INFO
360
52E
  0
DICTIONARY
  5
2D8
330
2D7
100
AcDbDictionary
280
     1
281
     1
  3
ASDK_XREC_ANNOTATION_SCALE_INFO
360
2D9
  0
DICTIONARY
  5
2DC
330
2DB
100
AcDbDictionary
280
     1
281
     1
  3
ASDK_XREC_ANNOTATION_SCALE_INFO
360
2DD
  0
DICTIONARY
  5
4B1
330
4B0
100
AcDbDictionary
280
     1
281
     1
  3
ASDK_XREC_ANNOTATION_SCALE_INFO
360
4B2
  0
IMAGEDEF_REACTOR
  5
4E7
330
4E6
100
AcDbRasterImageDefReactor
 90
        2
330
4E6
  0
XRECORD
  5
216
102
{ACAD_REACTORS
330
C
102
}
330
C
100
AcDbXrecord
280
     1
300
ACDLT
300
2026
300

  0
DICTIONARY
  5
6B
102
{ACAD_REACTORS
330
C
102
}
330
C
100
AcDbDictionary
281
     1
  0
DICTIONARY
  5
21B
102
{ACAD_REACTORS
330
C
102
}
330
C
100
AcDbDictionary
281
     1
  3
Metric50
350
21C
  0
DICTIONARY
  5
D
102
{ACAD_REACTORS
330
C
102
}
330
C
100
AcDbDictionary
281
     1
  0
DICTIONARY
  5
3B7
102
{ACAD_REACTORS
330
C
102
}
330
C
100
AcDbDictionary
281
     1
  3
rivoplan_logo_schwarz_transparent_exakta24392bd
350
3B8
  0
RASTERVARIABLES
  5
3BE
102
{ACAD_REACTORS
330
C
102
}
330
C
100
AcDbRasterVariables
 90
        0
 70
     1
 71
     1
 72
     1
  0
XRECORD
  5
41D
102
{ACAD_REACTORS
330
C
102
}
330
C
100
AcDbXrecord
280
     1
300
{DB95EE24-9CC6-2144-B2BD-381D5546B6A6}
301
{6C752F05-1998-F14B-9108-12E64B4AD82C}
302
{DB95EE24-9CC6-2144-B2BD-381D5546B6A6}
303
C:\Users\mvpst\Documents\KI-Projekt\Notbeleuchtung\Vorlagen-Legende\Notbeleuchtungspläne-Vorlage.dxf
  0
DICTIONARY
  5
1A
102
{ACAD_REACTORS
330
C
102
}
330
C
100
AcDbDictionary
281
     1
  3
Layout1
350
D3
  3
Layout2
350
D7
  3
Model
350
22
  0
DICTIONARY
  5
6A
102
{ACAD_REACTORS
330
C
102
}
330
C
100
AcDbDictionary
281
     1
  3
ByBlock
350
ED
  3
ByLayer
350
EC
  3
Global
350
EE
  0
DICTIONARY
  5
12D
102
{ACAD_REACTORS
330
C
102
}
330
C
100
AcDbDictionary
281
     1
  3
Beschriftung
350
13B
  3
Standard
350
12E
  0
DICTIONARY
  5
17
102
{ACAD_REACTORS
330
C
102
}
330
C
100
AcDbDictionary
281
     1
  3
Standard
350
18
  0
DICTIONARY
  5
19
102
{ACAD_REACTORS
330
C
102
}
330
C
100
AcDbDictionary
281
     1
  0
ACDBDICTIONARYWDFLT
  5
E
102
{ACAD_REACTORS
330
C
102
}
330
C
100
AcDbDictionary
281
     1
  3
Normal
350
F
100
AcDbDictionaryWithDefault
340
F
  0
DICTIONARY
  5
10C
102
{ACAD_REACTORS
330
C
102
}
330
C
100
AcDbDictionary
281
     1
  3
A0
350
10D
  3
A1
350
1BE
  3
A2
350
1BF
  3
A3
350
1C0
  3
A4
350
1C1
  3
A5
350
1C2
  3
A6
350
1C3
  3
A7
350
1C4
  3
A8
350
1C5
  3
A9
350
1C6
  3
B0
350
1C7
  3
B1
350
1C8
  3
B2
350
1C9
  3
B3
350
1CA
  3
B4
350
1CB
  3
B5
350
1CC
  3
B6
350
1CD
  0
DICTIONARY
  5
219
102
{ACAD_REACTORS
330
C
102
}
330
C
100
AcDbDictionary
281
     1
  3
Metric50
350
21A
  0
DICTIONARY
  5
7E
102
{ACAD_REACTORS
330
C
102
}
330
C
100
AcDbDictionary
281
     1
  3
Standard
350
7F
  0
DICTIONARY
  5
EF
102
{ACAD_REACTORS
330
C
102
}
330
C
100
AcDbDictionary
281
     1
  3
2dWireframe
350
F5
  3
Basic
350
F4
  3
Brighten
350
FB
  3
ColorChange
350
FF
  3
Conceptual
350
F8
  3
Dim
350
FA
  3
EdgeColorOff
350
1E6
  3
Facepattern
350
FE
  3
Flat
350
F0
  3
FlatWithEdges
350
F1
  3
Gouraud
350
F2
  3
GouraudWithEdges
350
F3
  3
Hidden
350
F7
  3
JitterOff
350
1E4
  3
Linepattern
350
FD
  3
OverhangOff
350
1E5
  3
Realistic
350
F9
  3
Shaded
350
1F3
  3
Shaded with edges
350
1F2
  3
Shades of Gray
350
1EF
  3
Sketchy
350
1F0
  3
Thicken
350
FC
  3
Wireframe
350
F6
  3
X-Ray
350
1F1
  0
XRECORD
  5
560
102
{ACAD_REACTORS
330
C
102
}
330
C
100
AcDbXrecord
280
     1
 90
        1
330
7F
  0
DICTIONARY
  5
436
102
{ACAD_REACTORS
330
C
102
}
330
C
100
AcDbDictionary
281
     2
  3
#COMPAREDIFFTOTAL
350
437
  3
#REVCLOUDAPPROXARCLEN
350
438
  3
ANNOALLVISIBLE
350
439
  3
CANNOSCALE
350
43A
  3
CMLEADERSTYLE
350
43B
  3
CTABLESTYLE
350
43C
  3
CVIEWDETAILSTYLE
350
43D
  3
CVIEWSECTIONSTYLE
350
43E
  3
DIMADEC
350
43F
  3
DIMASSOC
350
440
  3
GEOMARKERVISIBILITY
350
441
  3
HPCOLOR
350
442
  3
HPINHERIT
350
443
  3
HPORIGIN
350
444
  3
HPTRANSPARENCY
350
445
  3
INDEXCTL
350
446
  3
LAYEREVAL
350
447
  3
LAYERNOTIFY
350
448
  3
LIGHTINGUNITS
350
449
  3
MLEADERSCALE
350
44A
  3
MSLTSCALE
350
44B
  3
OLEFRAME
350
44C
  3
PDFFRAME
350
44D
  3
SOLIDHIST
350
44E
  3
SORTENTS
350
44F
  3
UPDATETHUMBNAIL
350
450
  0
DICTIONARY
  5
200
102
{ACAD_REACTORS
330
1FF
102
}
330
1FF
100
AcDbDictionary
281
     1
  0
SORTENTSTABLE
  5
50F
102
{ACAD_REACTORS
330
50E
102
}
330
50E
100
AcDbSortentsTable
330
D2
331
502
  5
50D
331
503
  5
510
331
504
  5
511
331
505
  5
512
331
506
  5
536
331
507
  5
537
331
508
  5
538
  0
XRECORD
  5
52A
102
{ACAD_REACTORS
330
529
102
}
330
529
100
AcDbXrecord
280
     1
 90
        1
340
10D
  0
XRECORD
  5
52E
102
{ACAD_REACTORS
330
52D
102
}
330
52D
100
AcDbXrecord
280
     1
 90
        1
340
10D
  0
XRECORD
  5
2D9
102
{ACAD_REACTORS
330
2D8
102
}
330
2D8
100
AcDbXrecord
280
     1
 90
        1
340
10D
  0
XRECORD
  5
2DD
102
{ACAD_REACTORS
330
2DC
102
}
330
2DC
100
AcDbXrecord
280
     1
 90
        1
340
10D
  0
XRECORD
  5
4B2
102
{ACAD_REACTORS
330
4B1
102
}
330
4B1
100
AcDbXrecord
280
     1
 90
        1
340
10D
  0
ACDBDETAILVIEWSTYLE
  5
21C
102
{ACAD_REACTORS
330
21B
102
}
330
21B
100
AcDbModelDocViewStyle
 70
     0
  3
Metric50
290
     0
300
Metric50
 90
        0
100
AcDbDetailViewStyle
 70
     0
 71
     0
 90
        3
 71
     1
340
11
 62
   256
 40
5.0
340
0
 62
   256
 40
5.0
300

 40
0.0
280
     1
 71
     2
340
16
 90
       25
 62
   256
 71
     3
340
11
 62
   256
 40
5.0
 90
        0
 40
15.0
 90
        1
300
%<\AcVar ViewDetailId>% (%<\AcVar ViewScale \f "%sn">%)
 71
     4
340
16
 90
       25
 62
   256
340
16
 90
       25
 62
   256
280
     0
  0
IMAGEDEF
  5
3B8
102
{ACAD_REACTORS
330
3B7
330
3F6
330
489
330
4E7
102
}
330
3B7
100
AcDbRasterImageDef
 90
        0
  1
C:\Users\mvpst\Downloads\PDF Images\rivoplan_logo_schwarz_transparent_exakta24392bd.png
 10
1254.0
 20
1254.0
 11
0.0007974481658692
 21
0.0007974481658692
280
     1
281
     0
  0
LAYOUT
  5
D3
102
{ACAD_REACTORS
330
1A
102
}
330
1A
100
AcDbPlotSettings
  1

  2
none_device
  4
ISO_A4_(210.00_x_297.00_MM)
  6

 40
7.5
 41
20.0
 42
7.5
 43
20.0
 44
210.0
 45
297.0
 46
0.0
 47
0.0
 48
0.0
 49
0.0
140
0.0
141
0.0
142
1.0
143
1.0
 70
   688
 72
     1
 73
     1
 74
     5
  7

 75
    16
147
1.0
 76
     0
 77
     2
 78
   300
148
0.0
149
0.0
100
AcDbLayout
  1
Layout1
 70
     1
 71
     1
 10
-20.0
 20
-7.5
 11
277.0
 21
202.5
 12
0.0
 22
0.0
 32
0.0
 14
25.7
 24
19.5
 34
-0.0000000000000179
 15
2291.698056671667
 25
838.2203784857336
 35
0.0000000000000204
146
0.0
 13
0.0
 23
0.0
 33
0.0
 16
1.0
 26
0.0
 36
0.0
 17
0.0
 27
1.0
 37
0.0
 76
     0
330
D2
331
2D7
1001
ACAD_PSEXT
1000
Kein
1000
Kein
1000
Nicht anwendbar
1000
Das Layout wird erst geplottet, wenn ein neuer Plotter-Konfigurationsname ausgewählt wird.
1070
     0
  0
LAYOUT
  5
D7
102
{ACAD_REACTORS
330
1A
102
}
330
1A
100
AcDbPlotSettings
  1

  2
none_device
  4
ISO_A4_(210.00_x_297.00_MM)
  6

 40
7.5
 41
20.0
 42
7.5
 43
20.0
 44
210.0
 45
297.0
 46
0.0
 47
0.0
 48
0.0
 49
0.0
140
0.0
141
0.0
142
1.0
143
1.0
 70
   688
 72
     1
 73
     1
 74
     5
  7

 75
    16
147
1.0
 76
     0
 77
     2
 78
   300
148
0.0
149
0.0
100
AcDbLayout
  1
Layout2
 70
     1
 71
     2
 10
-20.0
 20
-7.5
 11
277.0
 21
202.5
 12
0.0
 22
0.0
 32
0.0
 14
25.69999999999999
 24
19.5
 34
0.0
 15
231.3
 25
175.5
 35
0.0
146
0.0
 13
0.0
 23
0.0
 33
0.0
 16
1.0
 26
0.0
 36
0.0
 17
0.0
 27
1.0
 37
0.0
 76
     0
330
D6
331
528
1001
ACAD_PSEXT
1000
Kein
1000
Kein
1000
Nicht anwendbar
1000
Das Layout wird erst geplottet, wenn ein neuer Plotter-Konfigurationsname ausgewählt wird.
1070
     0
  0
LAYOUT
  5
22
102
{ACAD_XDICTIONARY
360
205
102
}
102
{ACAD_REACTORS
330
1A
102
}
330
1A
100
AcDbPlotSettings
  1

  2
none_device
  4
ISO_A4_(210.00_x_297.00_MM)
  6

 40
7.5
 41
20.0
 42
7.5
 43
20.0
 44
210.0
 45
297.0
 46
11.54999923706054
 47
-13.65000009536743
 48
0.0
 49
0.0
140
0.0
141
0.0
142
1.0
143
8.704084754739808
 70
 11952
 72
     1
 73
     0
 74
     0
  7

 75
     0
147
0.1148885871608098
 76
     0
 77
     2
 78
   300
148
0.0
149
0.0
100
AcDbLayout
  1
Model
 70
     1
 71
     0
 10
0.0
 20
0.0
 11
12.0
 21
9.0
 12
0.0
 22
0.0
 32
0.0
 14
0.0
 24
0.0
 34
0.0
 15
0.0
 25
0.0
 35
0.0
146
0.0
 13
0.0
 23
0.0
 33
0.0
 16
1.0
 26
0.0
 36
0.0
 17
0.0
 27
1.0
 37
0.0
 76
     0
330
1F
331
EA
1001
ACAD_PSEXT
1000
None
1000
None
1000
Not applicable
1000
The layout will not be plotted unless a new plotter configuration name is selected.
1070
     0
  0
MATERIAL
  5
ED
102
{ACAD_XDICTIONARY
360
1F9
102
}
102
{ACAD_REACTORS
330
6A
102
}
330
6A
100
AcDbMaterial
  1
ByBlock
 94
       63
  0
MATERIAL
  5
EC
102
{ACAD_XDICTIONARY
360
1F7
102
}
102
{ACAD_REACTORS
330
6A
102
}
330
6A
100
AcDbMaterial
  1
ByLayer
 94
       63
  0
MATERIAL
  5
EE
102
{ACAD_XDICTIONARY
360
173
102
}
102
{ACAD_REACTORS
330
6A
102
}
330
6A
100
AcDbMaterial
  1
Global
 43
0.0007999999797903
 43
0.0
 43
0.0
 43
0.0
 43
0.0
 43
0.0007999999797903
 43
0.0
 43
0.0
 43
0.0
 43
0.0
 43
1.0
 43
0.0
 43
0.0
 43
0.0
 43
0.0
 43
1.0
 49
0.0007999999797903
 49
0.0
 49
0.0
 49
0.0
 49
0.0
 49
0.0007999999797903
 49
0.0
 49
0.0
 49
0.0
 49
0.0
 49
1.0
 49
0.0
 49
0.0
 49
0.0
 49
0.0
 49
1.0
142
0.0007999999797903
142
0.0
142
0.0
142
0.0
142
0.0
142
0.0007999999797903
142
0.0
142
0.0
142
0.0
142
0.0
142
1.0
142
0.0
142
0.0
142
0.0
142
0.0
142
1.0
144
0.0007999999797903
144
0.0
144
0.0
144
0.0
144
0.0
144
0.0007999999797903
144
0.0
144
0.0
144
0.0
144
0.0
144
1.0
144
0.0
144
0.0
144
0.0
144
0.0
144
1.0
 94
       63
1001
ACAD
1070
    -1
1070
     3
1070
     0
1000

1071
        0
1070
     0
  0
MLEADERSTYLE
  5
13B
102
{ACAD_REACTORS
330
12D
102
}
330
12D
100
AcDbMLeaderStyle
179
     2
170
     2
171
     1
172
     0
 90
        2
 40
0.0
 41
0.0
173
     1
 91
-1056964608
340
14
 92
       -2
290
     1
 42
2.0
291
     1
 43
8.0
  3
Standard
 44
4.0
300

342
11
174
     1
178
     1
175
     1
176
     0
 93
-1056964608
 45
4.0
292
     0
297
     0
 46
4.0
 94
-1056964608
 47
1.0
 49
1.0
140
1.0
293
     1
141
0.0
294
     1
177
     0
142
1.0
295
     0
296
     1
143
3.75
271
     0
272
     9
273
     9
298
     0
  0
MLEADERSTYLE
  5
12E
102
{ACAD_REACTORS
330
12D
102
}
330
12D
100
AcDbMLeaderStyle
179
     2
170
     2
171
     1
172
     0
 90
        2
 40
0.0
 41
0.0
173
     1
 91
-1056964608
340
14
 92
       -2
290
     1
 42
2.0
291
     1
 43
8.0
  3
Standard
 44
4.0
300

342
11
174
     1
178
     1
175
     1
176
     0
 93
-1056964608
 45
4.0
292
     0
297
     0
 46
4.0
 94
-1056964608
 47
1.0
 49
1.0
140
1.0
293
     1
141
0.0
294
     1
177
     0
142
1.0
295
     0
296
     0
143
3.75
271
     0
272
     9
273
     9
298
     0
  0
MLINESTYLE
  5
18
102
{ACAD_REACTORS
330
17
102
}
330
17
100
AcDbMlineStyle
  2
STANDARD
 70
     0
  3

 62
   256
 51
90.0
 52
90.0
 71
     2
 49
0.5
 62
   256
  6
BYLAYER
 49
-0.5
 62
   256
  6
BYLAYER
  0
ACDBPLACEHOLDER
  5
F
102
{ACAD_REACTORS
330
E
102
}
330
E
  0
SCALE
  5
10D
102
{ACAD_REACTORS
330
10C
102
}
330
10C
100
AcDbScale
 70
     0
300
1:1
140
1.0
141
1.0
290
     1
  0
SCALE
  5
1BE
102
{ACAD_REACTORS
330
10C
102
}
330
10C
100
AcDbScale
 70
     0
300
1:2
140
1.0
141
2.0
290
     0
  0
SCALE
  5
1BF
102
{ACAD_REACTORS
330
10C
102
}
330
10C
100
AcDbScale
 70
     0
300
1:4
140
1.0
141
4.0
290
     0
  0
SCALE
  5
1C0
102
{ACAD_REACTORS
330
10C
102
}
330
10C
100
AcDbScale
 70
     0
300
1:5
140
1.0
141
5.0
290
     0
  0
SCALE
  5
1C1
102
{ACAD_REACTORS
330
10C
102
}
330
10C
100
AcDbScale
 70
     0
300
1:8
140
1.0
141
8.0
290
     0
  0
SCALE
  5
1C2
102
{ACAD_REACTORS
330
10C
102
}
330
10C
100
AcDbScale
 70
     0
300
1:10
140
1.0
141
10.0
290
     0
  0
SCALE
  5
1C3
102
{ACAD_REACTORS
330
10C
102
}
330
10C
100
AcDbScale
 70
     0
300
1:16
140
1.0
141
16.0
290
     0
  0
SCALE
  5
1C4
102
{ACAD_REACTORS
330
10C
102
}
330
10C
100
AcDbScale
 70
     0
300
1:20
140
1.0
141
20.0
290
     0
  0
SCALE
  5
1C5
102
{ACAD_REACTORS
330
10C
102
}
330
10C
100
AcDbScale
 70
     0
300
1:30
140
1.0
141
30.0
290
     0
  0
SCALE
  5
1C6
102
{ACAD_REACTORS
330
10C
102
}
330
10C
100
AcDbScale
 70
     0
300
1:40
140
1.0
141
40.0
290
     0
  0
SCALE
  5
1C7
102
{ACAD_REACTORS
330
10C
102
}
330
10C
100
AcDbScale
 70
     0
300
1:50
140
1.0
141
50.0
290
     0
  0
SCALE
  5
1C8
102
{ACAD_REACTORS
330
10C
102
}
330
10C
100
AcDbScale
 70
     0
300
1:100
140
1.0
141
100.0
290
     0
  0
SCALE
  5
1C9
102
{ACAD_REACTORS
330
10C
102
}
330
10C
100
AcDbScale
 70
     0
300
2:1
140
2.0
141
1.0
290
     0
  0
SCALE
  5
1CA
102
{ACAD_REACTORS
330
10C
102
}
330
10C
100
AcDbScale
 70
     0
300
4:1
140
4.0
141
1.0
290
     0
  0
SCALE
  5
1CB
102
{ACAD_REACTORS
330
10C
102
}
330
10C
100
AcDbScale
 70
     0
300
8:1
140
8.0
141
1.0
290
     0
  0
SCALE
  5
1CC
102
{ACAD_REACTORS
330
10C
102
}
330
10C
100
AcDbScale
 70
     0
300
10:1
140
10.0
141
1.0
290
     0
  0
SCALE
  5
1CD
102
{ACAD_REACTORS
330
10C
102
}
330
10C
100
AcDbScale
 70
     0
300
100:1
140
100.0
141
1.0
290
     0
  0
ACDBSECTIONVIEWSTYLE
  5
21A
102
{ACAD_REACTORS
330
219
102
}
330
219
100
AcDbModelDocViewStyle
 70
     0
  3
Metric50
290
     0
300
Metric50
 90
        0
100
AcDbSectionViewStyle
 70
     0
 71
     0
 90
      102
 71
     1
340
11
 62
   256
 40
5.0
340
0
340
0
 62
   256
 40
5.0
300
I, O, Q, S, X, Z
 40
10.0
 90
        0
 40
2.5
 90
        0
 71
     2
340
16
 90
       25
 62
   256
340
16
 90
       50
 62
   256
 40
5.0
 40
2.5
 40
5.0
 71
     3
340
11
 62
   256
 40
5.0
 90
        0
 40
15.0
 90
        1
300
%<\AcVar ViewSectionStartId>%-%<\AcVar ViewSectionEndId>% (%<\AcVar ViewScale \f "%sn">%)
 71
     4
 62
   256
 62
   257
300
ANSI31
 40
1.0
 90
        0
290
     0
290
     0
 90
        6
 40
0.0
 40
1.570796326794896
 40
0.2617993877991494
 40
1.308996938995747
 40
-0.2617993877991494
 40
1.832595714594045
  0
TABLESTYLE
  5
7F
102
{ACAD_XDICTIONARY
360
162
102
}
102
{ACAD_REACTORS
330
7E
102
}
330
7E
100
AcDbTableStyle
280
     0
  3
Standard
 70
     0
 71
     0
 40
1.5
 41
1.5
280
     0
281
     0
  7
Standard
140
4.5
170
     2
 62
     0
 63
     7
283
     0
 90
      512
 91
        0
  1

274
    -2
284
     1
 64
     0
275
    -2
285
     1
 65
     0
276
    -2
286
     1
 66
     0
277
    -2
287
     1
 67
     0
278
    -2
288
     1
 68
     0
279
    -2
289
     1
 69
     0
  7
Standard
140
6.0
170
     5
 62
     0
 63
     7
283
     0
 90
      512
 91
        0
  1

274
    -2
284
     1
 64
     0
275
    -2
285
     1
 65
     0
276
    -2
286
     1
 66
     0
277
    -2
287
     1
 67
     0
278
    -2
288
     1
 68
     0
279
    -2
289
     1
 69
     0
  7
Standard
140
4.5
170
     5
 62
     0
 63
     7
283
     0
 90
      512
 91
        0
  1

274
    -2
284
     1
 64
     0
275
    -2
285
     1
 65
     0
276
    -2
286
     1
 66
     0
277
    -2
287
     1
 67
     0
278
    -2
288
     1
 68
     0
279
    -2
289
     1
 69
     0
  0
VISUALSTYLE
  5
F5
102
{ACAD_REACTORS
330
EF
102
}
330
EF
100
AcDbVisualStyle
  2
2dWireframe
 70
     4
177
     3
291
     0
 70
    58
 90
        0
176
     1
 90
        2
176
     1
 90
        1
176
     1
 90
        0
176
     1
 40
0.6
176
     1
 40
30.0
176
     1
 62
     7
420
 16777215
176
     1
 90
        1
176
     1
 90
        4
176
     1
 62
     7
176
     1
 62
   257
176
     1
 90
        1
176
     1
 90
        1
176
     1
 40
1.0
176
     1
 90
        0
176
     1
 62
   257
176
     1
 40
1.0
176
     1
 90
        1
176
     1
 90
        6
176
     1
 90
        2
176
     1
 62
     7
176
     1
 90
        5
176
     1
 90
        0
176
     1
 90
        0
176
     1
290
     0
176
     1
 90
        1
176
     1
 40
0.0
176
     1
 90
        0
176
     1
290
     1
176
     1
290
     1
176
     1
290
     0
176
     1
290
     0
176
     1
290
     0
176
     1
290
     0
176
     1
290
     0
176
     1
290
     0
176
     1
290
     0
176
     1
 90
       50
176
     1
 40
0.0
176
     1
 40
1.0
176
     1
 90
        0
176
     1
 62
    18
176
     1
 90
       50
176
     1
 90
        3
176
     1
 62
     5
420
      255
176
     1
290
     0
176
     1
 90
       50
176
     1
 90
       50
176
     1
 90
       50
176
     1
290
     0
176
     1
 90
       50
176
     1
 62
   256
176
     0
 40
1.0
176
     0
 90
        2
176
     1
  1
strokes_ogs.tif
176
     1
290
     0
176
     1
 40
1.0
176
     1
 40
1.0
176
     1
  0
VISUALSTYLE
  5
F4
102
{ACAD_REACTORS
330
EF
102
}
330
EF
100
AcDbVisualStyle
  2
Basic
 70
     7
177
     3
291
     1
 70
    58
 90
        1
176
     1
 90
        0
176
     1
 90
        1
176
     1
 90
        0
176
     1
 40
0.6
176
     1
 40
30.0
176
     1
 62
     7
420
 16777215
176
     1
 90
        0
176
     1
 90
        4
176
     1
 62
     7
176
     1
 62
   257
176
     1
 90
        1
176
     1
 90
        1
176
     1
 40
1.0
176
     1
 90
        8
176
     1
 62
     7
176
     1
 40
1.0
176
     1
 90
        1
176
     1
 90
        6
176
     1
 90
        2
176
     1
 62
     7
176
     1
 90
        5
176
     1
 90
        0
176
     1
 90
        0
176
     1
290
     0
176
     1
 90
        1
176
     1
 40
0.0
176
     1
 90
        0
176
     1
290
     0
176
     1
290
     1
176
     1
290
     1
176
     1
290
     0
176
     1
290
     0
176
     1
290
     0
176
     1
290
     0
176
     1
290
     0
176
     1
290
     0
176
     1
 90
       50
176
     1
 40
0.0
176
     1
 40
1.0
176
     1
 90
        0
176
     1
 62
    18
176
     1
 90
       50
176
     1
 90
        3
176
     1
 62
     5
420
      255
176
     1
290
     0
176
     1
 90
       50
176
     1
 90
       50
176
     1
 90
       50
176
     1
290
     0
176
     1
 90
       50
176
     1
 62
   256
176
     0
 40
1.0
176
     0
 90
        2
176
     1
  1
strokes_ogs.tif
176
     1
290
     0
176
     1
 40
1.0
176
     1
 40
1.0
176
     1
  0
VISUALSTYLE
  5
FB
102
{ACAD_REACTORS
330
EF
102
}
330
EF
100
AcDbVisualStyle
  2
Brighten
 70
    12
177
     3
291
     1
 70
    58
 90
        2
176
     1
 90
        2
176
     1
 90
        1
176
     1
 90
        0
176
     1
 40
0.6
176
     1
 40
30.0
176
     1
 62
     7
420
 16777215
176
     1
 90
        1
176
     1
 90
        4
176
     1
 62
     7
176
     1
 62
   257
176
     1
 90
        1
176
     1
 90
        1
176
     1
 40
1.0
176
     1
 90
        8
176
     1
 62
     7
176
     1
 40
1.0
176
     1
 90
        1
176
     1
 90
        6
176
     1
 90
        2
176
     1
 62
     7
176
     1
 90
        5
176
     1
 90
        0
176
     1
 90
        0
176
     1
290
     0
176
     1
 90
        1
176
     1
 40
50.0
176
     1
 90
        0
176
     1
290
     0
176
     1
290
     1
176
     1
290
     1
176
     1
290
     0
176
     1
290
     0
176
     1
290
     0
176
     1
290
     0
176
     1
290
     0
176
     1
290
     0
176
     1
 90
       50
176
     1
 40
0.0
176
     1
 40
1.0
176
     1
 90
        0
176
     1
 62
    18
176
     1
 90
       50
176
     1
 90
        3
176
     1
 62
     5
420
      255
176
     1
290
     0
176
     1
 90
       50
176
     1
 90
       50
176
     1
 90
       50
176
     1
290
     0
176
     1
 90
       50
176
     1
 62
   256
176
     0
 40
1.0
176
     0
 90
        2
176
     1
  1
strokes_ogs.tif
176
     1
290
     0
176
     1
 40
1.0
176
     1
 40
1.0
176
     1
  0
VISUALSTYLE
  5
FF
102
{ACAD_REACTORS
330
EF
102
}
330
EF
100
AcDbVisualStyle
  2
ColorChange
 70
    16
177
     3
291
     1
 70
    58
 90
        2
176
     1
 90
        2
176
     1
 90
        3
176
     1
 90
        0
176
     1
 40
0.6
176
     1
 40
30.0
176
     1
 62
     8
420
  8421504
176
     1
 90
        1
176
     1
 90
        4
176
     1
 62
     7
176
     1
 62
   257
176
     1
 90
        1
176
     1
 90
        1
176
     1
 40
1.0
176
     1
 90
        8
176
     1
 62
     8
420
  8421504
176
     1
 40
1.0
176
     1
 90
        1
176
     1
 90
        6
176
     1
 90
        2
176
     1
 62
     7
176
     1
 90
        5
176
     1
 90
        0
176
     1
 90
        0
176
     1
290
     0
176
     1
 90
        1
176
     1
 40
0.0
176
     1
 90
        0
176
     1
290
     0
176
     1
290
     1
176
     1
290
     1
176
     1
290
     0
176
     1
290
     0
176
     1
290
     0
176
     1
290
     0
176
     1
290
     0
176
     1
290
     0
176
     1
 90
       50
176
     1
 40
0.0
176
     1
 40
1.0
176
     1
 90
        0
176
     1
 62
    18
176
     1
 90
       50
176
     1
 90
        3
176
     1
 62
     5
420
      255
176
     1
290
     0
176
     1
 90
       50
176
     1
 90
       50
176
     1
 90
       50
176
     1
290
     0
176
     1
 90
       50
176
     1
 62
   256
176
     0
 40
1.0
176
     0
 90
        2
176
     1
  1
strokes_ogs.tif
176
     1
290
     0
176
     1
 40
1.0
176
     1
 40
1.0
176
     1
  0
VISUALSTYLE
  5
F8
102
{ACAD_REACTORS
330
EF
102
}
330
EF
100
AcDbVisualStyle
  2
Conceptual
 70
     9
177
     3
291
     0
 70
    58
 90
        3
176
     1
 90
        2
176
     1
 90
        1
176
     1
 90
        0
176
     1
 40
0.6
176
     1
 40
30.0
176
     1
 62
     7
420
 16777215
176
     1
 90
        2
176
     1
 90
        2
176
     1
 62
     7
176
     1
 62
   257
176
     1
 90
        1
176
     1
 90
        1
176
     1
 40
40.0
176
     1
 90
        8
176
     1
 62
     7
176
     1
 40
1.0
176
     1
 90
        1
176
     1
 90
        6
176
     1
 90
        2
176
     1
 62
     7
176
     1
 90
        3
176
     1
 90
        0
176
     1
 90
        0
176
     1
290
     0
176
     1
 90
        1
176
     1
 40
0.0
176
     1
 90
        0
176
     1
290
     0
176
     1
290
     1
176
     1
290
     1
176
     1
290
     0
176
     1
290
     0
176
     1
290
     0
176
     1
290
     0
176
     1
290
     0
176
     1
290
     0
176
     1
 90
       50
176
     1
 40
0.0
176
     1
 40
1.0
176
     1
 90
        0
176
     1
 62
    18
176
     1
 90
       50
176
     1
 90
        3
176
     1
 62
     5
420
      255
176
     1
290
     0
176
     1
 90
       50
176
     1
 90
       50
176
     1
 90
       50
176
     1
290
     0
176
     1
 90
       50
176
     1
 62
   256
176
     0
 40
1.0
176
     0
 90
        2
176
     1
  1
strokes_ogs.tif
176
     1
290
     0
176
     1
 40
1.0
176
     1
 40
1.0
176
     1
  0
VISUALSTYLE
  5
FA
102
{ACAD_REACTORS
330
EF
102
}
330
EF
100
AcDbVisualStyle
  2
Dim
 70
    11
177
     3
291
     1
 70
    58
 90
        2
176
     1
 90
        2
176
     1
 90
        1
176
     1
 90
        0
176
     1
 40
0.6
176
     1
 40
30.0
176
     1
 62
     7
420
 16777215
176
     1
 90
        1
176
     1
 90
        4
176
     1
 62
     7
176
     1
 62
   257
176
     1
 90
        1
176
     1
 90
        1
176
     1
 40
1.0
176
     1
 90
        8
176
     1
 62
     7
176
     1
 40
1.0
176
     1
 90
        1
176
     1
 90
        6
176
     1
 90
        2
176
     1
 62
     7
176
     1
 90
        5
176
     1
 90
        0
176
     1
 90
        0
176
     1
290
     0
176
     1
 90
        1
176
     1
 40
-50.0
176
     1
 90
        0
176
     1
290
     0
176
     1
290
     1
176
     1
290
     1
176
     1
290
     0
176
     1
290
     0
176
     1
290
     0
176
     1
290
     0
176
     1
290
     0
176
     1
290
     0
176
     1
 90
       50
176
     1
 40
0.0
176
     1
 40
1.0
176
     1
 90
        0
176
     1
 62
    18
176
     1
 90
       50
176
     1
 90
        3
176
     1
 62
     5
420
      255
176
     1
290
     0
176
     1
 90
       50
176
     1
 90
       50
176
     1
 90
       50
176
     1
290
     0
176
     1
 90
       50
176
     1
 62
   256
176
     0
 40
1.0
176
     0
 90
        2
176
     1
  1
strokes_ogs.tif
176
     1
290
     0
176
     1
 40
1.0
176
     1
 40
1.0
176
     1
  0
VISUALSTYLE
  5
1E6
102
{ACAD_REACTORS
330
EF
102
}
330
EF
100
AcDbVisualStyle
  2
EdgeColorOff
 70
    22
177
     3
291
     1
 70
    58
 90
        2
176
     0
 90
        2
176
     0
 90
        0
176
     0
 90
        0
176
     0
 40
0.6
176
     0
 40
30.0
176
     0
 62
     7
420
 16777215
176
     0
 90
        1
176
     0
 90
        4
176
     0
 62
     7
176
     0
 62
   257
176
     0
 90
        1
176
     0
 90
        1
176
     0
 40
1.0
176
     0
 90
        8
176
     2
 62
     7
176
     0
 40
1.0
176
     0
 90
        1
176
     0
 90
        6
176
     0
 90
        2
176
     0
 62
     7
176
     0
 90
        5
176
     0
 90
        0
176
     0
 90
        0
176
     0
290
     0
176
     0
 90
        1
176
     0
 40
0.0
176
     0
 90
        0
176
     0
290
     0
176
     1
290
     1
176
     1
290
     1
176
     1
290
     0
176
     1
290
     0
176
     1
290
     0
176
     1
290
     0
176
     1
290
     0
176
     1
290
     0
176
     1
 90
       50
176
     1
 40
0.0
176
     1
 40
1.0
176
     1
 90
        0
176
     1
 62
    18
176
     1
 90
       50
176
     1
 90
        3
176
     1
 62
     5
420
      255
176
     1
290
     0
176
     1
 90
       50
176
     1
 90
       50
176
     1
 90
       50
176
     1
290
     0
176
     1
 90
       50
176
     1
 62
   256
176
     0
 40
1.0
176
     0
 90
        2
176
     1
  1
strokes_ogs.tif
176
     1
290
     0
176
     1
 40
1.0
176
     1
 40
1.0
176
     1
  0
VISUALSTYLE
  5
FE
102
{ACAD_REACTORS
330
EF
102
}
330
EF
100
AcDbVisualStyle
  2
Facepattern
 70
    15
177
     3
291
     1
 70
    58
 90
        2
176
     1
 90
        2
176
     1
 90
        1
176
     1
 90
        0
176
     1
 40
0.6
176
     1
 40
30.0
176
     1
 62
     7
420
 16777215
176
     1
 90
        1
176
     1
 90
        4
176
     1
 62
     7
176
     1
 62
   257
176
     1
 90
        1
176
     1
 90
        1
176
     1
 40
1.0
176
     1
 90
        8
176
     1
 62
     7
176
     1
 40
1.0
176
     1
 90
        1
176
     1
 90
        6
176
     1
 90
        2
176
     1
 62
     7
176
     1
 90
        5
176
     1
 90
        0
176
     1
 90
        0
176
     1
290
     0
176
     1
 90
        1
176
     1
 40
0.0
176
     1
 90
        0
176
     1
290
     0
176
     1
290
     1
176
     1
290
     1
176
     1
290
     0
176
     1
290
     0
176
     1
290
     0
176
     1
290
     0
176
     1
290
     0
176
     1
290
     0
176
     1
 90
       50
176
     1
 40
0.0
176
     1
 40
1.0
176
     1
 90
        0
176
     1
 62
    18
176
     1
 90
       50
176
     1
 90
        3
176
     1
 62
     5
420
      255
176
     1
290
     0
176
     1
 90
       50
176
     1
 90
       50
176
     1
 90
       50
176
     1
290
     0
176
     1
 90
       50
176
     1
 62
   256
176
     0
 40
1.0
176
     0
 90
        2
176
     1
  1
strokes_ogs.tif
176
     1
290
     0
176
     1
 40
1.0
176
     1
 40
1.0
176
     1
  0
VISUALSTYLE
  5
F0
102
{ACAD_REACTORS
330
EF
102
}
330
EF
100
AcDbVisualStyle
  2
Flat
 70
     0
177
     3
291
     1
 70
    58
 90
        2
176
     1
 90
        1
176
     1
 90
        1
176
     1
 90
        2
176
     1
 40
0.6
176
     1
 40
30.0
176
     1
 62
     7
420
 16777215
176
     1
 90
        0
176
     1
 90
        0
176
     1
 62
     7
176
     1
 62
   257
176
     1
 90
        1
176
     1
 90
        1
176
     1
 40
1.0
176
     1
 90
        8
176
     1
 62
     7
176
     1
 40
1.0
176
     1
 90
        1
176
     1
 90
        6
176
     1
 90
        2
176
     1
 62
     7
176
     1
 90
        5
176
     1
 90
        0
176
     1
 90
        0
176
     1
290
     0
176
     1
 90
       13
176
     1
 40
0.0
176
     1
 90
        0
176
     1
290
     0
176
     1
290
     1
176
     1
290
     1
176
     1
290
     0
176
     1
290
     0
176
     1
290
     0
176
     1
290
     0
176
     1
290
     0
176
     1
290
     0
176
     1
 90
       50
176
     1
 40
0.0
176
     1
 40
1.0
176
     1
 90
        0
176
     1
 62
    18
176
     1
 90
       50
176
     1
 90
        3
176
     1
 62
     5
420
      255
176
     1
290
     0
176
     1
 90
       50
176
     1
 90
       50
176
     1
 90
       50
176
     1
290
     0
176
     1
 90
       50
176
     1
 62
   256
176
     0
 40
1.0
176
     0
 90
        2
176
     1
  1
strokes_ogs.tif
176
     1
290
     0
176
     1
 40
1.0
176
     1
 40
1.0
176
     1
  0
VISUALSTYLE
  5
F1
102
{ACAD_REACTORS
330
EF
102
}
330
EF
100
AcDbVisualStyle
  2
FlatWithEdges
 70
     1
177
     3
291
     1
 70
    58
 90
        2
176
     1
 90
        1
176
     1
 90
        1
176
     1
 90
        2
176
     1
 40
0.6
176
     1
 40
30.0
176
     1
 62
     7
420
 16777215
176
     1
 90
        1
176
     1
 90
        0
176
     1
 62
     7
176
     1
 62
   257
176
     1
 90
        1
176
     1
 90
        1
176
     1
 40
1.0
176
     1
 90
        0
176
     1
 62
   257
176
     1
 40
1.0
176
     1
 90
        1
176
     1
 90
        6
176
     1
 90
        2
176
     1
 62
     7
176
     1
 90
        5
176
     1
 90
        0
176
     1
 90
        0
176
     1
290
     0
176
     1
 90
       13
176
     1
 40
0.0
176
     1
 90
        0
176
     1
290
     0
176
     1
290
     1
176
     1
290
     1
176
     1
290
     0
176
     1
290
     0
176
     1
290
     0
176
     1
290
     0
176
     1
290
     0
176
     1
290
     0
176
     1
 90
       50
176
     1
 40
0.0
176
     1
 40
1.0
176
     1
 90
        0
176
     1
 62
    18
176
     1
 90
       50
176
     1
 90
        3
176
     1
 62
     5
420
      255
176
     1
290
     0
176
     1
 90
       50
176
     1
 90
       50
176
     1
 90
       50
176
     1
290
     0
176
     1
 90
       50
176
     1
 62
   256
176
     0
 40
1.0
176
     0
 90
        2
176
     1
  1
strokes_ogs.tif
176
     1
290
     0
176
     1
 40
1.0
176
     1
 40
1.0
176
     1
  0
VISUALSTYLE
  5
F2
102
{ACAD_REACTORS
330
EF
102
}
330
EF
100
AcDbVisualStyle
  2
Gouraud
 70
     2
177
     3
291
     1
 70
    58
 90
        2
176
     1
 90
        2
176
     1
 90
        1
176
     1
 90
        2
176
     1
 40
0.6
176
     1
 40
30.0
176
     1
 62
     7
420
 16777215
176
     1
 90
        0
176
     1
 90
        0
176
     1
 62
     7
176
     1
 62
   257
176
     1
 90
        1
176
     1
 90
        1
176
     1
 40
1.0
176
     1
 90
        0
176
     1
 62
     7
176
     1
 40
1.0
176
     1
 90
        1
176
     1
 90
        6
176
     1
 90
        2
176
     1
 62
     7
176
     1
 90
        5
176
     1
 90
        0
176
     1
 90
        0
176
     1
290
     0
176
     1
 90
       13
176
     1
 40
0.0
176
     1
 90
        0
176
     1
290
     0
176
     1
290
     1
176
     1
290
     1
176
     1
290
     0
176
     1
290
     0
176
     1
290
     0
176
     1
290
     0
176
     1
290
     0
176
     1
290
     0
176
     1
 90
       50
176
     1
 40
0.0
176
     1
 40
1.0
176
     1
 90
        0
176
     1
 62
    18
176
     1
 90
       50
176
     1
 90
        3
176
     1
 62
     5
420
      255
176
     1
290
     0
176
     1
 90
       50
176
     1
 90
       50
176
     1
 90
       50
176
     1
290
     0
176
     1
 90
       50
176
     1
 62
   256
176
     0
 40
1.0
176
     0
 90
        2
176
     1
  1
strokes_ogs.tif
176
     1
290
     0
176
     1
 40
1.0
176
     1
 40
1.0
176
     1
  0
VISUALSTYLE
  5
F3
102
{ACAD_REACTORS
330
EF
102
}
330
EF
100
AcDbVisualStyle
  2
GouraudWithEdges
 70
     3
177
     3
291
     1
 70
    58
 90
        2
176
     1
 90
        2
176
     1
 90
        1
176
     1
 90
        2
176
     1
 40
0.6
176
     1
 40
30.0
176
     1
 62
     7
420
 16777215
176
     1
 90
        1
176
     1
 90
        0
176
     1
 62
     7
176
     1
 62
   257
176
     1
 90
        1
176
     1
 90
        1
176
     1
 40
1.0
176
     1
 90
        0
176
     1
 62
   257
176
     1
 40
1.0
176
     1
 90
        1
176
     1
 90
        6
176
     1
 90
        2
176
     1
 62
     7
176
     1
 90
        5
176
     1
 90
        0
176
     1
 90
        0
176
     1
290
     0
176
     1
 90
       13
176
     1
 40
0.0
176
     1
 90
        0
176
     1
290
     0
176
     1
290
     1
176
     1
290
     1
176
     1
290
     0
176
     1
290
     0
176
     1
290
     0
176
     1
290
     0
176
     1
290
     0
176
     1
290
     0
176
     1
 90
       50
176
     1
 40
0.0
176
     1
 40
1.0
176
     1
 90
        0
176
     1
 62
    18
176
     1
 90
       50
176
     1
 90
        3
176
     1
 62
     5
420
      255
176
     1
290
     0
176
     1
 90
       50
176
     1
 90
       50
176
     1
 90
       50
176
     1
290
     0
176
     1
 90
       50
176
     1
 62
   256
176
     0
 40
1.0
176
     0
 90
        2
176
     1
  1
strokes_ogs.tif
176
     1
290
     0
176
     1
 40
1.0
176
     1
 40
1.0
176
     1
  0
VISUALSTYLE
  5
F7
102
{ACAD_REACTORS
330
EF
102
}
330
EF
100
AcDbVisualStyle
  2
Hidden
 70
     6
177
     3
291
     0
 70
    58
 90
        1
176
     1
 90
        2
176
     1
 90
        2
176
     1
 90
        0
176
     1
 40
0.6
176
     1
 40
30.0
176
     1
 62
     7
420
 16777215
176
     1
 90
        2
176
     1
 90
        2
176
     1
 62
     7
176
     1
 62
   257
176
     1
 90
        2
176
     1
 90
        1
176
     1
 40
40.0
176
     1
 90
        0
176
     1
 62
   257
176
     1
 40
1.0
176
     1
 90
        1
176
     1
 90
        6
176
     1
 90
        2
176
     1
 62
     7
176
     1
 90
        3
176
     1
 90
        0
176
     1
 90
        0
176
     1
290
     0
176
     1
 90
        1
176
     1
 40
0.0
176
     1
 90
        0
176
     1
290
     0
176
     1
290
     1
176
     1
290
     1
176
     1
290
     0
176
     1
290
     0
176
     1
290
     0
176
     1
290
     0
176
     1
290
     0
176
     1
290
     0
176
     1
 90
       50
176
     1
 40
0.0
176
     1
 40
1.0
176
     1
 90
        0
176
     1
 62
    18
176
     1
 90
       50
176
     1
 90
        3
176
     1
 62
     5
420
      255
176
     1
290
     0
176
     1
 90
       50
176
     1
 90
       50
176
     1
 90
       50
176
     1
290
     0
176
     1
 90
       50
176
     1
 62
   256
176
     0
 40
1.0
176
     0
 90
        2
176
     1
  1
strokes_ogs.tif
176
     1
290
     0
176
     1
 40
1.0
176
     1
 40
1.0
176
     1
  0
VISUALSTYLE
  5
1E4
102
{ACAD_REACTORS
330
EF
102
}
330
EF
100
AcDbVisualStyle
  2
JitterOff
 70
    20
177
     3
291
     1
 70
    58
 90
        2
176
     0
 90
        2
176
     0
 90
        0
176
     0
 90
        0
176
     0
 40
0.6
176
     0
 40
30.0
176
     0
 62
     7
420
 16777215
176
     0
 90
        1
176
     0
 90
        4
176
     0
 62
     7
176
     0
 62
   257
176
     0
 90
        1
176
     0
 90
        1
176
     0
 40
1.0
176
     0
 90
       10
176
     2
 62
     7
176
     0
 40
1.0
176
     0
 90
        1
176
     0
 90
        6
176
     0
 90
        2
176
     0
 62
     7
176
     0
 90
        5
176
     0
 90
        0
176
     0
 90
        0
176
     0
290
     0
176
     0
 90
        1
176
     0
 40
0.0
176
     0
 90
        0
176
     0
290
     0
176
     1
290
     1
176
     1
290
     1
176
     1
290
     0
176
     1
290
     0
176
     1
290
     0
176
     1
290
     0
176
     1
290
     0
176
     1
290
     0
176
     1
 90
       50
176
     1
 40
0.0
176
     1
 40
1.0
176
     1
 90
        0
176
     1
 62
    18
176
     1
 90
       50
176
     1
 90
        3
176
     1
 62
     5
420
      255
176
     1
290
     0
176
     1
 90
       50
176
     1
 90
       50
176
     1
 90
       50
176
     1
290
     0
176
     1
 90
       50
176
     1
 62
   256
176
     0
 40
1.0
176
     0
 90
        2
176
     1
  1
strokes_ogs.tif
176
     1
290
     0
176
     1
 40
1.0
176
     1
 40
1.0
176
     1
  0
VISUALSTYLE
  5
FD
102
{ACAD_REACTORS
330
EF
102
}
330
EF
100
AcDbVisualStyle
  2
Linepattern
 70
    14
177
     3
291
     1
 70
    58
 90
        2
176
     1
 90
        2
176
     1
 90
        1
176
     1
 90
        0
176
     1
 40
0.6
176
     1
 40
30.0
176
     1
 62
     7
420
 16777215
176
     1
 90
        1
176
     1
 90
        4
176
     1
 62
     7
176
     1
 62
   257
176
     1
 90
        7
176
     1
 90
        7
176
     1
 40
1.0
176
     1
 90
        8
176
     1
 62
     7
176
     1
 40
1.0
176
     1
 90
        1
176
     1
 90
        6
176
     1
 90
        2
176
     1
 62
     7
176
     1
 90
        5
176
     1
 90
        0
176
     1
 90
        0
176
     1
290
     0
176
     1
 90
        1
176
     1
 40
0.0
176
     1
 90
        0
176
     1
290
     0
176
     1
290
     1
176
     1
290
     1
176
     1
290
     0
176
     1
290
     0
176
     1
290
     0
176
     1
290
     0
176
     1
290
     0
176
     1
290
     0
176
     1
 90
       50
176
     1
 40
0.0
176
     1
 40
1.0
176
     1
 90
        0
176
     1
 62
    18
176
     1
 90
       50
176
     1
 90
        3
176
     1
 62
     5
420
      255
176
     1
290
     0
176
     1
 90
       50
176
     1
 90
       50
176
     1
 90
       50
176
     1
290
     0
176
     1
 90
       50
176
     1
 62
   256
176
     0
 40
1.0
176
     0
 90
        2
176
     1
  1
strokes_ogs.tif
176
     1
290
     0
176
     1
 40
1.0
176
     1
 40
1.0
176
     1
  0
VISUALSTYLE
  5
1E5
102
{ACAD_REACTORS
330
EF
102
}
330
EF
100
AcDbVisualStyle
  2
OverhangOff
 70
    21
177
     3
291
     1
 70
    58
 90
        2
176
     0
 90
        2
176
     0
 90
        0
176
     0
 90
        0
176
     0
 40
0.6
176
     0
 40
30.0
176
     0
 62
     7
420
 16777215
176
     0
 90
        1
176
     0
 90
        4
176
     0
 62
     7
176
     0
 62
   257
176
     0
 90
        1
176
     0
 90
        1
176
     0
 40
1.0
176
     0
 90
        9
176
     2
 62
     7
176
     0
 40
1.0
176
     0
 90
        1
176
     0
 90
        6
176
     0
 90
        2
176
     0
 62
     7
176
     0
 90
        5
176
     0
 90
        0
176
     0
 90
        0
176
     0
290
     0
176
     0
 90
        1
176
     0
 40
0.0
176
     0
 90
        0
176
     0
290
     0
176
     1
290
     1
176
     1
290
     1
176
     1
290
     0
176
     1
290
     0
176
     1
290
     0
176
     1
290
     0
176
     1
290
     0
176
     1
290
     0
176
     1
 90
       50
176
     1
 40
0.0
176
     1
 40
1.0
176
     1
 90
        0
176
     1
 62
    18
176
     1
 90
       50
176
     1
 90
        3
176
     1
 62
     5
420
      255
176
     1
290
     0
176
     1
 90
       50
176
     1
 90
       50
176
     1
 90
       50
176
     1
290
     0
176
     1
 90
       50
176
     1
 62
   256
176
     0
 40
1.0
176
     0
 90
        2
176
     1
  1
strokes_ogs.tif
176
     1
290
     0
176
     1
 40
1.0
176
     1
 40
1.0
176
     1
  0
VISUALSTYLE
  5
F9
102
{ACAD_REACTORS
330
EF
102
}
330
EF
100
AcDbVisualStyle
  2
Realistic
 70
     8
177
     3
291
     0
 70
    58
 90
        2
176
     1
 90
        3
176
     1
 90
        0
176
     1
 90
        2
176
     1
 40
0.6
176
     1
 40
30.0
176
     1
 62
     7
420
 16777215
176
     1
 90
        0
176
     1
 90
        0
176
     1
 62
     7
176
     1
 62
   257
176
     1
 90
        1
176
     1
 90
        1
176
     1
 40
1.0
176
     1
 90
        8
176
     1
 62
   257
176
     1
 40
1.0
176
     1
 90
        1
176
     1
 90
        6
176
     1
 90
        2
176
     1
 62
     7
176
     1
 90
        3
176
     1
 90
        0
176
     1
 90
        0
176
     1
290
     0
176
     1
 90
       13
176
     1
 40
0.0
176
     1
 90
        0
176
     1
290
     0
176
     1
290
     1
176
     1
290
     1
176
     1
290
     0
176
     1
290
     0
176
     1
290
     0
176
     1
290
     0
176
     1
290
     0
176
     1
290
     0
176
     1
 90
       50
176
     1
 40
0.0
176
     1
 40
1.0
176
     1
 90
        0
176
     1
 62
    18
176
     1
 90
       50
176
     1
 90
        3
176
     1
 62
     5
420
      255
176
     1
290
     0
176
     1
 90
       50
176
     1
 90
       50
176
     1
 90
       50
176
     1
290
     0
176
     1
 90
       50
176
     1
 62
   256
176
     0
 40
1.0
176
     0
 90
        2
176
     1
  1
strokes_ogs.tif
176
     1
290
     0
176
     1
 40
1.0
176
     1
 40
1.0
176
     1
  0
VISUALSTYLE
  5
1F3
102
{ACAD_REACTORS
330
EF
102
}
330
EF
100
AcDbVisualStyle
  2
Shaded
 70
    27
177
     3
291
     0
 70
    58
 90
        2
176
     1
 90
        2
176
     1
 90
        1
176
     1
 90
        2
176
     1
 40
0.6
176
     1
 40
30.0
176
     1
 62
     7
420
 16777215
176
     1
 90
        0
176
     1
 90
        4
176
     1
 62
     7
176
     1
 62
   257
176
     1
 90
        1
176
     1
 90
        1
176
     1
 40
1.0
176
     1
 90
        8
176
     1
 62
   257
176
     1
 40
1.0
176
     1
 90
        1
176
     1
 90
        6
176
     1
 90
        2
176
     1
 62
     8
420
  7895160
176
     1
 90
        3
176
     1
 90
        0
176
     1
 90
        0
176
     1
290
     0
176
     1
 90
        5
176
     1
 40
0.0
176
     1
 90
        0
176
     1
290
     0
176
     1
290
     1
176
     1
290
     1
176
     1
290
     0
176
     1
290
     0
176
     1
290
     0
176
     1
290
     0
176
     1
290
     0
176
     1
290
     0
176
     1
 90
       50
176
     1
 40
0.0
176
     1
 40
1.0
176
     1
 90
        0
176
     1
 62
    18
176
     1
 90
       50
176
     1
 90
        3
176
     1
 62
     5
420
      255
176
     1
290
     0
176
     1
 90
       50
176
     1
 90
       50
176
     1
 90
       50
176
     1
290
     0
176
     1
 90
       50
176
     1
 62
   256
176
     0
 40
1.0
176
     0
 90
        2
176
     1
  1
strokes_ogs.tif
176
     1
290
     0
176
     1
 40
1.0
176
     1
 40
1.0
176
     1
  0
VISUALSTYLE
  5
1F2
102
{ACAD_REACTORS
330
EF
102
}
330
EF
100
AcDbVisualStyle
  2
Shaded with edges
 70
    26
177
     3
291
     0
 70
    58
 90
        2
176
     1
 90
        2
176
     1
 90
        1
176
     1
 90
        2
176
     1
 40
0.6
176
     1
 40
30.0
176
     1
 62
     7
420
 16777215
176
     1
 90
        1
176
     1
 90
        2
176
     1
 62
     7
176
     1
 62
   257
176
     1
 90
        2
176
     1
 90
        1
176
     1
 40
1.0
176
     1
 90
        8
176
     1
 62
   257
176
     1
 40
1.0
176
     1
 90
        1
176
     1
 90
        6
176
     1
 90
        2
176
     1
 62
     7
176
     1
 90
        3
176
     1
 90
        0
176
     1
 90
        0
176
     1
290
     0
176
     1
 90
        5
176
     1
 40
0.0
176
     1
 90
        0
176
     1
290
     0
176
     1
290
     1
176
     1
290
     1
176
     1
290
     0
176
     1
290
     0
176
     1
290
     0
176
     1
290
     0
176
     1
290
     0
176
     1
290
     0
176
     1
 90
       50
176
     1
 40
0.0
176
     1
 40
1.0
176
     1
 90
        0
176
     1
 62
    18
176
     1
 90
       50
176
     1
 90
        3
176
     1
 62
     5
420
      255
176
     1
290
     0
176
     1
 90
       50
176
     1
 90
       50
176
     1
 90
       50
176
     1
290
     0
176
     1
 90
       50
176
     1
 62
   256
176
     0
 40
1.0
176
     0
 90
        2
176
     1
  1
strokes_ogs.tif
176
     1
290
     0
176
     1
 40
1.0
176
     1
 40
1.0
176
     1
  0
VISUALSTYLE
  5
1EF
102
{ACAD_REACTORS
330
EF
102
}
330
EF
100
AcDbVisualStyle
  2
Shades of Gray
 70
    23
177
     3
291
     0
 70
    58
 90
        2
176
     1
 90
        2
176
     1
 90
        3
176
     1
 90
        0
176
     1
 40
0.6
176
     1
 40
30.0
176
     1
 62
     7
420
 16777215
176
     1
 90
        2
176
     1
 90
        2
176
     1
 62
     7
176
     1
 62
     7
176
     1
 90
        1
176
     1
 90
        1
176
     1
 40
40.0
176
     1
 90
        8
176
     1
 62
     7
176
     1
 40
1.0
176
     1
 90
        1
176
     1
 90
        6
176
     1
 90
        2
176
     1
 62
     7
176
     1
 90
        3
176
     1
 90
        0
176
     1
 90
        0
176
     1
290
     0
176
     1
 90
        1
176
     1
 40
0.0
176
     1
 90
        0
176
     1
290
     0
176
     1
290
     1
176
     1
290
     1
176
     1
290
     0
176
     1
290
     0
176
     1
290
     0
176
     1
290
     0
176
     1
290
     0
176
     1
290
     0
176
     1
 90
       50
176
     1
 40
0.0
176
     1
 40
1.0
176
     1
 90
        0
176
     1
 62
    18
176
     1
 90
       50
176
     1
 90
        3
176
     1
 62
     5
420
      255
176
     1
290
     0
176
     1
 90
       50
176
     1
 90
       50
176
     1
 90
       50
176
     1
290
     0
176
     1
 90
       50
176
     1
 62
   256
176
     0
 40
1.0
176
     0
 90
        2
176
     1
  1
strokes_ogs.tif
176
     1
290
     0
176
     1
 40
1.0
176
     1
 40
1.0
176
     1
  0
VISUALSTYLE
  5
1F0
102
{ACAD_REACTORS
330
EF
102
}
330
EF
100
AcDbVisualStyle
  2
Sketchy
 70
    24
177
     3
291
     0
 70
    58
 90
        1
176
     1
 90
        2
176
     1
 90
        2
176
     1
 90
        0
176
     1
 40
0.6
176
     1
 40
30.0
176
     1
 62
     7
420
 16777215
176
     1
 90
        2
176
     1
 90
        2
176
     1
 62
     7
176
     1
 62
     7
176
     1
 90
        1
176
     1
 90
        1
176
     1
 40
40.0
176
     1
 90
       11
176
     1
 62
     7
176
     1
 40
1.0
176
     1
 90
        1
176
     1
 90
        6
176
     1
 90
        2
176
     1
 62
     7
176
     1
 90
        6
176
     1
 90
        0
176
     1
 90
        0
176
     1
290
     0
176
     1
 90
        1
176
     1
 40
0.0
176
     1
 90
        0
176
     1
290
     0
176
     1
290
     1
176
     1
290
     1
176
     1
290
     0
176
     1
290
     0
176
     1
290
     0
176
     1
290
     0
176
     1
290
     0
176
     1
290
     0
176
     1
 90
       50
176
     1
 40
0.0
176
     1
 40
1.0
176
     1
 90
        0
176
     1
 62
    18
176
     1
 90
       50
176
     1
 90
        3
176
     1
 62
     5
420
      255
176
     1
290
     0
176
     1
 90
       50
176
     1
 90
       50
176
     1
 90
       50
176
     1
290
     0
176
     1
 90
       50
176
     1
 62
   256
176
     0
 40
1.0
176
     0
 90
        2
176
     1
  1
strokes_ogs.tif
176
     1
290
     0
176
     1
 40
1.0
176
     1
 40
1.0
176
     1
  0
VISUALSTYLE
  5
FC
102
{ACAD_REACTORS
330
EF
102
}
330
EF
100
AcDbVisualStyle
  2
Thicken
 70
    13
177
     3
291
     1
 70
    58
 90
        2
176
     1
 90
        2
176
     1
 90
        1
176
     1
 90
        0
176
     1
 40
0.6
176
     1
 40
30.0
176
     1
 62
     7
420
 16777215
176
     1
 90
        1
176
     1
 90
        4
176
     1
 62
     7
176
     1
 62
   257
176
     1
 90
        1
176
     1
 90
        1
176
     1
 40
1.0
176
     1
 90
       12
176
     1
 62
     7
176
     1
 40
1.0
176
     1
 90
        1
176
     1
 90
        6
176
     1
 90
        2
176
     1
 62
     7
176
     1
 90
        5
176
     1
 90
        0
176
     1
 90
        0
176
     1
290
     0
176
     1
 90
        1
176
     1
 40
0.0
176
     1
 90
        0
176
     1
290
     0
176
     1
290
     1
176
     1
290
     1
176
     1
290
     0
176
     1
290
     0
176
     1
290
     0
176
     1
290
     0
176
     1
290
     0
176
     1
290
     0
176
     1
 90
       50
176
     1
 40
0.0
176
     1
 40
1.0
176
     1
 90
        0
176
     1
 62
    18
176
     1
 90
       50
176
     1
 90
        3
176
     1
 62
     5
420
      255
176
     1
290
     0
176
     1
 90
       50
176
     1
 90
       50
176
     1
 90
       50
176
     1
290
     0
176
     1
 90
       50
176
     1
 62
   256
176
     0
 40
1.0
176
     0
 90
        2
176
     1
  1
strokes_ogs.tif
176
     1
290
     0
176
     1
 40
1.0
176
     1
 40
1.0
176
     1
  0
VISUALSTYLE
  5
F6
102
{ACAD_REACTORS
330
EF
102
}
330
EF
100
AcDbVisualStyle
  2
Wireframe
 70
     5
177
     3
291
     0
 70
    58
 90
        0
176
     1
 90
        2
176
     1
 90
        0
176
     1
 90
        0
176
     1
 40
0.6
176
     1
 40
30.0
176
     1
 62
     7
420
 16777215
176
     1
 90
        1
176
     1
 90
        4
176
     1
 62
     7
176
     1
 62
   257
176
     1
 90
        1
176
     1
 90
        1
176
     1
 40
1.0
176
     1
 90
        0
176
     1
 62
   257
176
     1
 40
1.0
176
     1
 90
        1
176
     1
 90
        6
176
     1
 90
        2
176
     1
 62
     7
176
     1
 90
        3
176
     1
 90
        0
176
     1
 90
        0
176
     1
290
     0
176
     1
 90
        1
176
     1
 40
0.0
176
     1
 90
        0
176
     1
290
     0
176
     1
290
     1
176
     1
290
     1
176
     1
290
     0
176
     1
290
     0
176
     1
290
     0
176
     1
290
     0
176
     1
290
     0
176
     1
290
     0
176
     1
 90
       50
176
     1
 40
0.0
176
     1
 40
1.0
176
     1
 90
        0
176
     1
 62
    18
176
     1
 90
       50
176
     1
 90
        3
176
     1
 62
     5
420
      255
176
     1
290
     0
176
     1
 90
       50
176
     1
 90
       50
176
     1
 90
       50
176
     1
290
     0
176
     1
 90
       50
176
     1
 62
   256
176
     0
 40
1.0
176
     0
 90
        2
176
     1
  1
strokes_ogs.tif
176
     1
290
     0
176
     1
 40
1.0
176
     1
 40
1.0
176
     1
  0
VISUALSTYLE
  5
1F1
102
{ACAD_REACTORS
330
EF
102
}
330
EF
100
AcDbVisualStyle
  2
X-Ray
 70
    25
177
     3
291
     0
 70
    58
 90
        2
176
     1
 90
        2
176
     1
 90
        1
176
     1
 90
        1
176
     1
 40
0.5
176
     1
 40
30.0
176
     1
 62
     7
420
 16777215
176
     1
 90
        1
176
     1
 90
        0
176
     1
 62
     7
176
     1
 62
   257
176
     1
 90
        1
176
     1
 90
        1
176
     1
 40
1.0
176
     1
 90
        8
176
     1
 62
     7
176
     1
 40
1.0
176
     1
 90
        1
176
     1
 90
        6
176
     1
 90
        2
176
     1
 62
     7
176
     1
 90
        3
176
     1
 90
        0
176
     1
 90
        0
176
     1
290
     0
176
     1
 90
       13
176
     1
 40
0.0
176
     1
 90
        0
176
     1
290
     0
176
     1
290
     1
176
     1
290
     1
176
     1
290
     0
176
     1
290
     0
176
     1
290
     0
176
     1
290
     0
176
     1
290
     0
176
     1
290
     0
176
     1
 90
       50
176
     1
 40
0.0
176
     1
 40
1.0
176
     1
 90
        0
176
     1
 62
    18
176
     1
 90
       50
176
     1
 90
        3
176
     1
 62
     5
420
      255
176
     1
290
     0
176
     1
 90
       50
176
     1
 90
       50
176
     1
 90
       50
176
     1
290
     0
176
     1
 90
       50
176
     1
 62
   256
176
     0
 40
1.0
176
     0
 90
        2
176
     1
  1
strokes_ogs.tif
176
     1
290
     0
176
     1
 40
1.0
176
     1
 40
1.0
176
     1
  0
DICTIONARYVAR
  5
437
102
{ACAD_REACTORS
330
436
102
}
330
436
100
DictionaryVariables
280
     0
  1
2
  0
DICTIONARYVAR
  5
438
102
{ACAD_REACTORS
330
436
102
}
330
436
100
DictionaryVariables
280
     0
  1
50.000000
  0
DICTIONARYVAR
  5
439
102
{ACAD_REACTORS
330
436
102
}
330
436
100
DictionaryVariables
280
     0
  1
1
  0
DICTIONARYVAR
  5
43A
102
{ACAD_REACTORS
330
436
102
}
330
436
100
DictionaryVariables
280
     0
  1
1:1
  0
DICTIONARYVAR
  5
43B
102
{ACAD_REACTORS
330
436
102
}
330
436
100
DictionaryVariables
280
     0
  1
STANDARD
  0
DICTIONARYVAR
  5
43C
102
{ACAD_REACTORS
330
436
102
}
330
436
100
DictionaryVariables
280
     0
  1
STANDARD
  0
DICTIONARYVAR
  5
43D
102
{ACAD_REACTORS
330
436
102
}
330
436
100
DictionaryVariables
280
     0
  1
Metric50
  0
DICTIONARYVAR
  5
43E
102
{ACAD_REACTORS
330
436
102
}
330
436
100
DictionaryVariables
280
     0
  1
Metric50
  0
DICTIONARYVAR
  5
43F
102
{ACAD_REACTORS
330
436
102
}
330
436
100
DictionaryVariables
280
     0
  1
0
  0
DICTIONARYVAR
  5
440
102
{ACAD_REACTORS
330
436
102
}
330
436
100
DictionaryVariables
280
     0
  1
2
  0
DICTIONARYVAR
  5
441
102
{ACAD_REACTORS
330
436
102
}
330
436
100
DictionaryVariables
280
     0
  1
1
  0
DICTIONARYVAR
  5
442
102
{ACAD_REACTORS
330
436
102
}
330
436
100
DictionaryVariables
280
     0
  1
3
  0
DICTIONARYVAR
  5
443
102
{ACAD_REACTORS
330
436
102
}
330
436
100
DictionaryVariables
280
     0
  1
0
  0
DICTIONARYVAR
  5
444
102
{ACAD_REACTORS
330
436
102
}
330
436
100
DictionaryVariables
280
     0
  1
0.000000;0.000000
  0
DICTIONARYVAR
  5
445
102
{ACAD_REACTORS
330
436
102
}
330
436
100
DictionaryVariables
280
     0
  1
ByLayer
  0
DICTIONARYVAR
  5
446
102
{ACAD_REACTORS
330
436
102
}
330
436
100
DictionaryVariables
280
     0
  1
0
  0
DICTIONARYVAR
  5
447
102
{ACAD_REACTORS
330
436
102
}
330
436
100
DictionaryVariables
280
     0
  1
0
  0
DICTIONARYVAR
  5
448
102
{ACAD_REACTORS
330
436
102
}
330
436
100
DictionaryVariables
280
     0
  1
0
  0
DICTIONARYVAR
  5
449
102
{ACAD_REACTORS
330
436
102
}
330
436
100
DictionaryVariables
280
     0
  1
2
  0
DICTIONARYVAR
  5
44A
102
{ACAD_REACTORS
330
436
102
}
330
436
100
DictionaryVariables
280
     0
  1
1.000000
  0
DICTIONARYVAR
  5
44B
102
{ACAD_REACTORS
330
436
102
}
330
436
100
DictionaryVariables
280
     0
  1
1
  0
DICTIONARYVAR
  5
44C
102
{ACAD_REACTORS
330
436
102
}
330
436
100
DictionaryVariables
280
     0
  1
2
  0
DICTIONARYVAR
  5
44D
102
{ACAD_REACTORS
330
436
102
}
330
436
100
DictionaryVariables
280
     0
  1
1
  0
DICTIONARYVAR
  5
44E
102
{ACAD_REACTORS
330
436
102
}
330
436
100
DictionaryVariables
280
     0
  1
1
  0
DICTIONARYVAR
  5
44F
102
{ACAD_REACTORS
330
436
102
}
330
436
100
DictionaryVariables
280
     0
  1
127
  0
DICTIONARYVAR
  5
450
102
{ACAD_REACTORS
330
436
102
}
330
436
100
DictionaryVariables
280
     0
  1
15
  0
DICTIONARY
  5
205
330
22
100
AcDbDictionary
280
     1
281
     1
  0
DICTIONARY
  5
1F9
330
ED
100
AcDbDictionary
280
     1
281
     1
  3
FBXASSET
360
1FA
  0
DICTIONARY
  5
1F7
330
EC
100
AcDbDictionary
280
     1
281
     1
  3
FBXASSET
360
1F8
  0
DICTIONARY
  5
173
330
EE
100
AcDbDictionary
280
     1
281
     1
  3
BUMPTILE
360
175
  3
DIFFUSETILE
360
174
  3
FBXASSET
360
1FB
  3
OPACITYTILE
360
176
  3
REFLECTIONTILE
360
177
  0
DICTIONARY
  5
162
330
7F
100
AcDbDictionary
280
     1
281
     1
  3
ACAD_ROUNDTRIP_2008_TABLESTYLE_CELLSTYLEMAP
360
55F
  0
XRECORD
  5
1FA
102
{ACAD_REACTORS
330
1F9
102
}
330
1F9
100
AcDbXrecord
280
     1
 70
     1
 90
429727718
  1
D62C5603-E3A1-4AEA-B7FB-FE5D8D0755AF
310
504B03040A0000080000CC70623B3DEE336E79000000790000001B0000006175746F6465736B2D64657369676E2D7061636B6167652E786D6C3C3F786D6C2076657273696F6E3D22312E302220656E636F64696E673D227574662D3822203F3E3C666F726D6174733E3C666F726D61743E687474703A2F2F736368656D612E
310
6175746F6465736B2E636F6D2F64657369676E2D7061636B6167652F323030393C2F666F726D61743E3C2F666F726D6174733E504B0304140006080800CC70623BD486FD9CA0000000F4000000130000005B436F6E74656E745F54797065735D2E786D6C7D8EC10E82300C865F65E91D8A1E8C310C0EEA1BF002731658846E
310
D98AC1B77784ABF1D8FE5FBFBF75BBCE937A534CCEB38643598122B6FEE978D0B0485F9C41B54DDD7D022595594E1A469170414C76A4D9A4D207E29CF43ECE46F218070CC6BECC4078ACAA135ACF422C856C0E68EA1BF5669944DDD7BCDE7B1F8E415D77AECB980613C2E4AC91FC167A2B244592486606FC29C8FD7F045B9A
310
EF7053A7E60B504B0304140006080800CC70623B853B8169EB0000007C01000008000000636F72652E786D6C8D90416EC3201045AF62CDB6C206821CC7C244919D9CA01740401C94182C03558F5F9C3852BBEB6A467FFE9B197D7EFC9E1EC5975982F5AE035262288C535E5B377690E21535501C055FBC8FBF6C503839990E
310
5619041F179FE64D52DE45E362569DD7661365082642A11EB9E920A89B99642953CC8E702F67A9EE7234257977194EC9EAE275C4EABCCF5EAD5940D4AC6F0E35A568B8F43562CD7046CD199FD07E60174276A7BE677B5EADB0E0D14EEFFB6A31321A0D82627C4084204C3F096B71DD52F6819B16635EADF63F509AF53FA164
310
5DDCD1EDDD17164090FCC8732078B56691CB33A85CD7DCC40F504B0304140006080800CC70623B55019EA25F0000007C00000007000000636E782E786D6C4DCB3B0E80201045D1AD90E915ED2CF8AC45050C11660C8261F98AB1B07AC9C97D42D718D865D3E909258CFD00CCE24AC6E326A164D74DC0B4128928FF32603847
310
2BA13128B1252AC747C6BAB984FC68F0B87FE8960A5C09FE86CFB69FBA01504B0304140006080800CC70623BDBABAAF470010000D40300000C0000006662782F636F72652E786D6CC553D16E823014FD95A6AF4B694182CC941A83FA05FB810A9511A125A5257EFE2E82712ECEB8A7F100CD39F7F69E734AF9FADC366850B6
310
AF8DCE7018308C942E4C59EB2AC3DE1D498AD15A706B8CFB56869196ADCAF00863C12B6B7C374385D14E6907A836A59A41D9F7CA615434B0C8705F7CAA5606D23BA8E84F41278B93AC54100640439DE0BDB320004D43C63716C7C399D30917DCFBBA9CD9BA8469F5B156168B24CED3F7248AC8769F27244EB73B92EED8862C
310
B7F13E0C179B3C8F979C8ECD82BBBABDAA2BAC924E9558448CBD9330242CFA08E3154B5651FCC6D215639C8EE5774DBE2B5F6CF2B5768B68963BB5F5588420E442FC700B1139D4CB01F450C1E918227C2E09DF070D8140C84E1E9AAB8F1340832A9CB13130A5F1376A908D57309505ECF2A0DF179C4E9D30F5B239B87E3823
310
7A79C6F31DE1A8A5AEC08474B03C7837EAE4938639B44E5932B833D2C6B6B279CDC613877FA26EE21F4A2A4C63EC7F29A2F301D1F9F7A0E37D145F504B0304140006080800CC70623B9C113CC27E0000009D0000000B0000006662782F636E782E786D6C4DCCDF0A83201C86E15B91DFB94BFB330DD428C8FB886521330DA7
310
6397BF1A1DECE883878F57749FCDA1B7892F1BBC047A23808C7F84D9FA55424E0BE6803A256208E9EF06C84F9B91703228B1C690F78B66B34CD9A5439DF5CF0BFBF65E35BCA1B8D6A5C6F540381E886698B5741C695F9503EBA150A2F8958E3DC3EA0B504B0304140006080800CC70623B7DF2F77C2A010000120200003100
310
00006662782F41393633353835312D344632462D344230382D423046372D3739314545314133324237412F636F72652E786D6C8D51DB8EC22014FC15C2939B0D2DB4B45643319AE817EC0F6041255A68B86CFCFC856D4D76DF7CE190393373060EDB3DC707F856CE6B6B7A480A0C81328395DA5C7B18C3057510EC3873D686
310
3F34088C18550F330C39BB3A1BA7051AAC09CA84841A2BD5020AEF55806078A44B0FFD7053A328440C89E1EFC52486BBB8AA8214A99D789CF9E05200300FC927E4FB4D5B375D43103D5527440FB843077C5AA3F5861C8F645F5787F59E95B390B318B55CE45AA638FAA2957BD7248B390B7A7CC51F9C124149C82B8C378810
310
84AB2F42B7B8DD56F413775B8C5999E9FF4471926F8AA236A1AE96B8B3CC434E5839373893369E1FAF30EA395917409EB7F26AF8801C171837A4A6AC9C89E9F9C9B1A58BA30FD6A5EF5DDDCF894B9AD9B6A59C957943A9FCAE2FD5BC4DFE03504B0304140006080800CC70623BAD7543B64E01000033030000300000006662
310
782F41393633353835312D344632462D344230382D423046372D3739314545314133324237412F636E782E786D6CD593CD6EC32010845F0571AD6CE3D48AD20813A9873E410FBD12D82434182C7EAAE6EDBB2424CD25871E7B41D6EC30B3FA84F9E67BB2E40B4234DE8DB46F1925E094D7C6ED479AD3AE5951B2113C789FEE
310
6C943839C1488B4C05DF079FE72A69D8C96C13AAD6B8631503449F83828872B949AC57D26200B826A308D316B4064D6E46FCDA41C05550DC9E483A00797BFD207EFB092A45DE9514C1BBD22178396BD39D891265658C238DEA00936C654E5E433CB65A26D9F6EDB5EBC14EBF49A45CB856E66048291F6939A9A81BB5C89177
310
38143CA680F4AA299D66A042CEB3354A2684DC9D8D178FE0D9B8B41CAAD720F880EE7EF93C0C18769E099ECC04D5A102C8049A8A05632F4DDF376CF1DE0F6BB65C2F8627B65A33C6BB62177CEBBDAD973006829F89F22E814B54F4BC2BE347F8AA8F681390B50FA73F804400B5F542E796F19FF974E7F78DB802FE05E20750
310
4B0304140006080800CC70623BE75B7789680500003C100000340000006662782F41393633353835312D344632462D344230382D423046372D3739314545314133324237412F6F626A656374732E786D6CAD575B8F9B3818FD2B887D06C22499CB8AA1CA655245D5B455A356FB305264C061D8018C6C3393D95FBFC7600890
310
A4CD5EF210B0B1BFEBF98E3F7B1FF6596ABC522E1296DF9BAE3D320D9A872C4AF2F8DE2CE5CEBA358D0FBEC719939D65A691938CDE9B6ADAF4BD98B3B2D05311DD91329583D9D5FC0F438434A7A611A644887B5384CF34233629258BA878B12322891DEFF6B66BD70BFB62634E8AE781D082709A4B588AF91C528CDA28B73F
310
1C998EEF39EABBEFA97FBD6A7C7E9553F9D3D79FE442923C3C523610337627CB87ABE99D359D4CC6D6E4FACAB5E6ABF9D2726FC6A3C5F56271377BB88362213924694B38DD99FE47C48627A1E7D49F5A8BB5E1A74C0A599ED3B0F21F1E56366B89112D681E218F0915D0D6F17AD41FBA2A369DCF6335D62ABBD39779D5DDD1
310
11D4D8DE3CBB96B2E04FB8202E41051754A1AA8E8F76B4C6DFE810B580B1547F4B84911149794252234D024EF8BBE963A95AE27B3D310A9D5C215C7960FAEE415ED75694C6AFB17BCACA5D99A60A9AA65F217B0BFC53292ACB92BF283FAD0D3621576592CB5BED907C2FA8E9DF794E35E97BEA31BED21FEB401ABB94C44839
310
DCACBF0E1C5DA8DA5B2F4DFFD32AD86F543D9E565E7056502E157C00AD2671CD534549AB752FCA9CDA00677A313F04E51B22FF19E57B300579E3C97EB29F682D92935CEC18CF901B7B54FD8C51F362B56FC72FE0B3C1EAE335EDCCBF5AEC39ADB17DC238973F804BA5E6F6BFE7AF1FB32E523BE9F3BD571418E3631DCA4D48
310
5250CF639223210A9446CA30052EDF057BD35F8329C1ECD84552BF0DC8D18BE7BCE23BFE6BD960AB4A7DE79923A103BEBD80F911CBAA2C60DB19B01CF164A5583B772EE6D3FFA56666CBCDA74DC97724A48F9A58967497E489C4D979006FD7A05E227A1EBDD0F737C623387A9C844D3709995625106D157315F8B8392CD4E0
310
A0B9A720C4BE9829CEF37EA1E13111214D53925356365ADA634861B52519DD27A00AEB808EAF0628E6F435519D446F45CF2C9CF5214F0A15B2F6D06B79DA3EE3CBF7F56780D2F4E7EF73A0F5E5B02A38D07DC852C6B7C1FBB6664213E0C39E3EBA7FF4E1AD23EA2829407C85E586727488B751B2DB9502BC7B228A3FD68B6E
310
A65A22397E690AA8D158D7E404EC8CDA235CC3B7D1898680131CEC2CDF2638C65196279577750F15884AEE19F94199155B92B13297978469D4F8D358DF0AEF7631E28DC8F0D9F437D5D39A83B2231A1D52D543813A824EF8D44BCFF2FA6A31BD1E8DAD87F1CCB526B3879935BF59CDADD5C37479BB1CDD4CA7B3556B516589
310
EF352754B706114D9C885EC9131DE6EFEB43D99AFE2391C2F958179413D7CFEF6B1B6DB1E7600F00DE6E5C67454A339A4BA2E0FBA85ED26F045D454F463DBFCE484C2F90F2E5E3666003662ED8F755951A7D1BECD5B30B550B2785C8E7320B7292A4838DDA71BBC863ED7613CAF659337A3354231D4FF4A182A54904C2898C
310
98B28C4AD0CE056CCF332A80986E571EE9DBC305BB5FEB7E509220A58D25CF042D712A806AC0AD0C657FDEF80D2D9CEAA2EE4D1C76F60BFE74219A06527D6F82DF6412526107381E55E353090704D085B52408A8913C4ED159D79BDA71BB4BC506F4831350EB6F975CD22D69BF7AC49B91A2C0A9DDA3D5CA36AD20FC478E37
310
E61844E2352865EBCB61A275A65283CAAA9DD27703B4102F5AF51EF5F573B75CBB5AD38BC845F7A49F82A0966A49C2E3EA5EA0ECD326CD965F1DB402C6FA8B51A4658C5C5E2EC9E214602E55810345408596591009A82E7E7FFACA19EEA299B14A0081A705CB3296EBC14CDF658DCD336EA6D1136881AAEB87B81AB9EE53D5
310
F5EB8BC8362082DA24122F98680A4E7930C01A0079749CEA14382A0783E5EBA5A10F8C098456A03D6A4AEB6BB881E2513747552A5DB22C7EDAF83BD5528081A365F7FF06504B0304140006080000CC70623B000000000000000000000000350000006662782F41393633353835312D344632462D344230382D423046372D37
310
39314545314133324237412F76657274696365732E62696E504B0304140006080800CC70623BF270F1330600000004000000360000006662782F41393633353835312D344632462D344230382D423046372D3739314545314133324237412F747269616E676C65732E62696E636660600000504B0304140006080000CC7062
310
3B000000000000000000000000370000006662782F41393633353835312D344632462D344230382D423046372D3739314545314133324237412F617474726962757465732E62696E504B0304140006080800CC70623B08DA0BD19000000041010000360000006662782F41393633353835312D344632462D344230382D4230
310
46372D3739314545314133324237412F6469726563746F72792E786D6C858F410AC3201045AF22B36F53E9A60B35CBEEBAE80D244E44489C6234F4F835464A48035D0DF398FF9F8AF63D0E6CC63039F212F8F9020C7D47C6792B21C5FE7403D62A1188E2E60C98D7234A5830286103A55745067B9D86B8A3CF9C7F90C11DE6
310
07FB144396D7B6A82D282E9A152AD114D5EF2CB866EEE831B8EEA07A7BB5A8D7D61A2BAAEB7FD5F70921FF497D00504B0304140006080800CC70623BEDD1DC58FD000000A00100003B0000006662782F41393633353835312D344632462D344230382D423046372D3739314545314133324237412F7265736F75726365732F
310
636F72652E786D6C8D504B6E833010BD0A9A6D65B00922041947112427E8052C33A156828DFCA97AFC9A40A576D7CDCCE87D344F8F9FBFE667F689CE6B6B3A6039850C8DB2A336530731DC4903D95970676DF82583CCC8193B5861107C72362E3BA4AC096842428D1D7107A5F7182053CF7474E0D507CE32973124857FE48B
310
540F3961CEF244279DE03EB81420DB9EAC1384436FA353E879B1B182C7A8C75DA3C7F453DF353A1075D537A7BA6464B8F535A99AE14A9A2BBD90E350DD183B5CFABE3AF262350B1EF4FC9351399401471025A527C218A1E53BAB5A5AB765F5469B96525EACF23FA6B88CFF34456DC2A1DCE36E360F82A5202F42F062ED2BAD
310
579969AFDD8A6F504B010214000A0000080000CC70623B3DEE336E79000000790000001B00000000000000000000000000000000006175746F6465736B2D64657369676E2D7061636B6167652E786D6C504B01021400140006080800CC70623BD486FD9CA0000000F40000001300000000000000000000000000B20000005B
310
436F6E74656E745F54797065735D2E786D6C504B01021400140006080800CC70623B853B8169EB0000007C010000080000000000000000000000000083010000636F72652E786D6C504B01021400140006080800CC70623B55019EA25F0000007C000000070000000000000000000000000094020000636E782E786D6C504B
310
01021400140006080800CC70623BDBABAAF470010000D40300000C00000000000000000000000000180300006662782F636F72652E786D6C504B01021400140006080800CC70623B9C113CC27E0000009D0000000B00000000000000000000000000B20400006662782F636E782E786D6C504B01021400140006080800CC70
310
623B7DF2F77C2A010000120200003100000000000000000000000000590500006662782F41393633353835312D344632462D344230382D423046372D3739314545314133324237412F636F72652E786D6C504B01021400140006080800CC70623BAD7543B64E010000330300003000000000000000000000000000D2060000
310
6662782F41393633353835312D344632462D344230382D423046372D3739314545314133324237412F636E782E786D6C504B01021400140006080800CC70623BE75B7789680500003C10000034000000000000000000000000006E0800006662782F41393633353835312D344632462D344230382D423046372D3739314545
310
314133324237412F6F626A656374732E786D6C504B01021400140006080000CC70623B0000000000000000000000003500000000000000000000000000280E00006662782F41393633353835312D344632462D344230382D423046372D3739314545314133324237412F76657274696365732E62696E504B01021400140006
310
080800CC70623BF270F133060000000400000036000000000000000000000000007B0E00006662782F41393633353835312D344632462D344230382D423046372D3739314545314133324237412F747269616E676C65732E62696E504B01021400140006080000CC70623B0000000000000000000000003700000000000000
310
000000000000D50E00006662782F41393633353835312D344632462D344230382D423046372D3739314545314133324237412F617474726962757465732E62696E504B01021400140006080800CC70623B08DA0BD1900000004101000036000000000000000000000000002A0F00006662782F41393633353835312D344632
310
462D344230382D423046372D3739314545314133324237412F6469726563746F72792E786D6C504B01021400140006080800CC70623BEDD1DC58FD000000A00100003B000000000000000000000000000E1000006662782F41393633353835312D344632462D344230382D423046372D3739314545314133324237412F7265
310
736F75726365732F636F72652E786D6C504B0506000000000E000E0080040000641100000000
  0
XRECORD
  5
1F8
102
{ACAD_REACTORS
330
1F7
102
}
330
1F7
100
AcDbXrecord
280
     1
 70
     1
 90
429727718
  1
30362254-06B7-45E0-A893-8CFA70E3D6BC
310
504B03040A0000080000CC70623B3DEE336E79000000790000001B0000006175746F6465736B2D64657369676E2D7061636B6167652E786D6C3C3F786D6C2076657273696F6E3D22312E302220656E636F64696E673D227574662D3822203F3E3C666F726D6174733E3C666F726D61743E687474703A2F2F736368656D612E
310
6175746F6465736B2E636F6D2F64657369676E2D7061636B6167652F323030393C2F666F726D61743E3C2F666F726D6174733E504B0304140006080800CC70623BD486FD9CA0000000F4000000130000005B436F6E74656E745F54797065735D2E786D6C7D8EC10E82300C865F65E91D8A1E8C310C0EEA1BF002731658846E
310
D98AC1B77784ABF1D8FE5FBFBF75BBCE937A534CCEB38643598122B6FEE978D0B0485F9C41B54DDD7D022595594E1A469170414C76A4D9A4D207E29CF43ECE46F218070CC6BECC4078ACAA135ACF422C856C0E68EA1BF5669944DDD7BCDE7B1F8E415D77AECB980613C2E4AC91FC167A2B244592486606FC29C8FD7F045B9A
310
EF7053A7E60B504B0304140006080800CC70623B1EC5D7A3EB0000007C01000008000000636F72652E786D6C8D90416EC3201045AF82665B6103C6756C6122AB4D4ED00B204C5C94182C03558F5F9C3852BBEB6A467FFE9B197D71FC9E6FE8CBACC17AD7032D0820E3B41FAD9B7A48F1820F808E52ACDEC75F36404ECDA687
310
4D0629A6D5A76597B477D1B89855E747B38B2A041301E95B6E7A08FAD3CCAA50296647B8168BD2573599823EBB0CA76447F43862C7BCCF5EAC59410E4DDD9C7973C2755553CCCFA4C603E3040F1565ED3B1FDE4E432BCA0D9622DAF9795FAF464533826484B498524CD807E51D79ED187F21878E10516EF63F505AC67F42C9
310
BA58B1FDDD071640D2FCC87D2045B96591CB3DA85CB7DCE40F504B0304140006080800CC70623B55019EA25F0000007C00000007000000636E782E786D6C4DCB3B0E80201045D1AD90E915ED2CF8AC45050C11660C8261F98AB1B07AC9C97D42D718D865D3E909258CFD00CCE24AC6E326A164D74DC0B4128928FF32603847
310
2BA13128B1252AC747C6BAB984FC68F0B87FE8960A5C09FE86CFB69FBA01504B0304140006080800CC70623B8C9102E971010000D40300000C0000006662782F636F72652E786D6CC5535B6E833010BC8AE5DF0A6C08340F1947A84D4ED00B38C6A128602363A31CBFCB234A53A551FA553EC09AD9F5CE8C31DB9E9B1AF5CA
310
7695D1198E428A91D2D214952E33ECDD315861B4E5CC1AE3BE9561A445A3323CC098B3D21ADFCE9034DA29ED00D5A6503328BA4E398C640D8B0C77F253352214DE4145770A5B214FA2546114020D759C75CE8200340D19DE981F0F6746269C33EFAB6266AB02A655C74A59CCF365BADC27CB5D902ED22848F6340DF238A141
310
BE88E2F57B92BFEDF23523433367AE6A2EEAA455C2A902F398D2751045018D3FA264435F3771F242571B4A1919CA6F9A7C5B3CD9E42BED16F12C776AEB308F40C848FC700B1139D4891EF410CEC810227CC6846F8386402064270EF5C5C709A05E49676C024C61FC95EA45ED154CA5211D1FF4FB8291A913A68E9B83EBBB33
310
E2A7673CDE118E5AE8124C0807CB8377834E366998436B950D7A7746DAD846D4CFD978E0F04FD455FC5D49D2D4C6FE9722321F10997F0F32DC47FE05504B0304140006080800CC70623BFFEA85907E0000009D0000000B0000006662782F636E782E786D6C4DCCD10A83201886E15B91FFDC95D95A811AB6F23E625948A6C3
310
E9D8E5AF46073BFAE0E1E365ED67B3E8ADC3CB78C7815C7240DA3DFC64DCC221C519D7805AC182F7F1EF06C88D9BE6703008B6049F9E274D7A1E938DBB5AE3D6131B2589BA0D3D965551E0B2EA732C9B9A624AAEB41E3A557677029960D9AFB4EF11165F504B0304140006080800CC70623B4FEEA4082C0100001202000031
310
0000006662782F39464131463745442D413632322D343644302D413938332D3331353338454246344243312F636F72652E786D6C8D515B6EC32010BC0AE2AB55850DD871ED0813254D72825EC00192A2C460F1A872FC42ED48ED5F7E00CDCECCCEB26C731F6FE05B39AFADE921293004CA082BB5B9F43086336A21D870E6AC
310
0D7F68109861543DCC30E4ECE26C9C164858139409093556AA051CBC570102714B8F1E7AF1A5C6A11862480C7F2DA6415C878B2A4891CA89C7990F2E050073937C42DE1DB7E4F87ED8A36D4329AA9B3D46DBAEAD504556557BD81DEBDD0761E52CE42C462D17B996298E3E6BE59E35C962CE821E1FF18553435012728A7187
310
0841987E927A8D9B35ADDF70BBC6989599FE4F1427F9A4286A132ABAC49D651EF234CD5CE04CDA78BA3DC2A8FB645D00B9DF8B57E215725C60BCA2A463E54C4CE327C7A65E1C7DB02E7DEFCBF594B864C5CA6CDBD49C957943E9FA5D5FBAF336F90F504B0304140006080800CC70623BAD7543B64E01000033030000300000
310
006662782F39464131463745442D413632322D343644302D413938332D3331353338454246344243312F636E782E786D6CD593CD6EC32010845F0571AD6CE3D48AD20813A9873E410FBD12D82434182C7EAAE6EDBB2424CD25871E7B41D6EC30B3FA84F9E67BB2E40B4234DE8DB46F1925E094D7C6ED479AD3AE5951B2113C
310
789FEE6C943839C1488B4C05DF079FE72A69D8C96C13AAD6B8631503449F83828872B949AC57D26200B826A308D316B4064D6E46FCDA41C05550DC9E483A00797BFD207EFB092A45DE9514C1BBD22178396BD39D891265658C238DEA00936C654E5E433CB65A26D9F6EDB5EBC14EBF49A45CB856E66048291F6939A9A81BB5
310
C8917738143CA680F4AA299D66A042CEB3354A2684DC9D8D178FE0D9B8B41CAAD720F880EE7EF93C0C18769E099ECC04D5A102C8049A8A05632F4DDF376CF1DE0F6BB65C2F8627B65A33C6BB62177CEBBDAD973006829F89F22E814B54F4BC2BE347F8AA8F681390B50FA73F804400B5F542E796F19FF974E7F78DB802FE05
310
E207504B0304140006080800CC70623B16AB87BA640500003C100000340000006662782F39464131463745442D413632322D343644302D413938332D3331353338454246344243312F6F626A656374732E786D6CAD575B6FA33818FD2B887DE6924B3BED8A326A92B68A663B534DD4D13E548A0C38942D60649B369D5FBFC7
310
600890A493BDE42160637FD7F31D7FF63E6FB3D478A55C242CBF3247B66B1A340F5994E4F19559CA8D75611A9F7D8F33263BCB4C232719BD32D5B4E97B316765A1A722BA21652A07B3B7B33F0D11D29C9A46981221AE4C113ED38CD8A4942CA2E2C58E882476BCD9DA23BB5ED8171B73523C0F841684D35CC252CCE79062D4
310
468DFA43D7747CCF51DF7D4FFDEB5593E3AB9CCA9FBEFE241792E4E19EB28198C968BAB8199F5D5A67D3E9C49A9E8F47D6EC76B6B0469F26EEFC7C3EBFBCBEB98462213924694B38DD98FE1D62C393D073EA4FADC5DAF04326852CCF6958F90F0F2B9BB5C48816348F90C7840A68EB78EDF68723159BCEE7891A6B95DDE9D3
310
BCEAEEE8086A6C6F9E5D4B59F0175C10A7A0820BAA5055C7473B5AE3CFDD452D602CD5DF12616444529E90D448938013FE6EFA58AA96F85E4F8C42275708571E98FE6827AF6B2B4AE3D7D83D64E5A64C53054DD3AF90BD06FEA9149565C94FCA0F6B834DC85599E4F2423B24DF0B6AFA979E534DFA9E7A4CC6FA631D486393
310
921829879BF5D781A373557BCB85E97FB90DB62B558F8795179C15944B051F40AB495CF35451D26A4727654E6D8033BD98EF82F21D91FF8AF2DD9982BCF1643BDD4EB516C9492E368C67C88DED563FC36D5EACF66DFF057C3658BDBFA69DF9578B3DA735B64F18C7F20770A9D45CFCF7FCF563D6456A277DBEF78A02637CA2
310
43B90A490AEAB94F72244481D24819A6C0E59B606BFA4B3025981DBB48EAB701D97BF19C577CC77F2D1B6C55A9EF3C732474C0B727303F625995056C3B02963D9EAC146BE78EC5FCEC7FA999EBC5EACBAAE41B12D27B4D2C0BBA49F244E2ECDC81B76B502F113D8F5EE8FB1BE3111CDD4FC2AA9B844CAB1288B68AB90A7CDC
310
1C166AB0D3DC5310625FCC14E779BFD0709F8890A629C9292B1B2DED31A4B0DA928CEE135085754027E3018A397D4D5427D15BD1330B677DC8934285AC3DF45A9EB68FF8F2B8FC0A509AFEECFD0FF2DE25CC6047F7214B195F07EFEB9A094D800F7BFAE8FED187B78EA8A3A400F115961BCAD1215E47C966530AF0EE8128FE
310
58CEBB996A8964FFA529A046635D9353B0336A8F700DDF46271A024E70B0B37C9DE01847591E54DED53D54202AB947E4076556AC49C6CA5C9E1226B7F1A7B1BE15DEED62C41B91E1B3E9AFAAA735036547343A925075041DF0A9979E893B391F8FCFA6967B3EFB644DCF6E5CEBFAE272625DCC6FAF3FB93793C5F90CE1EF57
310
407342756B10D1C489E8953CD1617E5CEECAD6F4EF8914CE5D5D504E5C3F1F9736DA62CFC11E00BCDDB8CC8A9466349744C1F75EBDA4DF09BA8A9E8C7A7E9991989E20E5DBDD6A6003664ED8F7A04A8DBE0DF6EAD9B9AA858342E47399053949D2C146EDB85DE4B176BB0965FBAC19BD19AA918E27FA50C1D22402E144464C
310
59462568E704B6E71915404CB72B8FF4EDE184DDAF753F284990D2C6926782963815403548A70C657FDEF80D2D9CEAA2AE4C1C76F60BFE74219A06527D6582DF6412526107381E55E353090704D085B52408D0933C4ED159D79BDA71BB4BC506F4831350EB6F979CD22D69BF7AC49B91A2C0A9DDA3D5CA36AD20FC478E37E6
310
1844E2352865EBCB6EA275A652E3836BE04EFB400BF1A2556F515F1FBB35B2AB35BD889C744FFA1004B5544B121E57F70215746DD2F5E2C1412B602CBF19455AC6C8E5E9922C4E01E65215385004546899059180EAFCF7A707CE7017CD8CDB0410789AB32C63B91E5CEBBBACB17AC6CD347A022D5075FD106377347AAABA7E
310
7D11590744509B44E205134DC1290F06580320F78E537D3D73540E06CB970B431F185308AD40BBD794D6D77003C5A36E8EAA54BA64597CD8F83BD552A080A365F7FF06504B0304140006080000CC70623B000000000000000000000000350000006662782F39464131463745442D413632322D343644302D413938332D3331
310
353338454246344243312F76657274696365732E62696E504B0304140006080800CC70623BF270F1330600000004000000360000006662782F39464131463745442D413632322D343644302D413938332D3331353338454246344243312F747269616E676C65732E62696E636660600000504B0304140006080000CC70623B
310
000000000000000000000000370000006662782F39464131463745442D413632322D343644302D413938332D3331353338454246344243312F617474726962757465732E62696E504B0304140006080800CC70623B08DA0BD19000000041010000360000006662782F39464131463745442D413632322D343644302D413938
310
332D3331353338454246344243312F6469726563746F72792E786D6C858F410AC3201045AF22B36F53E9A60B35CBEEBAE80D244E44489C6234F4F835464A48035D0DF398FF9F8AF63D0E6CC63039F212F8F9020C7D47C6792B21C5FE7403D62A1188E2E60C98D7234A5830286103A55745067B9D86B8A3CF9C7F90C11DE607
310
FB144396D7B6A82D282E9A152AD114D5EF2CB866EEE831B8EEA07A7BB5A8D7D61A2BAAEB7FD5F70921FF497D00504B0304140006080800CC70623B0D6EF93BFE000000A00100003B0000006662782F39464131463745442D413632322D343644302D413938332D3331353338454246344243312F7265736F75726365732F63
310
6F72652E786D6C8D50596E833010BD0A9ADFCA60B334011947A8694ED00B586642AC041B79A97AFC9A40A5F6AF3F33A3B7689E1E3F7DCD8FEC139DD7D6F4C0720A191A65476DA61E62B892236427C19DB5E1970C322367EC618541F0C9D9B8EC90B226A009093576C41D94DE63804C3DD2D18357379C652E63480A7FCF17A9
310
EE72C29CE5894E3AC17D702940B63D59270887DE46A7D0F36263058F518FBB468FE9A7BE6A7420864373B8D4873369AA8691FA421B3294352543C5CAF65C0F6FEF43CB8BD52C78D0F34F46E550061C419494B6843142CB0F5677F4B52BEB177AEC28E5C52AFF638ACBF84F53D42654E51E77B379102C05791282176B5F693D
310
CB4C7BED567C03504B010214000A0000080000CC70623B3DEE336E79000000790000001B00000000000000000000000000000000006175746F6465736B2D64657369676E2D7061636B6167652E786D6C504B01021400140006080800CC70623BD486FD9CA0000000F40000001300000000000000000000000000B20000005B
310
436F6E74656E745F54797065735D2E786D6C504B01021400140006080800CC70623B1EC5D7A3EB0000007C010000080000000000000000000000000083010000636F72652E786D6C504B01021400140006080800CC70623B55019EA25F0000007C000000070000000000000000000000000094020000636E782E786D6C504B
310
01021400140006080800CC70623B8C9102E971010000D40300000C00000000000000000000000000180300006662782F636F72652E786D6C504B01021400140006080800CC70623BFFEA85907E0000009D0000000B00000000000000000000000000B30400006662782F636E782E786D6C504B01021400140006080800CC70
310
623B4FEEA4082C0100001202000031000000000000000000000000005A0500006662782F39464131463745442D413632322D343644302D413938332D3331353338454246344243312F636F72652E786D6C504B01021400140006080800CC70623BAD7543B64E010000330300003000000000000000000000000000D5060000
310
6662782F39464131463745442D413632322D343644302D413938332D3331353338454246344243312F636E782E786D6C504B01021400140006080800CC70623B16AB87BA640500003C1000003400000000000000000000000000710800006662782F39464131463745442D413632322D343644302D413938332D3331353338
310
454246344243312F6F626A656374732E786D6C504B01021400140006080000CC70623B0000000000000000000000003500000000000000000000000000270E00006662782F39464131463745442D413632322D343644302D413938332D3331353338454246344243312F76657274696365732E62696E504B01021400140006
310
080800CC70623BF270F133060000000400000036000000000000000000000000007A0E00006662782F39464131463745442D413632322D343644302D413938332D3331353338454246344243312F747269616E676C65732E62696E504B01021400140006080000CC70623B0000000000000000000000003700000000000000
310
000000000000D40E00006662782F39464131463745442D413632322D343644302D413938332D3331353338454246344243312F617474726962757465732E62696E504B01021400140006080800CC70623B08DA0BD190000000410100003600000000000000000000000000290F00006662782F39464131463745442D413632
310
322D343644302D413938332D3331353338454246344243312F6469726563746F72792E786D6C504B01021400140006080800CC70623B0D6EF93BFE000000A00100003B000000000000000000000000000D1000006662782F39464131463745442D413632322D343644302D413938332D3331353338454246344243312F7265
310
736F75726365732F636F72652E786D6C504B0506000000000E000E0080040000641100000000
  0
XRECORD
  5
175
102
{ACAD_REACTORS
330
173
102
}
330
173
100
AcDbXrecord
280
     1
270
     1
271
     1
  0
XRECORD
  5
174
102
{ACAD_REACTORS
330
173
102
}
330
173
100
AcDbXrecord
280
     1
270
     1
271
     1
  0
XRECORD
  5
1FB
102
{ACAD_REACTORS
330
173
102
}
330
173
100
AcDbXrecord
280
     1
 70
     1
 90
-112326916
 71
     1
  1
DD45A154-8249-46A1-8B84-AF77F7A7BE01
311
504B0304140006080800DB5D265D24F66C001F010000A80100004F00000031464442423830352D394630412D343731322D384444342D3244343646454437424134442F4173736574446174612F446566696E6974696F6E4974657261746F7250726F706572746965732E62696E8D90BF4B033114C753878A8383E21FA02038
311
3DEF07B94B2288CD35172741D45DD233B685F45A9B3B5CBB149CF5DF7172F2BF71D3515FB05DC507DFBCC7FBF9214F8490EF9561483AA805BEDBE8CF6D6DE7E3EABA1AD98921DD9071D38171871809A18B8C710D3C9512A828731039CF21134AE431E7FDB45F6E60DF264AD97BD3BA26ACBC18FBCA3A676A3B6DFD0E265637
311
F627A6C15BC61D87A12D42825BA0C8BAE0C3A6E12F51807C4499BBD9C999F1DE36A751A25551F03803A1630462490A5C290AA9A2B92E152B2455D195F5D3765E591F6129934946919F0AA0B94C80179C82D48C69265951C649D48CDAF0357B0163509BB18BE26885703BAB8700F086A57F5800FEDB3EA17B293B64D13B78D9
311
7DFF7AEEBD7E3CCC8F6E96BDF5D40F504B0304140006080800DB5D265D28E40F1919010000300200004500000031464442423830352D394630412D343731322D384444342D3244343646454437424134442F4173736574446174612F496E7374616E636550726F706572746965732E62696EEB606060F80F05402603231037
311
00495E20ED9E9A975A94991C9C9C919A9BA802147071313175343435D1B53032B1D435317334D4B570B230D1757433377733773477723530644768046931363471713532B5D435353131066A3132D475727372D13534373670367376B67474B5042A03DBCBA019D37FE8ABC6157B20CD04146B0062181F4C03F940F0C11E24
311
09D1C1C020E0C02000E242808A038C8583FE600F9580337028045AC300B4871928DD805002D3F5006A0C0F420A89050A4F840C4C0F9202283365A703A620B208C40D2011909126C85248EC0FF62C401E28E6F88038B83CB1243943D7A928312F25350524F3A79E81A1A361BD20889E29C0C001A23980E22000D2850C1CD4FF
311
8880E461C0E1EA2BB0BE00280D00504B0304140006080800DB5D265DB5A795FFE3790000DE7900006B00000031464442423830352D394630412D343731322D384444342D3244343646454437424134442F5265736F75726365732F44443435413135342D383234392D343641312D384238342D414637374637413742453031
311
2F7468756D626E61696C2F302F67656E657269635F706E6701DE79218689504E470D0A1A0A0000000D49484452000001000000010008030000006BAC58540000000467414D410000B18F0BFC6105000000017352474200AECE1CE900000192504C5445818181B3B3B35A5A5A4848486060605C5C5C6464648383835E5E5E62
311
62624E4E4EAFAFAF4A4A4AB5B5B54C4C4CB1B1B1858585B7B7B7585858ADADAD7C7C7C464646787878ABABAB747474A7A7A7686868707070B9B9B96E6E6E6A6A6A8B8B8B666666545454565656A5A5A5505050A1A1A1BBBBBB8F8F8F9F9F9F4242425252527676764040403E3E3E9B9B9B7A7A7A8989897E7E7E9393939797
311
974444448787873C3C3C727272BDBDBD3A3A3A6C6C6CA9A9A9A3A3A32020209D9D9DBFBFBF8D8D8D9595959191912626269999992222222424241E1E1EC1C1C1282828C3C3C32C2C2C2A2A2A2E2E2E303030C5C5C53232321C1C1C363636383838343434C7C7C71A1A1A0E0E0E121212484A484C4E4C1616160A0A0A4A4C4A
311
787A781414147C7E7C9193915E605E464846838583878987B1B3B18587856668665A5C5A626462818381A7A7A5A3A3A1B1B1AFADAFAD7072705C5E5C9D9D9BABADAB7E817EB7B9B7585A58BBBDBB4C4C4A8D8F8D747674B5B5B3B7B7B59FA19F606260ABABA9A5A5A39B9B99A9A9A78F8F8D6C6C6AC7C7C5451AD127000020
311
00494441547801DCBD89771BD7B5A70B8EE04C702641712605CE034890E220088028C93245451215B713AF388E7DFD9EEDB8DDCE6ABFF4B57D97137BE50FEFEFDBA74049B6AEED74869B7E87404D2814EBB7F76F0F67A8835CEEBFA0E42B854AA5B2BB5B6BCC951A8D52A93657A914FE0BEEE39FFE2FF395B9B9C6CAD2D4C4
311
606F4B7FFF8D1B37EEDCB97587F7CD9B4343BD134BABE7DB48E3FFA7A228ECD6F6574E4786C0FC8B5FFCE2CD5FFCE297BF7CF3CD5FFC92B52FFE58BFF9E69B776E0EF5F79E55CBBBF9FC3F5D3DFFB07F5898ABAF7CDA3B74E74EC0CE20230561BF096E97E05712BFFCC59BC80539DCE83DDD6E54FE61B7747DE17FB8980BBB
311
FB2BBD4337DF487881AAE6C5ACC6AF25207877B2B527BFF1CB3B77FA47561ABBD7F7FA7FE146A5B6BD74E3164C7F51449AE95DB412200EC539418717E7F2F11B376FF62E95FEAF1442BED0581DBCA1BD2780D23F506AFA16E1A7AD974EF17876F00DD7BCB187A1A97AE51FCED5BF2BC1F2BBE5B3C19BE27B43CF26DE009336
311
58FE129B109C2FFF922CC22C4260FA01BEFB462A77DEBC35F42F600C3F5B0795D2E9E02DAD5E650B4438A92801B65C35CBAB7B1EE5041CE69D3B6F1822DFB873EBD6AD3B6FBC71EBC6C86AE967DFC2DFA4CEBFF1BF54F6276EBC114E2F43FEC60B01A0D440A868B2920E5C4BC10D60931ADCB871F3268B21D3851B08E1D6AD
311
9BFD4BF57F7577909FAB86F29B982571136AF01DF5FE32AC3BD9406CAAF2440A54CF176EDD01FBADA1FEFEFE21FE4C9858DFF4183458A9FD2B6708A5A5A137E0EE1D11A9EC0C7C58B2C73C0AD6B479BD76B7790CF899E287FA5B06FB7B07C9195B7851FA8794031EF1FC5F9406BBFB23375420286399B631E93B08022A785C
311
4DBF9996EC3551874094D71B6F487E80F6837E50F483BDBDBD83232323AC420A18C68DA196EDDADF68A77F938F78FD972BABBDB7B87FB164AC6FC2CB760365821ACB74AED44FFAD7E7431ECD7E08AC421F391D199998989A383D9D98E8E56F84A318C58D9BFD2DAB73FF5222C8EFAEF4DE7AF30D756E5108683DA471E70D05
311
02099A7240F19E4089D3FD203E620F1B47BF43501E85031AE44B4B9F2E4D2D9D4D51D8970983FA861B3706FF950CA170DE82F6B312CC4F42C8966295F7D725ED29882415DC055F36DEA1FE96FEC141493F05FAA9A9A5A595B333DED5B3D5A533F62183323032F46EFF13EA0AAFA5FBF7C8976F8C10F7280A014832593B9000
311
4D52341980D907EAEB73411EB2F1EBC9F507F92746C40E7AE0AFAE54292BAB2BAB67CAE0746264A277B06508168C94BF772BE9765F7BF0B548FE1E07F3B5A521340A5CB5297C4B12811B89E82191ECF3E41B3259C529F135E23CF4C7F961FB13537F5A02ECCAEA76B5BA5D3D3FDF3F2FEFEFB3AA22053E5008833428DC6C59
311
FA2F770595F311F235D427F379BB8A121BD901B96076A388DC4C3C61C7933CCCD770FF375A6E0CE9F535FE2534BF5ADD3E3FAFD71BF57AA951B6D4CFEBFB8864758A26154430080B06ABFF557610ECC93726224F155D1471041E0D42F82F4891C926C1355B0831649FF365F46FF05300A7A790BD8ADEEB0D4AA9569A9BDBAD
311
CCD56AA55AE377F5F3F3EA2A34983A1DE91D810543138D7F28E57FF4E2B5335A3928B76EA1CB9B00BF158C8F63A2E788826896D0B5E7C461949ECE089144F8EBEFC7FB4D8C9C4E9DAD60F7FBE572B416C2F2423ECF8B86C439E450DA970634ACFDA977629098D0B2FAF313A36B3869E37AF7853378CDA1171FBEBA95DF1E44
311
FD5144A420588641B0055A79ED91CC0DC41E27064512FB33F1F04D09D0D2DF0203A646A6CECE80DF28356A348CED8C4F1EF137B9319E1BCD29867CA556AA97F7B757567006A447FD375A26CAAFDED9CFDCFB2BB0BEEE8AA5911BC2C7F85DF88A3775389990AA72219D582409210F85A4E66F2987D875C30848023088FDF77E
311
87F96FD7CBA5B9DCCEF4F4C9FC7C676777577B7B7B67E7ECCCE4E8DEE85E81A6D55AA3BC7FBEB242589CE8ED4770E785D7DDE23FF2587EBF57F50B9E820527316488E5C32D50F979BCA58207297E2B6D658702FFCD211840FE43FC9F3A5BAD9E97E6F21B9FCF16BBBB3A3A5A175B5B1787875B5B3B86DFEFFC687A72674F19
311
D46A8DFDF3EACA59E405375ACE76FFA922C817CE86A89BDD92F400F2C55B7462F610459837D3A61ACF50C7471C8F2F2A9D38C3DA2F068007F80EFCDBFBE5DCC674B1D83EBCBEB8BCBCBC3ED0D3D333D0B3DE33BCBEB0D8DA35FBF9F8CECE68AE020BCE61C112A4C1138CD47F9AD13F7DC6AB9CF9CFCFAF9D0E01FFE6CD503F
311
5B91C5218E2899CA15098714848B04FCE5654884ABF0E554F11F6C21D73D5D5AADD64B7B9327DDAD8B0B7D7D6D6D07070763BC0F3E38E8EB4310EBEB8BC3DDB347E3E37B5842B97C4E44A0C630427E5CFDFB71E03F471E12CA9FF70E055AE141042DD81234B879EB4606361D9328149037D7D76A571A7E974FA20AD0323832
311
713AB5BA7ABE3B3E3D3FBC30307070B0B9B645D93C3CDC3CDCA41CFC6AAC2D64D0D579B4B1B397A7C1BDBEBD7D36657A3CD4B2F44F4909F2B9CA597F4245C59DEC354316F0587020D0C661742BC02869435FD12CF195C422DB3C5A3E2305C000CE6B7B27ED8B7D63079B5B5B878787C787C7C7C757C76C51B60ED60EDAFA06
311
D67B965B3B672677080BB5329E60E9B477847AE2E9EB53E35779FD37EFCD2D0DDD68AA355B6B0D81860502B8B68C801F5C697E9AD62F4B406244CB975560BAC756AAA577675B07C6D03778C17E7C95CAF1B3ABABE3E3ADADE3CDB1B1B6B681014470343EBA979F8B90383545727C63E43549D14FD0F927E5F1FDEFD7263058
311
FE02EBCD1BDCBCA053496BD58E69BC44F9F854D4D979AE9ADB908824382AC1D4014E9756EAF9CE85B6B54DB01F02F8EA5908E0D9D5F1B3E72188C3C3AB67879B07C8A0A767B8B831FE5E7EB754DEAE5261460243FFF07858D8EF0D658BDC563A2C5EF5833C13C90B69248C4DD97842B61DFA7F210A2F6108A0F96B62E2D3B3
311
F3DD939EA47E30ABF5AB2B903F4BE5F9B36757CF65021E616DAC6F60A1FB647274B4B05B2E5341B082D43278F67D8DFDA48AFF9A13F22B34C7586C9992BA6E66CABC190E313E7C811AA57304B421A75B289B9D174CC868C24548823E230B9A5A2DCD2CAFE1F98E61C015CA7E96B083FC59F3ED06EE60F360B3AD6F79787ED2
311
78D0A86FAFE00BA9220EAEFE1D5DE1F7855939C3FCC1332426B377F692406E022C010DB437EF009803F0DCFD3B7C94440571D8F2C328F115F47FD324802070BAB43FBA80EFDB92FCA1F7E7CF9FA875CBB327CF9EB08C4DE4815BC4210E2CB7CF1CEDECEDCED5B757490968286899FAF95583BF46F9393CEE6A86D6F618CAAD
311
9BFF0BE22B042412C5CFB50556815CC5BBE33E9F61ECEC26A9BCB8145FD10590078F9C9E953B513FAE1FE387FAC246E14F9E3CE7F5F8194BD6594140876B6B84C5D6799C61A16434201E5237582AFD75C07EEED9863F463284E2E13425A036BD41061259289B6BDC1ED656FC8B8592C9D00701E27CEA749F0D8EF44EAD8C1F
311
80FFF8F8F9D513191F6803384C800097F24069C407CFAE88136B7DCB3D5D4A60B711F19070D83235F77331FD35E715966889038E2E0B346EAB7936C4162043E1A1F144093695443A570144898BC4079CEF1912809A3035A1D3F361235F90FFF1E3E0FB93C7E2750719F88E7D8E68123883ADB5B18185AE99F1D11C1238A792
311
DC4BEDE8EC6FF503DF377E0445F68FAF4E08D43082D02170F30131A154206CC559A8D9CFDD762B31273E4947A581E0D9BB71E33FFA07CD02CE2A6BE1EC80167497F2A81CFA3F7EFE58D0CF5D5D170DE4F89070B0BC4040CC17BEAC6B0586C3D3FF0309BC06F44B04A1E13729929B4DF73C44070692C810B08AC3012E8EE9EA
311
E22067796288C193B2139B970B86F47FAD0F98382B1E035D9C32FD318A4FAFCB274F2E1FA772F94411B0CD42493C23393A685B5FEF3E1ACF554AF5F3552A478383374E6B2FDDFC4F6DFE38F4F4ED7A7FE838F488EA852482F412D3CB07E293D02C9F074F12E84C5AAC423271450572A385449844706475FD38DC3C22486A06
311
39E5F1E38B0CFE93CB4B25910EF309A2224BD8DAD40C682C28341AD69047E8539A6AFC14EC573F7FAD10AE0FE6EB13E87B28E093B513B5803514DE408809BC12A14876DE0A25F643009E9176D9F0C330164285A7444DC8CAF0E9FE41429EE0A2F6A6DE91C0856C501272404A8468822E24C807030B1D33D40D4AFBDBABB411
311
D093D88C86D7205E05FC57EDD1F805FA4CED5920F0CED39157E007CE21757C5DE440ECBCB46CD283E378029B43FB077B4F47E60E9F61E8D01BE017D7E843EB49F50A2028F1E442FCC90C9EE308E4C0C2C94EAE30B75FAD3A0EAFA57FE9EF960F14BE15638840EAF3BA490BB6850EDB38EECAFD21A0C746D0C4234DBD035EFC
311
7EDD121FA585FAB73DB89FE6A03CF833AB0730E5E2F1A36CE3F202A128934B44E396961121E1F2C9F32BFCC0C140CFE22C1CA8E109B182919696BFB98120234F61B59F7BF46EC30CF067B21A33B0FB3E402448EE266CCD93135A8E823DB31F85E677434E608F53F8100BC0098EA2FD6BC01770E0F2F2D1E5452A711C4BB848
311
6248FAD756D852026B6DC90A2AA5C6B69E9068B8F27AFABFFEE8AB36F1D23985D5960014FD711940800B560250D2272CC54FF1D3A660B275AC3881E349689C1616E1E9044129D032313509DE4700BC867C71F128C400159407C761022BA8A040F40A244788808C60B3AD67A17576279F6F946923191921B0545FC2F12AC0EF
311
EFBD7262B6935679FC7F80629160ABFAEC88E8430E76D82A8DE62ACE50BD4A42FBF03B387B37FD321B37E31C3F063D99703F5160E6C9E5A300CF32A91E0A085A29C0FC507F6C21012303C6104B82C1F1E156DB3229D1A855A32A8352C9077AF733A0AFE0FB3EF81FDF2F0F82C21B0EB06998866878B103305E31EC17F4FD43
311
831E570A2118D1667632D4FFFFB125782F96168A833DBE78C3F11F8383A79D49F58F1E3DBC780417AE6581381E8610604888E2913E12492881274822C221AD04CB0B1D273B8542837460898C686864FF6F801E8269F40AD0481DFAF5E6E9C1F3BE391C325004DF0746A4E4448F7B52C0D5EAD39EC46896B888C4210D68E99D
311
FA2820DF7FF850EC407EB55C3EBC5028611409BFCB8889C90F1C52355AEF98B18100094C9D0EF6F64FD47E5CBF3FF5293DDFB4B50DDD54F351446FA1F14580DC3902C085F593CB24ACC917B213BBC11B3F0A61042FD8B24F4FB9C4556D0CB9E1A880DE89934CE9607F18F81FDD950DD0E1D143F41D56110E227C250621FF09
311
8838042BC85B5B6BCBCBC31DD37B34966E9FFD9936A2FEFEA9EBA4182E5CD3E17AE35501FCE0707E5525A7DBC64DFD077825BE37CE0BBE1BBEC061410C660B6E49912665E2B3749C7C9F93834022F74CDE6CA5EB501D9CBC04B768292C5CCB84478F3CA83074092C6082169015E5800D5839DC6C1B58EFE83ECA513BDE3EFB
311
8EF1242D2D4B3FD55AFE03D42F8492AF8A3F21444FA2FA9ABBF525EAF84C09F0168527B0138A85D1EC0443C467B28BF844EAF76323BE13D7C11F72FED783837B970FEFDE7D7817E077C17EF7E2A1C2C0FE851FE4C008388C15E818958746129E1009D054B67530D6B3D8DA3D59D82D9D57CF70039FF50FFE0DE94089DB269C
311
3655A4F25B38C49D0BD48E59F1526887C18FC5272197F85CA72862A593A4843CD25F920487DDF7AA0441A2C0600D062001F103FCEEA3D8560CEC3EBACB01CAE5A51E420349F602191E5F901893142381351CE17047E764BE50DEAF9E4D8C38B6ECFFACEB141E54A6865A88A60133EE9CBB4C256930B0B168C1C3AB59FE1743
311
FB422C7166082E934AFA5EFA3E4BCE0B69362FA7041818B7FDECE1DDFB4D022007CA23E521F0700AAEB5888BBBF08023E128B4045381542FA256B0D04E28A0C3804E233A1BFB476A2F48FD135BAF9843BEDA3264EB42BA499601F16B566E72C7EA35908ABCB9176BBED43204C696AFD3D7B24B08D3AFA44BE243D88A6D9D0B
311
6562B52F741E1610C0EFBBAF2B0829289A640EC4C8A4FF66A24430786CEBE1E1E61AF9507BFB496EAEB64F8F49B4129EBDEC065EC1F8A3F228A3CD0950883B41BEC6D1944AE06147289600A7726313AC69A3F91197F1438BCB743E76F01F6EF1D1C854071670FFFE43FF1EDED702EE5A14C85D0C42DF90B86068800659AC88
311
981855E3E774A71C0CAC2F76754EE7CC87C808D1E1E0F6CF47FD4224731337BE1E39C5010823EE997B1491BBD99FC8D8EF77482BEB5EB2CF66499A8E0F7511B19B3EFBDACB6507BC78731B1B383D02FFDD7BE8DD9256F7D0BA7B46015941097B80018F700FFA024CC08078F51806100ADBFA163ABA8A3B95B9D2F92AC30BC9
311
08ED31FABE0CBEBFFF0279B675868F9AA24E9530B08C174055B7F48E4F58002F3E82F0BDFA003E8B431EB6C4A91E4D9B5FFB791265BA8827BBE5F1BCFA7F789F72F75EC800F8AE43FFAEC42F13009FB905A9A0132015D0068ED7682AC608BA6771038DEDB3B33082891FAB1ABF5614F93238079726B833958796B845B731FC
311
B86316713C1DC581B1E19B424EE32674093F80776F7E27C6FBFAC85C536CD955B96EDA2A3FBF770FF4BE11845470EB3E42D022000E0FE07D161811020742162444668308801E133A4C163BE68F6826A5523071CA78B2FED51F28F8C70FE4190073A3E5D3259D7A288CD19BDE623F10021BAB0C6E327FD507B2741627727EA0
311
0D31856492F9F009D7F152D930704E642795C1C1B336E0DEBB7F0FDCB79318543B25341F36802D64A981A690B94259607DE0B19D466BF8C1C5E1CEF9A3FC5C639FD6117B4BAEAB453F8EFBDA500A67E8BAF76C8A06566E36EE1184E8329419161F83D843D5DE7D8221163E145F56921C3EE383978072129E290A9B7166E63D
311
26BAB1FCDBF710009E4051842390031845F20077CD079407C575F20364C4910ED2A574BC357630B0BCD8DE39335EB175646A698458F6A346F003A93002E846FFE0C459B8006E506D79BF902908A0AA05CB5E73530E33BA1D3C2EF99C712B7C8B41DF4D2A7830BE8707485FCFAEEB85A09AB6D39BBF7B4F23E00509C20DB04E
311
240822A4B810E04D8D53D10D504C059ED86BB8697F514777717A8F8144D48A4C89077F7EDB00E2D89DC02A7B975640A282C49A4AA84B70B12BFED8EA6584860DFB7EE23FCB00C6BAF7332FF259FA3C9346508813E372F1DDE425065BB61FDF8300F7EEDDBE8D0C6EDF46F7D8823478590AE23759D60DA6B7A9F125EDE8F4A5
311
D2B37470D0B63C30DCDE3D3D59A8D1501EB1B0A5377517BDD6E301F995E3F955F0F58FAC2E81CE172A8344AC03DC6781939D2484B8FFC15E8F3ACCD3954CE19576B942D0A029188EC7013FE59AE90B71292DE774F1F63D60230180B30A2EDC65291B6211B4081128856001A680015CE000708254891851D4B3BED0FA4D7166
311
B466BFF1D2A924885AD12B387FC0FCE6819AC3AE06A7AA4B715F0927B74D119D4A668FB54B8A8C268D8B038A207D10A7B1E95E42195B695BE0240F7408B311257C23F581E987C180140C584A02B1670CB817CEC0A080F259F1360E58452013200E3EC107AC1DF4FD7B0F6D23F33347F9527D9F51E6138E31AF35F1BDAAEEEB
311
A3D71BB402E2FB47CECEE96B4DB85536772B07C82A34F3E66D0BCEC207FEB9E70643761276F7B50D5EE963CFF80C7AF4A2130F5BF8C4EBFB5F07B709840480DBD8007FB7EF3F90104908BA457D43AA2A6A02C91422285E5AAC143F3313A0CB74D9D164933B86C25587134E8D342B453FC982860D09FD13ABE72055ED020E85
311
D3E312F74C25CB0293D978A1C4001927C80B86FD06349126EC219F0C735C8053D8F5F310817EA01F1B7851F406144C211C6362C27DD51F1E310C0102280ADB891E9B085CC528A2B1369A46BA195B9A2B351862CE43174BA73FB7CBB430A5798F4C54B7333B96C3224A9863AD02B9FBD8E63092191924E77C199D92887DA594
311
B6DCF0112857162FD0949FE6A441F5E62E42FB2105BC405A2301A3424601DC807912CB2C39C604A27908021CDA30C4C8C2019A883B3A8BD393BB3546136EAF561980FB63E9E035FF73B96D09A905ACB2C11D79571C5159026227DDBDB81396EB03F14100BEB66DE1FA9EF82C3ECCBE318119C4269FD014E66361FC8BB0B4EA
311
9A98EF3D8848A01360430284335004C183CC25BCA82D2302EB03B8419241C64DF4F5ADAF77B533BE786334BFCBB8DA72BDBEFFC36103AFB30608A0B39B58D93F0BF42180841DD26BDC22CF0A770E90240006BAC65197D90920131C7B2EB3CFD3C71C6378A305EE8488FC1FF8D391E2BDDB0F6E3F45E7C8207C419800DB4100
311
73A3173942CA8D5242642A74496FF115832A6314D9FA4257577BF7FCF8F8E8CEE8DEDE5EBE76DD3CF892BA7FB8B90F629431B5525E92A15A3A4A6FEA3FDD73136172060959206591F4C927196CF645AA285CF3014630121754261C0D31E1A7E3DA2DBDB54B04703BDE3A4209F02045C4BB0F529A14BED07098A2A1CD47513D
311
A64B512F409BC01663090796D787173B5AA141B1B39BB470EEBCF1E30F9D263ACC4D05110797CEF7B923B027F089F74D1D06F0A4D8C0CDA6604023FCA45B76C5CDE0BF3845ECBE13E0C0ED73700A8A753C1AC8AEFFF1B407FC8A20F42F0D94019121DE304077A027D4112283BB8FF0072444D68AAD111D6F591BC0061854BB
311
C048EBBE9E81F6A33A95C21BFD13AF3C7E7DCDFFEB0DE8903F77B41DF178E99C289895B0EA8CD640549D68935BA7C5294E0A1D66DA0CC419BD398E6265789CA1241441AC94532A3C19C95340BEFC68703077EFC1D307B71F3C500859C11494838E902203A2BE90EACC5135B80B078804340C920C2300BCC06F7A1C71B875DC
311
572C9BD1D84BD5FB9363CA6BA7D03E5C40FDFC54FC23C9B4B9DDD028787D89219038523BF64E638BB37CC25335937A00DFD32869C5B390C8C32FF25C8C47A7181B4A599A224A9DADB0E0406FEFF9F183B7448F081E3C55024FB33828784AB61704482CD0160C04174F9E33BA9291D58C2F1F1B1B3B5863B0D9F3E51C35C253
311
D54A23E560E2C0CB3A6F7A81382601C2079CAE96B7B1560D20A341E85A928A4E01083256420576C2ED477E2E565FD9223BCC691CF394D3D8E281501E0EE5C1C8159E92585D255CF30CC854C75318006EA4A01028EC853F9407C6053910BE105348324002260254886C156260F9189EE0F8C9A3CBAE9D5A992184568A69D518
311
3A7DB97DB089FDC57AEE54F858FE54F577DBA85309640290F2D220952620750C5811FB772A7876D1E4040FBFC6474D51246D8B3FB378283FB514F8AB3C20B8BF7DBE5DE541C9A5D3D38DDB30E00151E02523081BC89C2214103E0BC1B3D0199A08E002681A2613A2616CEDF0F0F9C5DDC75DA395C25C0309C03DEC8091A4AF
311
D3FEB504AAC6633930556DAC86EE3561941E862C4A75DD6B6BB3A0C59BE153DFA73EDFCBC3CE2188D3D378FC976D0EF9A95B7C8532F527CE3CF539581E0FE501291E9139FFB65EFF5DBD8E0C18DE3077170A64E033FD278F18068028802F156C3809FDEB11B1019C208D020C9BA2870457F0F8E1FDC7EDD393E3B9FC9C4308
311
E9315704233F960E554802C14716B0B45DAB5EAB5E25AB7830EBB8D25E6CA94E4AA01794FB1EE164FE9F040FE82C940A4BCEF913075D087E85A7237D3CF29C47E4E676777779528C4781761F0BFBC1D3A77880E40C9A2E5109180D5255317890394229F0F082010354082D574F1E3FBAB7D6553C2113DACB97BEB5526C7C6F
311
69F9310A94C46CD89FF8F379AD1AA035FD00FF3F320180F01417A6F255A3A8D86319FE0C0B0E06A0DCD33F79841339C01E5BBE1911AFCFF7C1E0A540BFBDBFCF2372352686D863F83F59CB6865F43104007EE06F52406F680341102048A01BB048823082CBCB0B6AC48C313F3E7CFEF8F2D1FDC3D6F6F9F9D9E98D9D7CAE5E
311
ADE2A6512FAD7AB526E17F600C85550DDE9ACFE9D97E694513103BC69F8A2813176032C890C1E9C49FC09C61670FF8705B1D7386260E7C8E7122C7F8208A55139E8C8D4763F7EBF5728DF9C34677364E3A3F9AEFDEC9CD95470788834F9FBEC512379890B38C94205B2557987C4186DF5C0837608DF0F9F3CB87B7EF6E9204
311
75752A01460E556919B2B64296FB9FB70DD5F47232A0F77465BF140CD001F00ADCA175090E2665A14E6329B62660E02A1CB50C6025E3DA252A670B3F0FFAA5EAD94A509FE7036B159E0D1D9F2E76B7AE1FD5A606198D3A747AF450023CBDFD162278B9446688111009B4029B0F2180AE20A542D40610C073B47FEFE1416B2B
311
12200F3C991C2F54EC2491027A816B0A34A9D05C6F437AC23462385DADD75642EDDA738AF1600DBE07EE8437804D2D011A94DF71C2085EDD40266A407FFA1D1C00B0C03927E60338E3B9D8C47D1F8CAED578E06F7CFAA4BB63B175FA7C301B747CB377F45192003CB8FD34B12009224543D8604494011A80C1903CE0518C98
311
6208E1C5FDDB8FDA161686873BBABABAE74FA637BEA894A44078C19696F326E057D7F95D061A6B0394A9D5F2DCAAFE4C2388D8A6E9AB7695CB0BDD0A332430F1A9333DA41D1FFB97FA09AE84E738C75C407C260408F8DBD5EDED7DE1570A7BE333C54F16963B46AB0C2B71208EA3D16EF4EEDCD7005241166C005A73C03164
311
792151205C007288AE337B4D7103741BDE7B7AC913350B348B2D767515674EC6F72A0402BBCB41C81305AFCF05F2758D3ECAC8D26AB97606DB9581A4B7A8FFB068CD5C0604E6849046B70C2B60FF0CDDF93C13822B4E82FA0479A68220E66D9FD775FB3C1A9CDBDB9829B6AF2F77EC9E0678FB20ED8D1B1A1A39D10F9812E2
311
0D6281F5673121AACAA9C53424000DAC173F7E18C3052EEE3E78E7F1160F5AAEAFB70E0F7775CFCE4EF384DDEEBEB9C0889D5243BDF557559FEDE5F17AB21E118C4C31A3DF6A96B56AC62180293910ECD6B721047664BCFCC6B2DD3C65CA0F0C823DFEF84083C7ECCDF05898EEF158F4FEF97EB9C123F1B9D1D1A3D9F9AEC5
311
F5CEDA84A3C96C14A55584D62893D6A54D8D2028D05C8B1F124884543F3223B29D208B04910D3FC43F5C52196AEB5B5F5E58E8E82610F08C21BD443801233C0CE8BD1E40F84A1CA86001990048031ABBAB11EF83F9283EA89F181F2A0D9A9F62D94B7F625FD727E6A93F63F200F614F7CF100D4511C07DB45FC5F0CB4CA359
311
ABE4774631FDAE85E599EA0878A3C33D5AD6430CF4C055EE5FDB80629000D7855DED3F436F3B61B3DC7FFACEFD2B1BC6FB0696312CFA477CE87A87070C7998E04FBA78AE3F915A065E819FCF35B410321D9ABB308146A11AD5196CDDD7C477A171C8AFC74B45CBC6F641AB53C8D4ADA5870C02379BC0470CF83DB55F073E29
311
CF5CE5F7A3F8FD62EB7AEB1774C2C6780B9523F9287193FD23DDB79FBEA513B45200E2E0C1B51350163AC19043C600F2C1DBF7DEBA7BB9B5457BC0D840CF325EB0BBABBB786D301437000020004944415472B491ABCCEDAFC0591201CAC8EBFACBF367FE7B6E40E69F551BBBE7123E3C00AC560CE20C62436E8C3C54CC225E
311
E08C0D74CE26148877689EDD004FB2BFBFFFBB984035373A7954EC5EE8591FE531348654514DB1D1C56411DFA2A7C212BE5ED91278F2851A432244C6822C29C85A8B320ADCBDFDD63BF71FD32648E7D098CD018BC35D7FE89E250EF2AC75F96C15271602687965C844B8807C6E7729D93F22E81D39ABD62A0820C1FE9F11CF
311
A7208125D33E96FD69E83AF6052DD32D49FF0802CD9F9DFD39260389A950887A647CCC99BAB17132DFB5DED35138FB3A060F6295AA5E195BF0BB56495A5A4A8FA440026E46A047D40ED2520A441C302D240F201FB8F7E0EDDB0E12A04D8816215A0579E8FE1B1281E9F19C9900DE79842E2A7CCD48E9876EB01C75DBA0E0C8
311
D44AB5512947A00BE7CF5DE9E1A6A6BE43CF1A78783DFD5A404E4477336C1ED8B18908B2A847B2AFE9839E891137A6673BBB96FBBA2A4B8E9373B001F08369BA11BE8ABC4302FD2345FD6014A127068427D007BE28B41D9B0D40FFB7EE531FA673C8870A69135B1CEEE8D009C08042A5B4EDA314920B635BF941E7487E4525
311
6439DFE9D276295F87E698389CD49FB394FE19720412DEDDC40E9CE9C6DD605E0B719FADC416CB15AB3A61F9B5B9B9426E54F81D8B03DD950946D432B40CEDAB7BB5AF11213CBA73C9BCCCDAFBCF06127C7980FE6D1DC9B4DF14832D6568FEAEEBA76FBF438300B541064ED33F3AC0B0D10505306FD370AED02859234402F6
311
C3FED006766DDED2034D90D119057225EEE3DAF787EBF30EC51ACB4F551678BD6728E1944730C095F13E4D81A4DFFBF67C5BEE37E62A85FCCEC6CC6C7BC77A5B477E22223ECA4FCC0F87E2A5E3EB782BDB25B8CFC6736A044DE5A7CDA604526361D650484FE283B77EFBD65D52C1C73C4F48E7D0D81ACF572F2E2280F98FB2
311
30508FA906B42DE240ED651B301CEC83DE1790C9FD96B6CBF986BECF3BD332C18EF627A0B6EECD5B152E02088D03D828AFFAD26B05BF671B4F9A09A8CE0CD2707F67F2A4B3BB75B9ADA331C1305BBAC182FB4A79820B7EEAF73199B8404C0B81231CDCBB871B80FC41FF5860E8E108222A1A076C29E6E03B6F3FBD4F1F295D
311
C457573C7ADED636D6B7B8C88413DDF3B327E1046AA51040B40CB50C7E3F1D2E44DAD34CFA604029BFFBE714DF0C069908027EB275F1F366C132E1A7450B04011CF82B2B647CE754F650FF6E25BF37AAF65B7BDA16CAA791F1D09F6CAB989EC5AB7809BE145FA459E8D3E4B0FB47DAEF093B946FED585B80FE1A0305FD5330
311
FEDB4FDF79FBF6BDE81D8300CF6815E5F9896552412A03F31FCDCC7CB5E32365550CD9365FDCCEC8752E943161D78047336F8AF6539840A1F2E764FDA2970999F205CD2BD1F5CF496571F76EAEFA0E1CF8FD2A55FD06391F9EEF8B9DC9994E72BEBEE1FC928E2F223EBA0FBFBFB4F2DF137BC894B8087643D64ADE6EDED67F
311
7680FAC9060239E845FC94AE93D880F994FBF71FBCF5F66F9F32C292EA900F9C1E6F1105E81C5B5F58A067A448143842008D7275EA3BBA3D2516FDF02FF79260020D6B3C714711F3CFB61BFF56A826E627E82256F7400FB387FEF23C1C1E77FD6A21EBB1B2B35F2F95E7760BE1FA3ABB3A981423477517EEE36FF96F122B94
311
2F6FB64D9502BD1B9089162532A2FEFED255028FE653C9F46FA321E0B588B7DE79FBED07C44106CC85133CA65190543004D01D02D8181DDDA5A9C91A7110805B7875B689FC3902200FB192E7DFD936B37B57D9C338BD49E99E181F4E5FCAB2ABC1CA7AAB382CBC7D515457CFABE6FBC63D525E5CDF74B16378B9AD6774A585
311
31912D232DF01BAA913DFB7D3AAFF912984302B84D0500077800D26C60A4742101DE420C610C2E92FA93056022EFBCFD5BB6B38651470CD33BD87630C05831BA864C85997B8754B05167F0706499DC442FCD22592AEC2ABF3FF13F950039BF159FA9B36ABDB2778EFF83F70972B83BFD3F4899E64DD8346AA495CB155A7499
311
F2CE39B0AAE755125EB84FD8CF8D8E4F4E9FB4B72E8F1DBCCB98B31BC4607C2CFF21C8145FB48EA0F2159F86A3098415609554DEFA7B27EF1301033DD06D274BAF6821D220DEF96FA4CBB60B3CA241C021D38E1AA76B4406B4767576166766A6C7F77273F5F395291BBA19F64F2E3095C14F3E60371827741CB27E89543857
311
D6D96BF9A47C6A9A26057840332EB843717AAD171880217B71FCCC0355AED3D4819911F79D0EA8AD6DA31A83E36C5DC2D470295C011302387069158F6C9966022367ECF1D00BA9BB95C389AE7B6105A1FB640689033A7FCCFFEDB762189103A61C3A4FEFE0D6A6B5A19EC5755A443AE78BC5E9235B047890A65919A0D2F96A
311
A3C01CEE913BB3ED239C3E0CD8DDAB99E4348BF3F8B977B6C43DEBEFBD7721A839A63B94C06A10DB87FCBFA3C2932F8C26F88B6D6BB30C3C4E09AFE40FAB52EFAA1EC0316920E031A46D65A0FFE45A673432E907FBCF86717AC04F2CD0EF512D665FF53F05BFCDC43489F150890C60A8E0314E70A06F619D30D841189CA15D
311
3417F3CD50191AE4396543F0C42BCFD696C58DF163F5B46D708BD5FDDA5E5E5FDF9401BC4F7E00E8A17520833D1CBFF495B5D1CE037C664123EEE74737268B5D1D3DBFDA6AAD8C08DF2C0BC7A737E10AAB2A7B958990CEBF556CDBEE823CB09FB344143463C630CFFF585D330CF0320E921744A7918280FEEF981161008E9F
311
BC78C830217A07B7D6985E83F9A79884ABB5AB383B4D7D788F9FB3D867A2112A43F19042B33A108690CF6F472F8661CFAC971478757F6E6F2F7AEB82FEA85E5715941778B278281F28C268AB24BDB470EF3303E09C359E9DF1CF990D8A096106E6A66C8620DDE7D281DF0B2831F20439A30D68386CE13E002F7EDA8D780616
311
2B205D6A19AA1FABFD6B1B400EC2BFFDD66FDF7E8755B4883C043F43046C1326136680404F1F934EBDDFDD39CB58A98DF1BD7880E0532E671FA1435E9D6EA5E9071000BE8F262E7C4044FD95D5FD526EB40A05A634775F32205C3D779FDC168CD5E56BF982508BF572BDA4F6F57D3304BE9EB18149461B12F760D7485891CA
311
47CFC44909136FBF4931716A2E100123FC6CCAA6A644F25EDF4AC980B14039009BECE8B798BF69A05DC5B6885CD23F8E13A46FF0C0A986D617F001C52241801E87C2974C31411DA3A5D7B6175472763D637D3E57C33B908F867F4A59CFCA7923375E5F027A983E18BD7BD4E6FDDBB2250C1529F4202EFAAF979DFFB1F2612E
311
87EBEFEC58581EDB9AA95AD1D7C1905F7305BF8182D5BBB524D47C4E3B81CD843220DE1E6536497C0962C225F75A2D6A998303B23FC501F0B3F736EE1FF01200FC8C99F5515207C9C40081DF304C0A17D06E26CCBC5B3C47459308178301FA8057C2C0AE9D99B05F038828B08400F2E3251254DD7EB8BC4853B101F99AB48E
311
387457C96951E5DB670648BAB70A7B04FE93EEC5F5B183F9739C98952C6845C380D401B8FC86E70A20744EC720E09D35955D96A9041720196D183AC2CFE6AEA816652D0234883D788BEC8F5DF2615261DB031C2381092401B48D8D2D870FECEA9C3D99DDB036C8A051058030E32190976718C89F031DFBFF2EEA3D88606A8A
311
19BD0AE305BDFD12BA4FF46F1A0002B07137989C748936E9DB2C91F43B07E4E4D16C3779CF5A4FFE8CC981F07C29E34B7C012AF0054FAEA4A6A3D49D3A16D2B3CF220A029003366663053C89B3FB1827080DEC2780076FBFFD8E39810CB0593CC68B5D9009F2D400418028B0BC6CC74067E7C9CC0C2690FBB084AA5254A12A
311
F63543B35EB40D17B693F7E3464D5094C00AA9E04E0E0524F5C35C5EC6BA94B21AAF2440725E2A9FF94FE7A8F0E769EB83FDEB039B631B18BF396F5C13CF89ACC02C387DA56DC3B1CD84B96CFAAA37B55FE723B611062258257D331F186AC93D8AD600B4FEF4AD777E4BF68F2168FF08C081A37AC13446C859964803961928
311
476D78F68419390D830C1935B5C2A0A22A3AB17D3D6428BF12DC373B8D464E04C0A496BB3B3B75639DCC2500E0F0B15FB6F47B5A7ED0183A87CAE8D535F2EDBD4B3B7FC762DFE65A07C30B2851DB890082ADC07131EEEFA3DB7DD5CD32C0860CA83CD4B7993A175F422A8149B1C1D94C1145059D9C78A8A572A90B7C8B1E33
311
92FF77A80C50220880FF3669004E90F101740D2B808181455A044904674E7482CC3EC85C4BCE339404C0B0BF6A5611E4F9B8157BAB6DE327EC9BFBA1B4557ECB609C1F45326499EFB90EE78F18227F09E563C9E63D847EDB3B68EB9C39E95AC4F7ADCF7D87F6752BB6912040281E4A0D8A8314E80D60470999B8A51FB1488A
311
66A9F3F81FFA61C83F4FA6969E472288FADFD61B005E0EA4284822E018911828E868614DA0C36E11F3A051070BF2F0840E35F200E2C0C80A776CC9E7E6841C0503D0EDF15ED9AFE527E798D23BEE5F0604E58DFB7099D739BF0BA5D332EF29F1535995BDBD0DE681C4F71DFE6A7AC5A13554AE6910963E9ABC9A0DB5B20222
311
5545F5CFACC942B5B93C207352B6E5310BF349AF200175D7DFDF78F6D683B7C87E087FA9B35812C4F8F13452CED610A2207541E6D659A739441F3833CD0C9C3C3DC2B0712F62333C4FA9327C9CA1124904B4FDE0FE21C119776CB0C212AAFBA5CAF80EB43772ADFE77CD9FA8A4144C54C2FB2304C65F62FC3678E4F6C68F30
311
FEE1BE8383CE7DB86F58B1AE0C51F0F055E188D02F00911DDB0991832228B3172B3E623E513FF1734FF414A611A603163F401BEA790FC9FF7FC3FD3DB02DC00184145B850D01D120424DC03C00FCEB7880EEEE939399F1F18DBD4AA54C939899304D913CC2D5CFBC55E50C7FBE4C0E14AEEF53D6843DFF56BE2D554637EA04
311
7D3C210E2C61077875FB5B40E19F43AB7470CAFE1C0D3ED3B3B4778D1DF6D4F837C08747180FE8394F2CA1E0A46B6DA62CE2B2DABEDE0B1924098580FC16B369730E9E90541D3730D47FDE16EE1FFAD3419CDA05ED1F2715C607F2E81893AFC5936303F40EB776F1D808BDE393A3FA401E1C706E154C892860AD74A2949C40
311
9E28A8FB3349C764D13E4D1D3468952B7B1B35001BF41142CAD58D6011C8B78961EACAB66E9AFBC627673B61FFDA4167950A274145BF11EA17BA9AA60815C2C43AE1F648E3772E53C94E6364AF826019E723069A8AA353A3BF7FB5359281700061FF64C28C10B9AF0B70B0B0D30A31CD1CFD22F68C76DA1E44558869257892
311
363C091D313EFA46B57C3BEB252E9C6BF5B4799EC58F1910F469E25AA17B343799DB3E33CF410061F96C6D63FA91B1000CEBB7D2971BDD39A2A76361E000F5DBC1688D47CB812DD60F8001AF25B328D173A9E4BAC18CE9F1F628704330741B2649B92E9714447C68559C6CD2F681919367E4811100750058809D0230C087A8
311
9FF3C80C23C4C60882E481F48D531764BABD5CCECA308DE2F63D3BB50373D630796126803C2D1FBAC148F7592881B395ED7D26B7DD38D7096AF98841CB37592561D9C6565317AFBE9FC4AF7371E060736C7635E0CBA1809FC80F544DBAA1F2F9393D970D44C0615A0C6930E758B9E63AE690F73045F0C8C0731DE9CD80F718
311
E94652383458799E02C06D328010011C7090D8C5E5336A83D4059953877EA1E1D66FBE994F04608C4C991917230FB61F9AEE183A40AB9108D032449FD1A7283DD25ED15360EF7EA9303EDDC0043403531EDEAB10DFF87F5E2FD56DF0F1B701A9F614DB17FA0E0EDF6FD0B1622A81FA3D1DE5A33F551930335C353A87F9AB05
311
C60455193448246944A232C5D07636D864CDD7A50D0B4440CDCC465D1C418321F50E1648D500294065D869559EF3C40C8FCC6C323E989AD0F0C73142480B200842802C061008B480A9954AF282052B3AF67350FD0DD30D1F4075AC303A5D490250F5400ACF479656861E4C77AFF327F3EBECA4B57B6B6C8FF62602BF150744
311
656A87DABD7BC6BED50527B2120C001A0B3718C74F0C65CD34F275164D7968148DDF259AB8AD6CA81CDA4E8819509B996A7F642D987A401A2B04018C01E6C169A8700F9DE3B489DB2BC49C9B7B858A4F50D22AE15428FCA4A1EDB20C83492690CFE361CC7F8C8066FFD0D77AEE797977F468A36E0B0DFC87F90EE6348BC748
311
F7CB73B5B9DD5C6EE7AB19ADBF6DF359F1DC2A0F9E44F213F8041F64274C0859A2AB7C37440FEDDD2F95BE44065F22067E3EA0CC3BD8C0D8194EAB291CCEE20B9CD8E02950AD806080047A279F19024C837C848816719AC4A34DF8F0706CED904E8185753A458A27E4C1E37B5F30A104932BE140E0BF4E400160F320B054A8
311
705042FFC47B4940810173F9C9E97240C7FCC3F3813EA239B745DE9F1B1F3FC2F9330374DBD1A7B475923F9A2ED81716D18D1B577DAAB9D1A0458655AD3CA7E211867AE7C702DCACCD291E0F798013DC01BC326087775C0833E04EA3778FBCB8DA4687A0255CA0AD210C15661E4E92001A4449031D1DD27D327334BE830B64
311
DAD90CBF537A45FBD4E94A7A88888E715B7E74FCD040E818BDC1BF5AC609CCCC015DED23877080FCDC47BD8EF3A7B783A17D33F3ADEB6D6BC7AD75EA7C7852C5B6FDADA6AFEFC2D181C03F8C40DD8A4AB5024F0B72E34B57BC1182472DC80946789AFB711DB7F1193C03C893B0345F420246114D3EA71D04FBA731C0DAB0D3
311
CD311B218F0D5A15ECC105D02F3AC32F13600084731A83220040019B03180634B5923D438300B05BAC80881F061095FED5D572A3323ABD83F1D37A2301A8C930AB3F66ADF7CBEFED30BAAD7D78A06DEB6A87F15491F5AB7E25842B6B34BEFC12C8A159F187C64B3CBD2356DE5FBAB98BBE9583F0E3280C0076DA15BF34C152
311
38145742B07080B1EFB83382F9FEF2239D003541041083C5AF9EF3C8944DC2030BC3ADEDDD9D27475800693049E05413BFB3FEB4308731512F13400D06F813368A0101D8D863EB3E75FCCADED124F532AD3F123F131AB46A93DF1ECE7F96CE9EB6C365C6D6A07EEC461FC919FE288AF7AE1A7D012D291EB073735FF26BBB1C
311
99FB706E972192819B7A34BF22424BEA1CC7958AC2E04BFC8E02DB90A4A1DD04811ACDBC181037864672C78F6C0EC3073A40CC49D5E813593B7002763BC6A909D31AC86F3F6E335C9E1C309BC58F16418642E2AF6B290A34FEDC0CFEE08FCA0F56700699CB73B9C99302AA17BD516D7F1FD755A2B32B3FBE7134D3BEC81319
311
5BD355020A7DBB541539CD2C06E45F46FC0EE08293E6C0E1972176D9B678340AA1A4823404EF79B1E2347E47C35D0A2260730E0B513025DC0BD1C07E3366E9B9D17F767405FB531070700035618606F0B40C73C974CFD321B0C174A80C0F3AA54945FFEF348F5488895713E89B5C98DA501E06D8D24FF04FF0CD7ECD7BAA75
311
5A854EC6A180AD13BE094E8D5D63BFD6DFA5F5D3E4DB1BA18FD8473DC6E17FFC9832B71A2A94D96E808BB53F9192955D62C82E282B05168AA0927D54AB20A20A74800B7CC9655C8B15F62377CA4C91641F9F4D0478F4FEFDCE273A002CC0A725EC165CE3A149F0333E8E9600B2C05A7D15FD831F0938DBE5D0FF13E3C0F076
311
5965A0961C3FA86DEEB0E28304747BFBA5FCDEE44C23544F7BB7BF7A132DDE34F99E44EC3FEEAE92F667A10F7E90B0E8C6442DF5A5318B0F816311DB2E6DC6F172C363FC800EE09186BB9EC82A24C0117700CD884AA42023B81EA6E0CF8B3056411110D78606EBC5AD5417B45BCC8E61EA01C4006AC233933E35D860BC1B6C
311
B9C9CCCE7840D2E0C1C1FFC11CCE54D59300F2B47D66A10F09D8E24B71B9BDDF98FB62A3B897C53EC88D16D1FFE8C649B17BB8E760EB20B784F52F992544753F2CBF642CD3C9C70D8722C197142C567E74FB431EE248A8F3FC00377F5142144A82FFC28AC2970A780C85A7EE9146FA4B2981F3C93BCB0F3FBCB6DD3DE69C72
311
B6073B99140DE28B8E919D9D9E7C2F5FA99FC1FFD07E9AC0965CDAEA0A945FADE52C791EA989E8E7A21A355FB37E44405D171B98A6E946DB26AE71DBD01FEF07FD378F5B4B518724481820890E7486E3FCE61A60E096D577701890EE07CA5D7F2B086040749FCEF3F81972E510A86359C9BB579883035887542090614E5C44
311
61705D7CA1CF84DB564838606CF1597E8119790D021080C935A908324EDE9F60A04B7830A33F0670CB08605B8D01BF9A3D435693FAB4FD84EF6754930640C1F9D74B052A7ABBA9F502B39DA3BF6BC7514EA4BEC71D752BFDC198EDA8DFE8F32B3EF811E4576B0A2074B99B070A069F60173E7427BDF285024E35A4418B7A41
311
2914F2800F1965C4F1120A2D5D2C64400563D5942044807BE7C738EBF3034C4A6F4D70C04ED1F97673C039FABC4CFF18866E08200BB66BDC9CCDCC3FFD1E43BEFC52C317F0F5E64900FBFCDA4DEE68768FFF46350E0EDADB7B34DBBEDE3776BC55599AF84E312229F931E700D04478D66A0D88D09B2276141AF0F8811C5F80
311
67DC04C0F90929F7F1AC9CCD368488AFB965C97B855A3E2E93AE5B4866502E55991B82D4388614F2C36B8484A5FA06E3EFFA984A6AF17D5C2073299D9F12FD63826F67FC460E54030981684E9FBFC22009A3006962285FDF4FC84B699FB5BEF3736C6072F6844C15EDF25883037DE6BB7AFAD6AE164B367812FA8CFCA6FA25
311
725D99AEC5C6EDEEC64ADDA2BE0056002032E1D7A20A54CF444E360D520A5B69816C0A953CE0434A8A898BF18E2B704588C01BDB2133342F5404FEE698957C200EF54E31BE6DF4E888C9C67F5F3F1B41F922777E7FA6332677C20098C59F762F5DFE4A23F9801A3BB6F8A4F66E0D40EC867E92DEFCE84C714FC7CE8DD3DD3B
311
DBF9C781B1C3B549FAD2C89D711808CAB100E09700BB85240374A7209212F320CA577222A7020E7824500179FC7096C714884BDFD9499E027ABEB3CB0226CD293CAE6E0C41A6788F396606A073E28CBE5CC67D584D36CA39D37974FE1023253E3FFB007A26F657FFC901D851130DDC2BF54884F20D5D40A0B7E5C7BCC7CC87
311
B84F2ED820192CCE1AABA1FF24ADBE1D03635B5B3B53D4A5F84120125FADC36A0E792D3AD7E255792CD5241A4C84171F1104090017DA493D0A7790A7BDE6DF326180398E4B0DEADA5C2763825E43E05C388E184678C88CE6422606C017F030366981353DF03A753DBF6370879F79889DD0BF75408724DB53C5B0063AB6568D
311
02DC47AE4627B58D7E367A6000267E7840C23A0940B992DB98ED1C4731B4FB4DCFB6D3EAFB6CAC7646F0335C5031888CD74E2103380260AD47176D703960230370FBBF28813524C17FFFBD6288BB28E4F905ADB4A788B40B4A6201C1878BED224DE9906C4C79EF32EE679B9F5D3B5DFA137327320643909A823F62106CB8F9
311
BFE4BFEAFF0FC7A6393EC7F64A698EFF8ACE31BA05ECE6DAB6DF124118D1D13F892F3D3530602E3F3ED3D59DFB821ECFA3D9AE85B1ADAB9E328DE738BF55D5DFD039445AE76D0194180F57B15BEE5F09C07F952F9A10372BC894CF7DA12CF6507E2A8916E0DF430C519485C55D61EFE209912D8C32866214E121611E22A0B1
311
238DB18E86636A3BFAFD5B4EE02FF1E505F902BDF424D0516907BFC95EF3A76B6B3872769D67E25B548F0DA46E2B93DFDFD5F2B9E9EEE1EE1DCC7FBE6380DFBF38A165CAC73DF912AD76A4690D2B766A3EB4AFA2D05BE543EA20B095FB17AE3F1928D84482049B659E671A4763CFA567C08824913D37F2F92F841FC244085C
311
1681225C04AD6DE1684831682CE0D6096B56101C0D4FB3A1BD3F11FC1105AECF5660BD3FEEDF162B0D9DEC6DB55AF27FC98050BDDEDFF63ED14B01336053A19DE9AEF5F5D9E9D9F9E19ECDADCD497BCC57681922F327EB41FF681E17C1921B04FBAE371AC69E53F98183E91B84897A5DB164158BD1D12FF6F6BEF0E0284772
311
7BF2628F9FD48B6FB11DF6928C868B29590A0606F92140D0C08850DAA7DD8A5FE8A50389F61288AEB743E9C801BB67DBE0A7F64F63BC87770FDF57AA73FE1F5A84F8DD3AADDFC32087FBC0A7D645C327B97D65E7A8BBA76DFD9BCEE1B1CDE3F5F7CE4E6DF4013ECD7CB60BD1239E8A4E9A5722AD9C4FAC8F7FF17B214AF880
311
1950430639A08E3ABD05A0D94E253BD5951C885B0CE750309070555FF21F2EF83FF53F4E15038B8D8A244740A5C9CBC120043DA0B323FB1DA0A4EDA268C05A304619505000BE10415DE898809DB6B66896E60AE347ED3D6DC707CB7D5B5BC374A158EDC343D0EA61C217D4878CBBDC1D85686782C3CF4272E7DCFB5E9EF628
311
F5A95AC1AC0C6848F5771329EF8DF2BB79EFEDEC8DBEC72EB7F245287FD4B31008AB38EA4D52F2BF57167159E3004CD8950E217DDD6F699FC763E9D1A0AECC701F7BD4430A3E030374066938F883C01DE40E7DAFD609345E33570F4CE6BE467FBD7F793B5AF2A9D331D86DBA7BF98067918F9FCDD609A0384B523F4413B574
311
B818C6889FAEFC5E7B8F90CEFD62BC2C85B2478D54DD076635BE434FCADE68B3ECF1C8708E27863DBEC352D87BCC7A92A8E135700CDE65BC114026DE5DB68275E656D2C0D4087293D43BB4C9C14EA83C0D806783B40DD7CD4F19EE9F33801F55A3F1FD600017A6CD5DE607783D5F74E34680E7DAB98D99F6E5B5ABC7F7DF19
311
D8278322F6A97FDB2FADE1539BD945DDF868EE2B8B70D9EDAA45D1BB0A5801198CF1DA891540474745BF0317F8A3703E02510AE94B084221F887FE950272D62D4232781054A87C58D015CD45EBF9B70E60820A2056E9D4D619E8494BBFA68B61EBDD8CF52CCBA124BACD4A4077E8420A7F36FCDAF661E577B792A7E1B7E337
311
C7CF1FDEBB3B49F501F3C7366C1730E793F51FA20A9C3D2E9F18E63DC277449054CEADA36DA0807467D45F8A744E1BDED725A033868703F1392BBE221158220588F30574A0B0893D0515B0B7C404AD0E7F40C11D504C49BD7DA39A85A19CD7357DFC966E5D92272FF06D59CA5A6A1C8AE30E52F1247C1F1D78F81887F9F3E3
311
87075B170F9F5EEE4A7F5BFC69DF02FD8795FCFFAB472E7C88D563DA514861B85BD41594A75F5E866BE69471110A9F75C8609C7E6BF6C7C727431EE3E9E3773D2378C25226E82C08104A57ED273FE0921D6990E02B006BD038263BA360355E8DC446A380F0BA35FA9945A80CF60DFD54054202F91897C241C147D59F8E0FC6
311
7CD0F2BF377A3463F8BBBABCFBD6833C57E214AC3F5AE9C2FDE88852968F20337972C7E04EE5658223008AE82D93BC37D8DDD900BD6B16EF221F0D4149045D740A8A215D4FC186C658E01994B8CCD317465828704BB630DA2243B3B4ADD3EA554A97408454148C04A1A0CAAC2E04033C04073851F54380E0BF2DFFA43FAD3D
311
6B574F2E1E5EF6E5F4FEFBD1CA87C161FCBCF5C7AAE2F726F814027BAE10F79BC3D765D61D1803952210A9AA07F8C6BB2105B61145B324F96014EF223D4A9261080239F03FF6F4DD4975C183B887E081F7A467A25EAA0C94028FEB808637768B07400A8235D4EF33143253198900E079E3FACB0C59B00F827A5785A6FFE2FC
311
F0C0E6F1714F11CDE5140D931D707950631F3DE877F300002000494441540ADFB08704E252AADE1BD4E8DF55796A32B9B6F17737C67702E5C638682737286CB0E0A89B624D5BF28222432848C9AB8C07170C97B814FF492A61072407D638006F7C8400860444C01B1930A522788045633DFA9507267A3A42BA05925BAD705C
311
DD3792FA23C1075C6EE768A673919EB6C3FCFE7629B7310AA794CC9C0D14A1FB88F95C845BF22543F57996E0B26C9E4C2ADF187F979F8A55F11B47BC26594C52588518D25E6C2B1CCED231EA1B748F093E5726A21A54C91EF95789041030C20FD5AD68613432E19A4D0DA2505B6BD843516E10BB00AF9AC315EE9FDB39CC1F
311
9EA59CD88F9CD071D470C86C4647FDEDDBB1CDAB81DA94034747A779F4CED497CFF817348F69F52E55490840E48840BA72DB71F3E84F6DA2F4717AA928F153DA6E4C7E8E00363CEC9A2E1C8E65F298FC4A52F087FCDEE5CBA38A80CBE11FF7BC2AFF249203FFAB77A128A001B1987BD334AD9B901890A8C2005B6B248196AD
311
09C0025ED841325B31845032E327C531C839E66DBAB39566B631C2FF0A1DA5A3CC47E665AD8751B47CFE33899DF047C9F3C365E3B11278D49DF939298E09002F6430F9958803309827A7C791048CA070061B7E9A64C557D235F83EE24822E5EAB805F9862F20FC58F483DC0EF02181F572930205107E00E523861895A28113
311
09808F2B6C14B2AA579E893753C155D2F54302007E9FF36AC5FEDBCAD47E182D91A73920CFA5C18E01F8FFF4C3F1FF553BCAD0E58DEF85DD63B91BE38ECE1A9FFC4AD4A1FBA30D462C328C5A0340DFD393D3D3D3C0659195C96990F391EFF4175213BC74C020922D4830FE215E76940962BC0713A3B82784C0CB6623DC40D6
311
E1485BAD454F6892200B225096127FBD82D2B12006BAE2E329C771E25FEBC0DAB3B5395289D56D7A8A89081B34EE06F80F819EFE75C67DEEE95D227E283FE98A7B9F1C97D2D05B4D07A469153C3DA3048EA68FA667A6D90E291C7D7E2D063E4D044964D055F2DBF3E31BB851AE9F78A0A7314F0AD24901F581D74A69291420
311
39C65AF5830D1C809536CDC05E4BA51038F79D713DA930CF18BA3010E385351CF47F74D439BCBC793556A1F99814926AF12835E251C59BEA3C083EC2B2760FEBDF4304C9EB87B35769E1EB24B648542CFA4EBA9EF93CD42F03C08F249A2C98897D8E2225E90077823F4A52171A61219998CED6FA050992B6B0A74A2220ED12
311
123004FB977084208F8E2AFC80F456CB110BCA647A3A0F854085D84FE0052BE31FFE7F925610BAFEC06FC33F9931BF063F39DB3D1BB20EE357F594045F4226131578582CB055A59A073AE0413989D215019B6EB8A21CF154D71164E0D8F4E730C2CD382D098DA5261456A425643686BC8301710F2C50665881399156AA2B4C
311
3191BC555728384800CE10040F746A3D8A80A5F0E500A93456FEC52833BBB45203DACCA37FE1D3EE4B9BF0EC27ED47D89B8266F11EA2DB8B5A8BB93EAEDF0C06B7AD0402B9EAC6E787365535AF19F15158308A9D9785C1BC1C01377F8C6B4D07B50DAD25649764A91DC9812C7B34CA98184084F7C01055466B48058CD44085
311
AF26648520C85C41C67805462D8425680425559F4440F3ABBE1F3F81B1EC72708767DDC8FFB6465796C8FE310FEABE0C9B242A74137EC3E0427091967023299BE5D6D4D0C6D15747DC2AEA4ECC57C72856E827D33CBD319D70FF854369EB841282F84B7CA4881447ACFCB257E252E00FBB3272120A75B99119840858486615
311
636E0E0334031AAA8C08A62E080053A0AAA4158431EC727A084021D41CF5D630C94184F6FE7432E8F5F9A4FCDF3EA7CF136FC2988093F98ED622E38E4976E1BF0CF49D2889E6DF3566719FE1F9B47A2D3BF89C69155DCF24F88C609EE551160F0415900B4C48FB013D8900A9192A700748002924771A3686A0A580FE4009E0
311
0ACC090253E280B90AC15048E047020483A038A60ED232831F2CC90498648690D960C48E439F18F4DDBEB0B6F5AC7B7B89F6230243B4FA160A7B9327F3AD5D937C8BFFE5FF8B3A5E64283BEF8EAB9F71159514CFED62DBC880614AA1F7994CCFAE7D8C87057F451733699B8DF87056E1F0654B5021E38097E4E23221B810DE
311
20559AD183A61C2C88A648DB096081E9801CA00BC1DA0124E08DAAC15FD2936905CA8DA1C40E42B13F1764E0C4015EAD7F8BFEC99A310B1B7C0BCC7746D3C0702759C89EAD57122092122D1F857067684A578F1DAB7EAC400841F493A468113282FFE42316CC74C756B1C880FE78795C692813CF4644480EE9B02991BCA257
311
A71861F00666D9410288487618D120D0E80D7773E2B7DD180E100EC98B221C94BFC4FF531A09B986230F1CD08378A8E4D0FDD7D9B1BC75F5C12EAD7FF83F3ED19EB018620303C217A6A35D826E72ABF2D8E2BB1B783F6E48D2E3F360806E1D192085D022103473A10375B63853EC54F500B5B064DBC20945B88160DCF7E4F8
311
3A0200BF6FAEAC88E9F54D22D898E43F378D20B51B5D6B1457000922202800DD401A9266483029C0D6D57ED80D42A0E6E08835F0F3AC73D7FAE6D56185F04FC44472B854EB7D9CBF7134DF3DDC35A9F6B38417DD6F508B37C1A718B0D054124176F7222F62DFB327F34D451799D56216880193254FF782D7DDE26C271BF38C
311
6E422E271CE4AB8823C9510F021126A7A944E00DB4031D013C88EA0746C96D4574069BD5439C4110403B40020C30B07A604F1E41D19C21A93FD9002DFC35F23B1E7B98E95E38387E3603FE7393680410D702FF9ED5A3C5E5CE68B5827D721FA78F3A9A0C08A79722D9C9B418F46C0057BB1640C70AA4A03D29CECF33987596
311
D53CFB27B32C3BE304C540E14BF8464E080918268D254838C91A01F0FFB99154FD8A9C0495EAA6534A6C464440B4A71E16100E7405088122A35F7A511DC003D002E6C8E7E15F6D1D2FD09014139EC11FDC89394621F77B9F88EB5A583C41E2FEDBC8F82334494C0BFA97FF3C3A34ADE60385B60E5A30CF036E5E75370BE3B8
311
3AE73B3B7DC0BB337DA0045299ED0C66681E4AE223D01B1BC3BD4C921E2005FEB5114739040758189BA8A320067B62A3995E4720055065AC2B4A8006BF8CFCC907C0063EACE41813C5F017065AD46CFDC6FF1BFEE052932CA3478C8E5A6F25DC8503D40F61FC1B047E4DFFE8E84407C81F1AC7B5C79DA358551CD0D13785A9
311
AEB38D6EB68A0A8087FC6543E7471082873CDCE5CBEA1EFC5CC0579469E225428E9A43D6A6000B4219DE52E8DF00A55F4BF5035960661C2DB88AC1F67C2890A93FC420193C8326409E7B595FBBBA9AE1D1511B3F6D65B09AC10A71C2317201A603E88C56CC68C91279E83F5C147787EFE6C675F00941D23EF092920330982D
311
F38C65EDFCA89DA98E8ADDECCD77CB86D85118F3DD9884820B1128010D02F1060F582871CC8FF42024C02239273A1CC3BF71E770DFB7E96081682803188118B50310BD620234F230B12711B063E0F0490FCDA9248B580D3D3DE944A30CFCF2A1E0F6E59E8FBEA289CCCC943785BB8880ADA9C2FD70F6A13F5418444E3A6692
311
73C006C4B4EEEC067827539FFBEA9CFF04D84E7F170480037005AAC8829084329899F90B5E013927F8E646514B4824B01D11F72C012CEACD163B6358A4454A4221D06E68A71062520649BF9E9127D0772D6E5EADED52FF216BC2FC513C7D3C5CC4C8AF009811826AE20203B076A2AA66D8D32E317DEE0EFC000FCE16D9E0BE
311
B17C74AB009256C5D8AD1CBABBDA61402612C675FBD72D07E633B1A42F2421208CE01397560811204306617A5141706105C9F4984C459F2D0F6C392FA05BED808512B0B9A8A9FC6CED89640EA347D31F0DF76D3D9E61E800FE9F7601BE4C9614A1C58E6C839F13A12D0EB426DE6386B82369A9E6A7F1F9146EB578A2EF4289
311
AA109B4F6CEFEC0463E0072A05CC9DEDEDFE08407B173B8AA65399C80B2911252E6290C82CC1B8909140C11B7AE161B42B93905045D017E00CED6D27AAA15F2C2179F1E83D411A7020B9408D202381E7E5DEE5A9E7E5CDE3B186433F488AC81554BEC09BC579018ADD1DCB3D9D70F02B14BF9159A4DA376225FE43DA224FED
311
327941705DA582B2FD1BB5DC0540667B650BECDD1D5DDFB0C7F36DEE2B94F6EE2EE4E426F20A1174C31DF153321A24114C4FFF25E505475F6906D4149B21F1BD9D9DF7B059F8E0FD83323CB97991FE80EE131A9003B81C491B218B1D42C0C0D593D9D548003839DC29A740298B0C23F0CE14BB167BD61989AEF0B985C8FAC8
311
F923A73F31953989F0F6C96CA6C4D0A9A88184BEDBBBDA3BBADE77CD8E2FFEDEEF46184A86671D7DDC51417477BE9F04804F305AC82C2D018A21EA903866A0F959FBD4139916D036635EE03DDB7408BCF0627A03027AD314C09B0A27F0A79490D53839D0DAF1416995CAB24101FA63F75029D57A4CBBA9FB4D120ADB17FB5A
311
999FC9420DFE04FA670430B90FE7F589F7FE8D50A4B5F004CE5F07EB4EA007F8AEAE8E8EF7DB3BE2F81F42166C7246FA9E62D02C8209BA1024414C483498B50229FD923F2414040B2081390AAC353B5283EADA12A30B1080866D746B9ABF5BC107F33C2A015B275480759334B83AB02175EFD0DEC785DFC505E0064F4EBA5A
311
97073A74C5C9FEC97BD25D819E28AEE661FD2732B8BBFB1BF13441B3C1F45E8AC1752BBF80C113DE960E0AC7D9D02C58C80505A19BA0E84B14402601A590A4AE00A825E98C3212342302EE10FC5100681F86834A2804BC409D70270A2091DCE874B16BE0706C974EB3D26EFEDFFCA6C4579AA4DB781708469F055532A7046C
311
6BEB0CF39F3ED2EC4FBCA3D00EA91CA68FD2B87B5C191E0EB2C300F00A1C9881F263571C6CFD83D079D09F176FAD839340CF030F70458F81F09AEE1329505150CA0A00576B56C06D58070B23086F685E44232D9D53DE3FC3731044F286D19F459351863F749F1104198D6E14BBC68E17CAE70D7AFD958E350BEBBC70C9C4DF
311
BA075240DA27D40AD7DB063A097DD3F041EDB3E4B682A7A12A548F3393DB01945547175879989302521EEB1431B08759B632B174E0F700E774FCA1BB83F95029ED1A084288C8893520E49415E00DA080AE8027C34206D35491D050A4C6B080F6A20889A2FF82379AB6234F6710C05F9080ADF002B9C9F9C583AB220F45D618
311
D7E7F7547FB27CED8A8B7A7D24EDA4988B0C1C2A1AFB53FDC61BF3DE50D63C560F0120B0372F0839DDDAF13E583B868717C1CB8CC71D1D7F440CC82184803144196EFD58BBE00B7EE77DE8C015942357FB06FC906A5E2B8882CCF9FFE184B0035A5CF186A962A63F84B3AAEE3D5A2C830008807568B6A9F424086D2095A3E2
311
62DBF124350082C4B5DF4704A9D2C93553DE47BD6766B69349610716999FA25854F759CA9792599D3837ACF6247CE8597B0F960FA3EC45B61715050260C5844FCCFEC9666BC71F875B17E3BCB4CB151405D7D08F846B4CB952248B4603CC402B609E90F0044A007FA800EC46D07A51232B00E5683C55D5096E1374DA4FCBBD
311
E2C25A5B8D26008227CA7758033D7D70DF12CAF7F247939F93F1CC63047D63ADA0B7CC8771B234D8095FCDB577B586D1834062035670E204B245EC093FCBE15626C10D210CB38A13F50E10A0D5C0814B0C4B30AA9858516001669002229618F100767AA3D6D2528595FE7A398C2D2300ED0013A0AE60B91644A057327BD3C3
311
6BEBF48C91279B45F8BD145494674AFB211A91977CB838DF35DCB3D6D6AA2FB2784B591ED785DFD7DB77747DAC9D2F7674810EFC2895F9ED8007EC7885101679C06F21E4B1C8A6120956F80518D1DAF1717BEBFB5803E20C6F2A11B2E48AFF4AD2810A70054623E341B3D1ACD92DA91150DE631EEB2C28882D092049C0DD38
311
E262A7BD6F98549930C9D44B7C37028AEA9F8C5628A2BEF5704C0DCB2B428181B1BE766F43014498D2E57791E4C8DA6BD2ABF5003F0C40202E2E32EDFB02852D16C30B7F646B98FDF86C7891690043128B0A0DE6B4EA27F08C30CA34C9D0AA0852A5997F8D11A6EE84E040B20472020256F4AFEBBB74E6705A12083B249089
311
218E6452C8E5A69717E904A3F5EF3D5D08EC1F4D4E85086B238CFFC11AB9AE972CB775616C6D1DE04DDF073B4DE3747C41FBAE6072901CAD0237100670C5A00C2C3CE063610ED824826C1F6650700E88C00B62468903A0D71D3A390255AD7040048348C56C4647413C2C2561216E0C469203EF06A5B101AD40D0E207F78B12
311
4747DB5B4BBB4E88B1C373C114E0470B345156EDDBCE1B4DBDF81DBC400746B0B54E05F693707B89A5E430982C2AC7D10DFF11D5B102B9505034B35D07E8E5F585757F088B390F2D4C85CF7218E8418BB4F25B885053D07D5A908326809F31D6CC6B77CC948413B28664484439D118DBAC27DB5AC40C1AD166F25E6A2F0AE8
311
2100C0BF220405323E1FF80DFC518CACA8DE1003F3C9FAE9C7B2D60703A0004F8EAEAD2DE0F5485452D15B77B4B67F4C2403B8D8F9C533558ADE058A9E177A1698F75DC0EB4C800F74C0270178C8579C1FACD025F0560844502D2BBC01E620030CB93636C1041636A693949CD80139FD15BE107F905590A292840F8860706D
311
07E2970A2F15E5B13B87C3143CB2930374CC46A6F9B9D7A5CCCC14E11B9E879A49FBE27ADBD6DA82410FBB94FAA8487D61B51F4BE0A03FD08743C31020D6628ED20305A22C2C2FAFA7ED1E7881C438AA5B9035F20759E243C51F34D0D5F02F11403B9E204CC1686C0B6C9000470561519CBE1B0E4FBEAB37A39EE4B84C05F0
311
23858779341991F36D9D9F351E7BB3B5ADF00148D9D05784F9AD8B037D48C01BFA83D4247F03BB768BEEF973A14E610090D4B96B1EEC5C5E66928F28EBEB6CF578B067DD83086081579848E60DFC7684044D8174993C39F886043481F6A2B743B18749E52447CD4D230513032D20D20206E536E15BCF7B7D211634F98FF998
311
6287F33F9A94615A5A0A7CACF8DF5DCC1AC6EF9AF1945EB78E0A2FED1DA2ACC00EF983F9A012260BD722EF61C9DBCDD8719703ECF839029010CA0B9F100B1D2842153E01A1A3837AB579516A31982FD2908A09100DAE591016CBCD4B011A2F4DE299E1338CE065DC4841BF9895D8C81714800CD08F5AD39601BC929B55D291
311
F6CDCEF2AB40DD5D98F4E6F107C47AEE4A09A079C05316F479DAF4C2BAB83221BCC0CE23FE3D3D4C7BC9AB673D89A3677D6020F6E182332028012FA0FBE0B2668FB85485902A8E7FA0BA2105C213E20BC2169211A4BABA7D693C3F1DA961F203694853137073AD5CD25F1C017DE0477626D7BA55B88F83B5EE513C41D81463
311
9FD1BF759171F4577D3CAB0C3DFF68B2D3B1F8478C18F67BEBB2598FA76A4545E9E961BACF657E0791D2373030E0EC9FAEDD17BEA7703A738185D08236C407448A4CB504CBF01FF43859D3115488EA01B55078000DF085911805790DE1B41B6F8CB2889C3834FE02AFE07D85143C6C008438A944EA63E047023A7EF37E13B0
311
903AFEA7BBAB9579330FAFDAACD540022980B65A75FBA17D388F1E6576405CCE7032D95BDA420E7DC0EFA320879E5F8B3B04C1D2D9C1114210C19FCC49DC6A855E12010184DB8968109ED016E4683CD552A36B3AFA13BFC2114068935A7E774CD2C7225642B73325938052D8634ABC18DC9442BF9E0402E85B42F9F3273672
311
DA8E8F1070405D1DC3248487574CD98092B8B956E6AFE1566530B78FAE05B4A0DE51FBAF85DD075C7E11939F80E015A58D1F87E400CFFD2306C4D1D3C634380A201545A92BE01F445800BE12302AB477BD6F62600D211232EB061448A0D2B877BB940D63D059C37E0569A83DE93E214F4BD86209FF6F479C640AFF8AF6D1BF
311
D987D029A94DB7C329B4184D4BB013BF912FB88FEEF913071A8D82B651BC10DB067A7EC52FE1B421883144C00F64FA23A11CF708BF16CA59F18D4C04B8085964B2D8DA4A855187000BE440BC816FFB13374640B0EB1D0998AF38A1AEF503F14302E2811081FC12EA6CD38A63B33035125F40F170C0B0AA45E9FCA38FC6D688
311
D48563B5C4B4B7C359D3C7AE0EFB16ACD5E2FAA47EF8307044B4EBE1C71E84E742D81431FB06B90B600B9C239E277A57C94C427EE10E7826980C0136600D916A06058CBE8604DB4D314FBC014EDAACD0820F14BF75449B70339490FE5A0491221BF95F949DF1235380E969AABDBE2D32EB4403D3FDF17F42F9A0A7C28ED75B
311
E86BDB7C7EC80C76F86B8800F77B305EB88F00A4352E0F8089EF811EA02A3DF08F7DA008F803BE4B4EF5F41E56087099E920708C3D720916444440FDFA013D4E1201414123A09290F5BD7AB729298209C4306D007BB0829FD4EC3A6D7E4F00B67DF38CA0764F832F0448E58439B952CB4F70DF964AFA74CCFDBABBDF273E2F
311
F4F56D3DBFF2A78D42FFF2755DF307066497F44062AADFC0CC546F6DCCFECECFA232E14F408F05477D311B683A35BC245FCF8A5CD2AF20022C21022266905A5BCC8B20235D6FF04019CC04058AC80023662E25F342063165956320BE50370F2A657BACC817DDA3DDD3EFE04028645780A768FE38DBA88BF2EF3ADADFC7FEAC
311
A952E5A77568ECF0C971DF32BF1D24F8486B22A649EC81B1B60315CBEFC026091CA45F858D7D04C1B437079431E63E38F880758842E780A9E03791C0FAAFE10012588C3C592FE35461A6047802BA18686887023A422A49599399893103942CF6DA53A8E387825FA0678B261F139F801E2B17C901D0F5217E07AC2401A87D04
311
80F753FBED44FE949C93A1D042B879FCE499B3D861AEB23F9C1F372F0C24D0B7D6E70FE1AAF60F84BAE642D82F0A9F53E22783915518494FDBC0AFAE7DA282E5050B703570E06319A015E00D693A6BEFFAE493941C3B08C13B96BD20D0115A9565701DC58568A3009DA13E965765C03091F0FF339F7309D44F6E61F837F1B1
311
FF920450EB8FC48F9B40158BE89C81A597CFB0DAF5F5755D3886DC13D4479599B583758CBF35663AA234F133F91D3BCCFCE0A794367F385C59B19431780F1C099131384056616E15A1563B50021D369C593FB292685A68A8B2A50A0A2085CF05434617E05FC24A6B077B990014421A68401AC4D65788EE25F737EB780D08A6
311
E38F060F2ABD889E1B889C44852C2FF368C1E3E710D73B6589EA83F7417B341ADA1F639A23D15298F087AD0326410E116C3A1B325218433C71AE62C07C1480F1C045629724A076A4BB8D622D24690486727F56108D07046DAB065000678E04C4F8C342DE27F4AC102D854F2D08D59B4ED0E4F697B0FF62F113646BC5B7F313
311
1D4EA8BF8B265EA3F2026E7061B96F6DF3D993276B2180B8E57067587428579460551049049B074CF8B1066C7E14C705F0B39298C0997C17F701097023BAC31081390196801FB0C2A12380042927503D5A01CA127F9841B460310639C674BC8CDF1A320501448E0068905B07F6E5602F8C1F07786253438CEC51AE61FDB25F
311
F71B09893AC026A9EAE3F30F369F5D5EAEA5801FBAD3C98B38C13EE017B054F81A56F05259DBDA64FE270B1FC4C77200FE276FE814B916E222575ED717A62A92956504605268408CFE13FD61F84252228376060206802B9550F00B9D47E6AF1022538A752CF4FFF1F5931384A9FF8700EDD4FFA2B93FCBFABB3EA6C607FF71
311
4B0B8B04EBBE83B52B246092AB018C0D0002FC490849F1E214AE6FC42009D6D86616C835B65DB9862EFC4480C14137603C3089D0A5588FA27E693DD184131BA4E88C35045ACEF1CDE1A82323C20B842F2419604821196EE8185BC834AD44F8E9B7549A32900196E9ECBBE20FFB4706861AACADBBFD9B56A23FFD3AB8BFACC1
311
8B1B5AC0ECD7B6AE2E2E9CCD2BE8AF1B1BC3A813B94107E82DE67A42E7CC7D4A6116700B5B2EE3C338A09B840F07C40A64800D7C605AC42B72227C4C7020AB1F20056E26F542717F56534261DE3766AC10A6ED2D006DD03BA9DBA507AE0510A8B385C92363B9154167F1230C40D76AF6F3BE0CA08F8BA2FFBBCEFB09D09865
311
50E0F0EAE2F2780CDF850CB0F88CFC2815FE87BD83909F474F45DD47F1C821DB2107A8817FD45384F57891B65F2543D0C1E20A89B4A8DF806862AC27C60F6A054627FD344250718AC0FA21CDC4E28DBF2650D1B39D8B8A420C348A4F846E2BE824BF8C45E1DB8EEB52F576F47A75FF95F90FCE0FD3A7A08D48D5B9AFBE3EA6
311
58E1676FE3372FB57F0AD8D70ED4AEBA3D4C2BE0AAF1C3AD63A6004D12900CFC481A47430C9EACB390038642C8C41B13303166614210592736B8603AD4FAB17189DBB32F3915F0C380795A089A15228460BDE8E52203527D41B5470901B088D84FF8B3FE2BA7F4FD30ACAB3DE0B7E2FF95807AB0010FFDE3A048F7360F9F3F
311
B9380EE537F16F8673131325D3351A3F664022020811A0FE8C019CA17370725CBFF64132025DA1BE2555102212E80A907FB43ED80A991A8AAC183932C19AE17524B06590B6AD286EB99BAD18FF4BD64BAB519202F992A963648ED30E7521F909F090C0213E367A77D8836BEB6F34D92EDA624183070248351F1A079E5D3E7A
311
9EE81F2CE6678F92E299EE312B6C0572C0A7B5EEE07853612403813152C7125E2022A20C18F855DBAFA399817FC97FB6E1CDCA31D348434ACD0012F0D32A5456B4007E6E92D72B1A4E9971223A42C1042819E4049C0C5801300C0013FA48F8944FBAE71DAFC27F1826FA2304ECDF3F6C10FF47D5C7E49748DDD687DE8E91C0
311
9394EE0682A4F84CFD6067EEDF43E67EA46CB2F4070160439245F00343D03BF25D7E2F26FC400A896DBF19FB8D4D0A66DA669C3D608F9CD048A0533621B25690EE19D5D15248E390F042B12C682511B02BFE3E5700E4C9A9B2107A8F45248FA48234FD23005ED1F4EFE80D1320836F04003BF42856D478D1DCA3ABEEE3C68F
311
9F30C3A16E5C238EA5DE3FF37DACC2F8B7980033F47FAC34421EF0418A045394802CE032D61C70023D788136788613887C0011A4EA316E005718AE191F8D0D841B9C679CD2FC478442D005429166F5A24403B1E6ACF3298F388B6D0BA933D92339D48969A5C11F09B4FF017A9900A4F887010C474717E10F36468032FF33F4
311
AD610517777104CD920C3CD15FC5F3B3A0C75BBCA3B00F2724863C10BCD4A0E00736C7981F2F72E4B001438B99714FCFAF713A2603BC710376A1715FC602022202E06FDEBBC680A3DF1C4C095A12C50B554FE7623B50374FB2129DDEA4C392C9188077658C87F55FF92FFA507FF03FC8DFD3F31BDAB46DD51AEB03F7E1B38B
311
8B87CFF47EA1479C3EBAD5C6B382C221C0F1B358B39D76D9D3142C4A20935F541E492E0EF081BA41B3620A8E172B584EA1485632E22A8221CEDAC6110AFA4B6D43E2B76A18AB240BB24337721C9321D2C033B2D3E2641A55A400A28403C12D1DADE39AD23FC5FC08C47A64DC3FF6DFF76B5235124022D7E6D6D5F3CB870F9F
311
31C96FE477FAFE54100068A3A87FA5908A2C08011CF31309C10025B089FEF9C510522B8DC07C30AA469841723A10C08E27F00F7FBC181C083F2809EC3B2B328E294AEAD5A071B3A95C81D2DE3F930372D022C9C793535B92FDAD5426E90490C3C81D000017C6494441544698C416520C1C40C71FC204B22448FD9303782FBA
311
67089A1A7D4CE38E89050FEF5F1E078A4DCCFADA058032C34C1CBC2E1202B1F8962B1A8024F0EB7A11F209E96FB369D4B64202FE7BA230AD24C46413536EAE955B341B726C593B5D4630C0BE822480908522B0D85430230352618DCD4F7BA6D568BF4343801480006658EA3EDCBFFA9702B4FDE9022163C43F9B72B58001A2
311
3FCE6F0B3FF0E4E1DDFB9801A6FC42FD0132CC1F2224F89933107AD30B6C9131A53818AE944BE25A70810821C38F098411980E46D108F483DC63F49B91B852351604091D60546702F58A3872A1716411B642C7629C267E64E77719F46B0548FD6BFFFC86A38DBFADFCDF700228C124C8664FAA02BFB1F92B09800876FCE4F2
311
D1C3FB4FD0A44E0106A8DB8079751CBF0BD9340066C3D52BC64706467C05B5A54401BE4A1B0132A55EAC1CCCB10D378A3DFEB9812022327745EF2102886A9142C812A1A2C9708027BB55B7006357459F9C2080E0BC34489FC629510F3017B62D5073E2A2C64048A0A42580E413BA9E08274091A398EA80B5BF31C87BF5ECF8
311
F1C5DDFB4F22AAC181F070AAFDDAE5650C4000516440D8806786D874215149E69ABEC43FF0EFC820FEA112B0522003C84BE03FB76623513B6D840820358B084119B0CEC8C00AE888826339A54091F5FCA513AFE147975BB1A86FC50618D9D74502F0C7C8815AA306602FEE3A5E79E0D7DED1B221001118B73182CD439A092F
311
F801105D1AA14E1918EC282F6260869D55108065988BD67F68E5581720A708051F7C8070F582389C682BE53F2AFD85853F2A013D21564028E06E79B7A71E43212180A81541EBC88F451E02385100491AB0C4A3BC5309A95911E66D04C0B448366988ECD204C2FC930F8CEE8FA410EE4C25B58DD1B6EBAD83F6196670F7DE63
311
5282C0A56A851AB035831725F0471A10FE52097089C80495804100318405F0DFC2136004B4C40705EC9154315129205EC357930035688F61AC02188250CFA9A980233925F16A117A48CA54DAB6400221976B75D863330942E20EE3B00B08FBB71AA813B0E502FD2B023DF70114E0D7DF2E2EEEDE7B789504200112075478F2
311
FBD6897835C91F0C20782401E801A2F9142700B74805703426023A81CC0BE88B537D0003E0C5181D29EB8D83050964DD2580910A1E7A8138F76253DC01DC2F3824391AD748276C0B0CDF12366625D038603D0003E0266CB42704C8CE7FA7F11B4D59C0BF454A78F8FCF1E50513715D469607031272358F04E0003C90107223
311
A581218F10008B10247CD20D860FF0BF48801040B361808148714764028EAC137E871501EFDD97C89B52107FF1235B0928C562530082573CE137840EFEF82A0BDC602736C595912FBEC69E6A3A26903B3A300C5A098A9E3F1810CDFFBA019D97B4E7A7A075850F2E92569BD960CA7B8304995FD006FC4213BB1448A6F4BFBB
311
3A9F9FC4962D0A1369129B10073771FEDA38B1737B663A71C088D8848027FC3008DAC4E4397A6F76271DFFFCF77D6BD7F1F67DA51E0E08875A6BAFBD6BD7AE52CC04A0B4A2206F650EC412841A48258258E8662C3838FBE21E25172C2A15A4F78D82DCF68A005DCF07047C183E1CE47731BBCCB5469D9169E0D588945BEB63
311
7E87802A03D88FB82486210D28FB3B858D13DC7CE75F5E6F3B03C1744D30CC58C7C7A256146853A05243060B850072A7010CA47CFBF9A1E24F414037B8781E8E9F219A774B36481CB43E48A79819D638C8760D672FAC19FB9D3FC5EA9158DBD0159C27860409682E8FF2595652FE189D2CC2D7C023E944158355806FC32008
311
7CC74116030CC376C559C098B93A041C5DDA48AF33827D2327DC761D19C17CC62780D82A170E6CE7415A5E7FE825E053048F88D2AC2A561CA4D4C60098DA28EF1A01382772484698F60C8DD24BF396EA76260542810A625978C03580A9CAB91D10249BE579B0377A3DD15749A45F24C4D81FF3D7D7996F6A1690288008C0FF
311
6CC186DA9D5FC95BB09B1301004B016E707FDFED306A1BE8FA208828F00BF342186839839F1F6FA338DC5A0200FF383DE92614C03A4508DA18F4D85F9354F7E867AA77A42FF49BBE6757A1A7454448D0BFC3C220714FE43A3D8F1547BE10F0BC5A05985AC3C28829A06FE24CD062700601F4AF12AF99099B08E7071DC4626A
311
97C920C3FF96E190C9D1FD7CB6163E800D79E5F3F10A9306C02B799E80F1AB380E0571A584C0370A220C3125000B500900D96FEA40409F980E2083E4EDF4D8D2480AE5667222E020BCDAD4EF19682120818FE18EC7FD6AAD67C03F7DF1955E697456F517AC4F24700C30171C67E9168B109A4F60AFA60F98BE30941BF776DB
311
C7C70792A2FBE98AAA97224F8BEA39B47BFD14A8CD03320DA2B676E3AA397E652E30A42CE2987B7DA1EF7F75242413800A04C0270C62A13372400B435ACD84B8B5009208F5AC73EB149FFF3508E21C2201E0338BE07E50EB47E7FF6D97724A601028C5519073E7978EC88834410450E074DD58AD13A4900103A6444A9CB991
311
03229F0EF8C0C78161EBC68137240734CDCFC349807851E0EB46CE864D2E405ED341B71A390CF2DE20CF5193189E1901E866D0230409684B193D17E2928534D04240937D3C84477494FC5E0FE0B448E35AFC19007926C1C6A6E622FDB8A12E30993C6710E070397C4B26304C0AE38218D19F01FFB15BAE1C0E7E74DF75F240
311
6E373C414E848FF8E500EFAF3C1029C9C0ADAB2313A7426CA9B2C1B9E30032C84EF31A09A88A386F136E8C2F1D582EA0459207015F10F1F001F0B1B7DF7222011EA2001F00BFD36BAEE0850928B08C077030FE3806C880EAA74BCE0863A952812E6008B3A89199C1EE918AF96AF583F1A073B0A355B9D861AF1460DCFB3BFC
311
6B7EFDC834B09700CBED3510E48DC7129041C991F06BA5006CA6B5B34EE21501374E8DFC910042036111EC9C7CFA1C05D48A7270F7F835BF04A4194DA4CF76CEC66718C84CD020D04C412AC848F03E3C61A1C8D50D0EA6838A00376054D3DF61A0E393E1F8B058A6C994093476D601A4A06F0CFD3C0A6BFA910E75CC10400A
311
80FDA93AC9B5EA4303F6C0D188B559086091CC5910137772E14F2376D03181B5CFE74C0EA38440D0AC256D6C4D104CE05302FCC00B60B9CD4D71E08BD40C144A025E60D4C1F45FE846A2105D717EEA84808A5DD90A168E133640311CF05DD870768683F5D2F1800F485AEBE5CABD8FFA3C0BEB33702493AEB551B1EB035EF5
311
C8E5757FA7832141F88E8578A363802B560007AF93D7D470B478C4D00B412D634C9140C4F9275C00DCE8DFE3C7F8C0AFBC5B2CE82E3C3BDF393D4375D50C43CD1C17E3777CD2C170725B7B42B41DF15BFC344DAD089C1E9118522B4A2C60B794E4E8F33081BB7C8CFCEEA0B2015E49D586429C6C78646180B7710E06018A30
311
82243C275F077FBE412C17DE80D3E6B9462C5204C5D980D1DF84A864401C483CD01B143F4A4868087A0F780F37230200A4FBF6AED325114C367C22512750A5C7C3E32D545CE20A0904183BA10015DCAD89864B3E1EE97EBAE8B204266A48E010511838E2FE413FB116E60880C2D8440AC3880DDA6DF6618C138CF1CB2A0963
311
7E18D00F80CB0DC05322E31EADB8081C29410903F06BFCDF5AB46024E4A75828056440503C707856EF0C037623DD4922A400E8A6BD75E4D2800905F18450A00CEE88860C8964C7B3F90F56528BA18F71CFBBBCD2D05797E168FC37DB26DBE0DD2EAEF39686C18440820013C1444055402A541400DD362A0A402F1FE5124640
311
4E098249FEE30708C10CA0B54601053159480C00BAA9B1223A773234FE72FD5C3BD81804D8D196FE3D5315A0C981D88D04FA01DFC185CA93F9120E1F480B08063364A0A318F08DF95056E4C91F1150D31B011200383502E079EE43CC18603AE2F88FD139C802A739F208E88D06DC78267C448C27C4113C19B0F51B0E9C1C02
311
1CF8F9167C6B1F2E10E461002910105D1042792D1CA303F469714C018C23D72179E165049C40E801CB96CF334562E5807291D1E0C70FE6CAD91656715F0E5C5E70F8D7F83290549B1BAA6F781D25180EBCA93EC84E72A74081CE3020789B3790E1A9E478E658C099BECFF01E530E80EC5FE31204ACFF70AF8177A03059240C
311
D074978A002A878BF883FEEC81DD684E406CA630ACFDE87292822A11953710F000885D6F68A67ED40CD772B0828359B753F7CE23D9479AB9845771B389D6A77130F8C134EFC83947392029B10E4425440A84AF0E54825228FC1634D369874739C837A9DDC83C20D320C36042610ECDFA750303710224D01202488012CA8474
311
24F8D53F78AB6BECE9B3B35A7F32396AC6B7444566327DBB4DF06FD9616744F4D3A397EB3B0A3FBA8D763702883ED742FE5CD24146D8E353ACCF811C806AE09914D8446E93840FF4D6C963FF32BFB6AB015D1D3B0C9A0968776F021F21404B6260CF84A14F35180CE20B5E85BDA2EC91FD5A7DBA7E5705F4F0F97AF26CE18E
311
3BA078138202400A62930FA6CC7882F911A92F33E547E64990B0F27323D73B6222863F86425153FA8009361C675554C25382CE148420C8DCC47A20122806CA178A0918C14CBD33440289078A00EC6070184CA9907FD0A1270478E0B325B67C2193694EDB7DD0F3C238447C8A11485562FB4902134E6AC952FD5320A4F7C780
311
882DA9684285CD81D278C0E8FF8DEC9F45D22DC3C2CA99C2728110888799575B6834BF22B0F01EDE72D7F21B672C40F0A972999E2200B7C91403F9BB3D09C01990819238CBAE5E7510D7D57450507E3DB04AAA0A3C280064E0775380C8C16EEA4834346A04BF0CE847B4B3AF760D06D24BBB267C32E2C9257DE5EB748AD101
311
AF1FD33265E2B674EED8C01A0AC901392211011AC810560F77778E85B13BAFE3E25C95B70919A4862C15928BD8989664AD8638101D009A80F00BDC41AF27602A4BDA0C077E550048E7F1011410F01405045E1C140B4D0E70E0F6E034171C3D6FD12004FCC1FA304312518910356628A4A326EC9ADF5DFFD1B2C0399503F14B
311
4F8E3E0E4E39A06ABCB56A8014687E86E462BDDE5124615ECDB412B7314F62E6E0C76ADEC0F717B360E741960104CF1706CFA18E0605004B01AE007869B095ED92144A807841EFF2811C047889A04901C809062057192688C92346F97F279449F89B113500BAD282D1DA80A55C27EFFE02C8D4F395003F285B617BBF0831F4
311
9B055342DDDD414378E8888E92C16789F269A27C9A221FAA4A0DFDDB9F935B2ECC04DC51481558A69301E0460B02665AC4DD30C03D480866C3409400051811876014C0F294C542821AB045011A3E3F09001FF304E3A0BED05CC11A811B865001769507FC01ADC611F400CF68C7B093606E30F3C7E0F00C1D10C31951C1E2D7
311
252181DA00345842A19130715C736EC9ECE686A712FDB31E4D3E50AB336E5666D7B212C0113C4A4406029709B43D0228F3FBAF49921B19CA0C82A2D5BC4A2079809240F37D3E10F9637607C3983F0458508A98B8B4EFC92AC13530180CF55359500080061DF59B98BB3FEACEE881DC8127F182A885A86FB12B43C590A43805
311
04E32305E3148BBEEB2D2782029765428092545BA5C2C681FC5F8E869C0EE1034A822FF09A12C94084505AA868080303473F8161F7AA0A6610745E280BE4427FB770106F8800EADABA19F453210435BDB2348471B13B65F2FCB554827632C4C44467333E4127095D22092ED492009930413251B5408345065065E415266E20
311
279A40B3F520370BE2050C8360E6BB4601C1673B9BFE007EF5200B6483CD195400A783E6DEA0653515B0FCE8E86D1618FC1EFC15C2E727F24F2A2DAB57326D8D0877D4E298894E7A0C3C7D9CE8A0E2D17AA2020FA1097D6372F2A9F955060FDD467AD0426368C24A8340FD0D6687A76316DEF5179ED9042005A2BF02A5DD81
311
0A4DEFA4A8F700EFC50FF4FB8C06410F0303C106ADF8852ACC6A2CA9046E9ED070739339857222CC009E206479886EA26227BF7A341A15C351A8404A6C10080A2140FA4B4E8D9B9A11645899332363FD69887F436A660566964250FD752E787B64BCF8E6C8190DF8EA0C854C062D8A5A1346F810414313E606ECA0AC3A01D6
311
928544029D5F42E202C0CB386F880F7842A31287061F32F3CBE09F2950783394F2F2B23D85386C6F51943E99DD10C8A0000BA9569A14805693274BD0E4F4DC3F28E331EEA91C4F33ABE057889BFB92819187840A08E57A276A8BFCB75B0342668C70C565C8059996D209C2800941A21FB82B2F520BC2E6FE6F1A8827043DE1
311
7000DACC8193E78BBB8DF1467978C06F6AFE986123E3A95272CAC122046F4C65C4B88FED2F1CD1D918F7CDBF8903BF1A90057D42F4DC133AF804ACBB58446A0DB78806FC053FA1E45D0AF1112613CC0DD976C5E70AD3282F42725C0D02AC8588DE451B1C01ABF063E7748A3882F0DD484BB78D037F9812240EB88B6034C0AD
311
53E5116D4C6D920C6A89F084E6D0598AD7EB6930CC7B293E27A666E5CDFE9A3FA52FEB3C97976FDAAE9A60008FCA6B33099CF9880D35D419FC687D424378E3099441E110C5B3C6DC311E6653514A67A530D863326C4D8430E0C28024803B5B069B0E60C10EDB6DF087034171DF01F1F3404B27B1056D8C0E56E7CA6056E779
311
8147BE4C2F01CED5987E413AC6A724876DE3F599E0601CE7B9CEF3BEB3671E12DCE8AF9631B8031D3F360B6955DC2342B2A0E4632A00264C0DA002220CFEC3E10D9BADC8904D88DC51928593AA16C91DF6FFF82B3234404C7214D0F8608E0052283EFB2B0563F1D072936C4017706010BCF1B16CDE0C1FA9C777E44E1F5259
311
B0C9BBC8794A82A6C182A3AF56B16921405351FDDC91B5BAAA617860E8D76C97C377FE701A4EB4378FA97C2C8E3CC8950886C6FD93AF70A1F5F676B7ED16CBC56AF5D09110EEB8607CC08A795882358280DDB98AFFE7087C6EB593D62F041CDB4018935238E73F1098100D0C8769818F777057F64C703C6530E142FDF5C837
311
AE1CF66C94C4887D3A3726AB990DEA248F73B5D32C8E04F6714B1E67C53FC52040252E605B322407CBF8C7F05453462A295ABF4D95592DDD76AC23512E9A2DF964715C80DD752CA8E263AC36F02C3C28A133EB22AC8D099BDEFDE28C3E8FFEE3815D5D00C17C00511058354D62443C1A546280E43572A9C661A34FA5891F8E
311
7570608C8DF21DF51DF9D2A84D4501F41B8CD4F4C9DEB2F901E810C0E4CEB6EC08DFB06341C864CF8D0EEE779A606545E1E64AAF30A4324C20FDD3BD558BD966BA994FA915CD162B1978642AD01694E533EC190368A68234657085B5F88E27A0805E04B8BB6A00A51646EE3C10A50FF007FF410F1963CA69BE2002F0F902E7
311
01AEC995FD41F83A3F0C3809A3288A083003A6CC2A20E6D703EE48E3777AC07ADD51EB6101603A9FCF17B3D5928F6D742EE7E4CF38AE2B03C5FB39C81D7B2978FAFE85AF3D2710B0582C970F0FEB0E4D1103B8BE2B4D560CA10002FC8F334C891C07B44FE06B2E3ACE5E1E2D1FC32203110ABF9CA0E8381F68EC3C06701328
311
E5A38278A5FCD944CEA5283DA933DF2A2448BD23F1C5D8BE04CC2DC3B43B3EEC29F8B5FF926D11D3E97EBF7FA1BD1E5E5F5FE6D3D972F548547783146ECD84873F377C5820F7F9FCE5E07378D6CBCB7E036DF7F7104079A05B77C6942D1BA95D47424BFC3DB6411009A42E207871B7EE9B06614BBD20F22F7523FB985F3F70
311
68E37600273A3ED0C1CCC380F6EC4AF01CC1CF95E4848B7BF950AD14C44F10460221E02D21D01DAE800F323704C00035DFE97CB37F797D3D1C0E4FBF35EE1E5E9E0E879FBF3DF6F474780A01FB3DAF01FE0C0798218007C2090A3008BA7682A338F4A8804A06CBFE6A80CEC766F49853F15B2F45FCEA3F8250012841315016
311
E75E797EFEEC4ACA6C79F515CF1738F7C36E2406071051043817C9E8C5888D49D0332E800062FF54FA562BF7446CC0BFDFBF8603D1FEFCC9F7FFB5A7F000430755C2D3F72F2D02A022820897ABDD44594475BDCCA4A10AF34C06B08B4AB58BBFAE30999DC66C7CE903A83CF8EB006EEEAA063430F84B05F0ECF644825F5E95
311
073870E72A0771AB89B080022A0C5A9FAF34C89286257FB7BEA000EC65B59750C68E0815B0D9834B15606328F80709DE09018AC2A7817F83F96DB3D562C10A0A31300230CD4200B87F85808BAF64D04600254047F9C14DE93464009E7F5AABB4FDD6D55142A2C0BF1541FCE19C20C899BF4F76AB54B84CB97F88F48ECC029F
311
D253F0C70DF4816B9AC94BCBD653B1A283C4001A0337955E4AFED3FB790B6B1F5EA0B5514074103A38D84280EE0F5F9BE974EAB2D16AB1EA969684B6E4166CA28264B300474C7308D20013B204A65F82970718D05678B3315D442E1C0A327E2F56556040C005D2FAB1326A68A07507C9E46A3648555A7080F5F50219A00E62
311
22E3E0862CE95B5680930530742F1D041805E69B788161F015944D041182B861A2C17F3AF01CF5BFDF6C343F9171F5B004BF59C016719164B888EA206A02AD05E8464D06B48E4381A0E9345FD171625AC22198F57C003BEA5510F81FF78D31C9B033D0030000000049454E44AE426082504B0304140006080800DB5D265D28
311
BB58AF800100009E0500003D00000031464442423830352D394630412D343731322D384444342D3244343646454437424134442F536368656D61732F436F6D6D6F6E536368656D612E786D6CBD544D4FC23018BEFB2B96DE15493C78601010A34B880709DEDFB52FD0D8B54BD70DF6EFED3AC0B12E6442E2716BFB3CEFF3D1
311
8E26FB440405EA8C2B1992E1C323095052C5B8DC842437EBFB673219DF8DA659866649B798C078B48AE6410122242F2A4994AC7F93815DF85C049C8564CA0A901499DD886B2EB9B1E02448F358701A9235880C49A0119892A20C89D1B9FD768815CAD268CB5E0355B40B1E47F3E37A2020464BED06AA57CE8FCC20C3C3446D
311
46761A2632A8C1283D07031EFF2AE7CCB1BFEEE916E406DFAC8E36FFD99A9D60A6944090EEDC3B670C7DC13DE86B6B2C5C240D6E503BB85ACD579D513F1B9F9A69DC9CC22AFA80C426D40AF0B21EA168559156B6276F0F726A6BFF04DCD513A87A62CAD41FB24FCB2858B3952E3D852084DA25B9303C15687973CC8E8AAE11
311
DF2836C38C6A9E765E8C1BA1BFB1DC29CDFE518C8B5A7655A4ED7E77291ABEB80DBD82EC866ADE1B8D05AF9E35CF09D7A061F38A986D9EC412B8F0F65E5D81534D9B231D1E5A8FE577A241F3A5FD01504B0304140006080800DB5D265D1004A04F380500005C1700003E00000031464442423830352D394630412D34373132
311
2D384444342D3244343646454437424134442F536368656D61732F47656E65726963536368656D612E786D6CED585B6FDB36147EDFAF20F41EC7F69A2005E214768278069665709ABE0A3445D9DCA80B44CA89F7EB7B0E2FBAC4B2A32643D10E33505411A9C373BEF39D1B2F3F3D27926C79A144964E82D16018109EB22C12
311
E97A12943A3EB9083E5DFD7239558AEB07B6E109BDBA7C5CDC902D959360CE535E0866DF07A7579733AAB85D5AF234E2C51DD5B081CA7A87DEE56E47E2D6689E735AD0947194500A22A249308DB6F82682A3782C52A141BD80E4E54A0A3609622A150F48C16994A57237097451C2DF462738529D3AC5FCFFB5B401988BC788
311
24973CE1A9A628D91CB968BDBAC335B9A4BB379C6ABF5D2474CD7B9F773F7F78C349F055EF13FE2CF856F0A7379CE2BEBCCE6456F8E316A9E66B5E18E4AC77BF5812F5937FDEF0F5BFE3E3C785576D96659253EB54863A87AB5D98ADFEE24C3B8E38FE48BAE2C062631799EDC8BDDD833C6E88585B9287340B23AEA990CA49
311
B1A473421E81F856D06D9125E45E6F001C4F7F85D6DECA8C6A835753A250DA50DF92F743409CBC3BFA4C6EFCE2618D302A0CEDDB264D93950002937BC66489A18D0A345DD650415124BE376A745EA9F0E016108E328D14C979C1302CD6BC0A4191B2C2C49112FFC0DB51401288D6A44C26C1B87A160AB6A11E5BD862514BE8
311
B3DB750607BABFF6F781D6A74EED6EA7AC28FB3BA68C87AC94B2138A99DB41AE7147A71F56659287340123812054CAEC8965690A74E111C5BCA7260158B0963EC50C07E38FEDDFC5C5C70AB6A915F446D44E46C321E46087E23E221E2BC0DA6EB440EE6F44E80CE5AE2E2D2F31AD7AB71B8B139AF730773909401FE0D8DC3F
311
CCFCC3D438DC1176062076C3CB4A9D953ACC72CA84867CDA0361E0910F4EF3B109A07D332211C72556825745A215835F47678059E337068E3ACB0E2EA2B507175B0818FD1082EB4D26186F85BAD33464988F1420E1B9E43D522F8452A450106B04F01362BFF1B2BF5059B60F687C9F663A54396722163C7231012E7480FE91
311
6910E6572B6D8F4A54CBF92C5CD324A163C8508058D3F16A399B13B348C6830FB5FD47257A1B8D2CF08253EE776B3A72D782D895363D96020B6C18D3C86359B3C6D45E728B4B9D716893D091E4D533045F495D2EFEF633FF5A660A520A5790765FE52E12F0AC82685E7FFA0398D65528850A132894DDE9F837B1DE48F8A74D
311
487795A482C7122A6DAE377BDC5DC212A465ECD8B03E7E2E208EC88DD9DA89456CFBC477FB798C74389668AB1A75C820AB7568FCBE0B5F94DC9AFF0D038D9F77E49D45B8278FC7177D0DDCE732FA0BCDDB42720FA90E87115FF76375C5696F368AF83103F6A5911FFF03561EE06AD10ABE933AA9DEC398588888137017449E
311
09C377051FCAEED1E8BC3BFA9CB27DA2CFDBF533459F374FC0C4FDECCBF3E06CDC6874E0710421EEAA6CEDBFEE60EB913607436C3F5BBF713F6F42253B9A4A0FD64C08416FA986EB02254B1846D82E7CE2584EBE31E340E9A8247483F07D5B84AE3A5AE0D4C5B202EE585468BA84105B1F5EC00C16FADB133FB7399F390FCF
311
245CBF9027A137FD26D1D651058D44D9B331A93985CAC2046CB4ED9E0314977128A42C13DB06879A273052525D16BE833B8706BD1269FA69F2B9B109BB55D30D37679986D85848B86F026CF21E74809100180B0D280C36F6015A7DFBD06AEB6F8D503BDCD7DD6DABBBEF54E1FF5EDF0E3AD53C03509B5B816FE9F51BC8026F
311
44DAB82BA989F200C4220B24166C3037854094FD46C5648D9C42F8B07E53687D824917FED3CE56F3FBA68BE3C6853FCD64F4A00BB85831B1243346654A134805AF5CF39A9DFE22C9906A6EAFE8303A5F4AC4FBE637489CB62EA59B9D529255F326CCC28ECB77F812A7D6E63DF957504B0304140006080800DB5D265DF70207
311
6DC3010000E60400004500000031464442423830352D394630412D343731322D384444342D3244343646454437424134442F536368656D61732F52656E6465724D6174657269616C536368656D612E786D6CA554CB4EC33010BCF31596EFF405481C9AA2A64851255E4A816BB438DBD4926347B15BE0EFF1236982021512B9
311
25E39D9D9D59677EF3510A72C05A7325233A1D4D2841C954CE6511D1BDD99E5FD39BC5D97CA9359A0DDB61098BF9CBFA961C4044344599637D0F066B0E22C074BC98C7A0319C58A9B254B2435ED23BC2F388AECB4A6089D280B18D139496815152EDDF046711DD82D048498D902B293E236AEABD7DF74D5D839F69EE1D9F48
311
E1F3BF448FC9E6BF144F351E38BEFF9D662D0D16587B77825FAF2195BF515C395B563BC5197A0AE68DCF363BA831CF7C7C8D7F0DA23D42898037B451BA833673DA92BC82D87F636ACFFB0CEC96F4EA30EF9A0FEAB85D91CAED89348D80E9B178DDC3ACFC71D06F2528A182138DD8672E4DC6DC57CF91467432BA985E4DBE3D
311
B399079353607C0A5CDA0B70D4E65A122FA41BAEEF6C272908D315B076451BD55EB0FF9E092E11ACF8C6B5306028F9D5F15EB95426D31532BEE5D6EC700FBA0C1E94211D7ADC8341143D429D2671564059C2EC72108B4EE3847890CC4697DDF8A708DB01FD7AD8209A41EFC2DCFD7063A504821C7869545188D6C16DF80134
311
2CCE6B276363DC8EFA4AFD0E86ED0677C3B77747C7FD3FD617504B0304140006080800DB5D265DB56A22B451000000570000004700000031464442423830352D394630412D343731322D384444342D3244343646454437424134442F4173736574446174612F41737365745461626C654F66436F6E74656E74732E62696E53
311
6160607071313175343435D1B53032B1D435317334D4B570B230D17574333777337734777235301402AACB4D2C492DCA4CCC492C28484D2C4ACC4B4E050A82012F90744FCD03CA26072767A4E6260200504B0304140006080800DB5D265DC55C663656000000680000004100000031464442423830352D394630412D343731
311
322D384444342D3244343646454437424134442F4173736574446174612F53747265616D56657273696F6E5461626C655D8CBD0A80300C06F73E4B29FE6CDD8A2E82A083B8B7F209014925C9FBA3AEAEC7DD2555D896CB85E51C2A1BD834F6A1F56EC4494C4695278364ABB24ABD2146F88CCEBB89D5321FF8F3F43D672A3B
311
44DF3CB6A1710F504B0304140006080800DB5D265D81759641350100009E0400003600000031464442423830352D394630412D343731322D384444342D3244343646454437424134442F4173736574446174612F636E782E786D6CCD94314FC3301085FF4A6489317152D10A2AC71582A51348540C6C57E7D25A75ECC8BE20
311
F8F7D8490650115387AEA7EFEE9E9FFC4E6C3E3B937DA00FDAD99A5545C932B4CA35DA1E6A36509BDFB16C2385778E7E602CB3D061CD52994971F06EE8E752832D0C26558DB6A7B9F81002D20EF6069FDB4767092D0596290321D42CA8237650C040AEC1702A1A2028AAC263708357182791EE709EA43C0261C3E4A25CACF2
311
F23E2F57BBAA5ADFAED6CBE5BBE0899462EF9C99791D9779D7DF2C4A35ED65B2143C01520C5ECF547A0D937FA92CF6DA0A1E492902F9E8CADC415F7DEC80BE375A0145F3B85384944708A1137C82A5E0C9855F5E3C61ABAD4E2DDB280DC8F99728103D69BC424FFE537B796FB636105885D7ECC8B9C6CBFBF03AFEA2B72996
311
636EAE2F2DE71A2F90133E9E92189B7459E437504B0304140006080800DB5D265D76CCDE5EE7000000600100006700000031464442423830352D394630412D343731322D384444342D3244343646454437424134442F5265736F75726365732F44443435413135342D383234392D343641312D384238342D41463737463741
311
37424530312F7468756D626E61696C2F302F636E782E786D6C4D90C16EC4200C447F2542EA318144DDA85D11F627F6D44B458937450B1881A9DABF2FB41CF634D6F8C9F28CBC7C7B377C41CA16C3C6E649B00182C1DD866363856EE30B1B2E4A26447AC0D810B4878D359B2979242CB15B3BDC7471CD7536DCBB79408064CD
311
7B0C071B8CD3396F2C9B4FF07AD28570877C9F764D7A9AA704194B32500F90F5D00F98049A60676A11CB3A8AD751ACD7793E3FAFE7D3E94DF2462AF981E83A6F0341C2F8B40883750CF51F217903942CC976AA8560EAE139C9EB52C94CA9E6EF10FDC40AE9189D359A6A4D1C0D018D1502ED25FF8795E42D6F95BF32AAB66E
311
D42F504B0304140006080800DB5D265DA233C2345D000000800000006500000031464442423830352D394630412D343731322D384444342D3244343646454437424134442F5265736F75726365732F44443435413135342D383234392D343641312D384238342D4146373746374137424530312F7468756D626E61696C2F63
311
6E782E786D6C4D8B490E80201004BF42E6EE76F3C0F216234B883063108CCF170C074F95AE5473F5C4C06E932E4F28601967600677D21E9D8092EDB002539227A2FCCB80E1168D80A6417297A89C5D6963B7129A0D1E8F2EE73AA7B62BBEB8B27DE50B504B0304140006080800DB5D265DBE89762363000000880000005B00
311
000031464442423830352D394630412D343731322D384444342D3244343646454437424134442F5265736F75726365732F44443435413135342D383234392D343641312D384238342D4146373746374137424530312F636E782E786D6C4DCC3B0E80201004D0AB90EDFD75167CCE820A4A845D83603CBE602CAC26799919AE
311
EEE0D965E2E908050C6D0FCCE04C8BC355404EB6198129C92351FAD580A10E464065907C8D948F8F166375F655BDC3FDC3B4E530A176BE7057BDC43B2A593FE403504B0304140006080800DB5D265D668983B17E000000A30000003600000031464442423830352D394630412D343731322D384444342D3244343646454437
311
424134442F5265736F75726365732F636E782E786D6C4D8CD10A832018465F45FE7B5B864D076A18ADF7886521331D2E638F3F1D5DECEA83C3778EE83E9B4387896F1BBC0452D5808C7F84D9FA5542DA17CC01754AC410F6BF1B203F6D4642C1A0C41A437A9D6836CB945CA1CEFAE7098781B69AB414F386DE30BD6A8279CF
311
29D6236323D3ACBFD7241B97A2E4F9F5F296BCFA02504B0304140006080800DB5D265DD55267CE0C010000550300003400000031464442423830352D394630412D343731322D384444342D3244343646454437424134442F536368656D61732F636E782E786D6CCD93316FC3201085FF8A85D4D1065B8DD546980C1D3A7569
311
3B75A370495080B30057EDBF2FB80C89D4AD1DB2C1D3A7D37B0F8EEF3E9D6D3E2044837E227DC748035EA136FE309125EDDB3BD2EC040F88E90C238D970E26526422F821E0325749C35E2EB6A8D6F853151FD039F42FEA084E92465919E344E27AEDE49250433C755A26D9F55D80884B50902724E3A04E500164024DC4C086
311
B165F72D1B5FFB7E7B3B6E379B374E0B29F83BA2ADBCF10902CE370353988F3E1B629C1640F025984A9514449CBBEB721F9C6642F098426EA192E96BCEA49C676B944CB92CBA823F8CE0B484BD88FC081E8251D79AF9C2DEBF857E06AF213CE5970A46DA6BCDFE9BCBBF5540D70DC8DFA02C84F806504B0304140006080800
311
DB5D265DE3603EBE7A000000C20000002C00000031464442423830352D394630412D343731322D384444342D3244343646454437424134442F636E782E786D6C6DCD410EC2201085E1AB90D9DBEACE05D09878023D01A1D34A8419C380F1F82DA68B9AB8FDFEC93C3D7C52546FCC12980C9CBA232824CF63A0D9402DD3E10C
311
6AB03A3397DD192872090D3406ABE7CCF5B5D18893ABB1690CF4DCF02282E5EA8A5BB96FFE536F285CB347F95BEFFE81C9ED5AFF9D5B1FB575BB00504B0304140006080800DB5D265DF6F979257E000000A300000007000000636E782E786D6C4D8CD10AC22018465F45FE7B4B873503754CCCF718CD0D69D361337AFC3476
311
D1D50787EF1CD17DD605BD5D7AF91824D01301E4C2238E3ECC12F23E610EA85322C5B8FFDD00856175122A0625E614F376A0D14D435E2A5D7C781E905AA33527177CB3A4C7ACA50DE6C630DC1876B577D3EA9E99629CAB52E6D72B5BF3EA0B504B0304140006080800DB5D265D1E7A0675A400000032010000130000005B43
311
6F6E74656E745F54797065735D2E786D6C95904B0EC2300C44AF1279DFBAB0400835ED02B8011708C16D239A8F121795DB93D22D20B1B467DE8CE5BA9DED281E1493F14EC2A6AC4090D3FE665C2F61E2AED883689BFAF20C9444F6BA2461600E07C4A407B22A953E90CB4AE7A3559CC7D86350FAAE7AC26D55ED507BC7E4B8
311
E025039AFA449D9A4616E739AFD7DE8C8338AEBEA54A820A61345A713E0B17153F7257E37E705E3371913892B25F02FEA0F1FD83E605504B0304140006080800DB5D265D3DEE336E64000000790000001B0000006175746F6465736B2D64657369676E2D7061636B6167652E786D6C35CBC10E83200C00D05F21DCA56CA76D
311
41FC96062B120735B69A7DBE268BB7777961F8D5AF396893C2ADB70FE7ADA196782C2DF776D7A97B5933C430F15651E5469C55D70F80A4992A3ADC954792C525AE70A1E4D6AD9816CC044FEFDF01FE3FDE907802504B0304140006080800DB5D265DBF74E0C1F8000000960100003700000031464442423830352D39463041
311
2D343731322D384444342D3244343646454437424134442F4173736574446174612F636F72652E786D6C8550CB6E84300CFC15E47B7893C22A648514FA053DF516912C8D7649501E553FBFC942A5F6D493ADF1CCD81E72FDDA1ED9A7B44E193D4295979049BD18A1F43A42F037D44376A5C41AE37FD120D37C932324182859
311
AD09FB092D467BA913AA8D9027C89D931EB2E5119B11DCF221379EF3E023C3DDF39D2F77BECABCCA0F1E252128714A95886EEAA6A405DA4C33EBD83CA3B26D1BD4E201A3BE7EED111B5E9A09D7ACED7B468A24A6C4ABED67FB6225F75200ADCB1AA37240257EABAA4B8B2F5DF74E8AC4A4C4791B7F3E97A6EF804EE96AC63D
311
27C531FDE31A76F1BF6B50DA37F5E97A281CD02A1EF91C5052A494627946186B4A947E03504B0304140006080800DB5D265DC20A34D8F40000008E0100006800000031464442423830352D394630412D343731322D384444342D3244343646454437424134442F5265736F75726365732F44443435413135342D383234392D
311
343641312D384238342D4146373746374137424530312F7468756D626E61696C2F302F636F72652E786D6C8550CB6EC32010FC156BEFD8F8459D081345B2FB053DF58680B82831583CAA7E7E2176A5F6D4D3AE66676677875EBED647F1A99CD7D68C5097180A658495DA2C23C47043031417469DB5E1170D0AC35735428681
311
D1C5D9B81D90B02628935163A53A40EEBD0A5088476A46F0E243ADBCE4312486BF971B1777BEA8B22E771EA3316A7948B54C6EFAA69503D65EE7A99FE619E1AE6B51474E040DCDEB80A6D34B7B25CDD40DC344AB2C6634E8F567BB708A07258135B821089F10266F757DEEC8B9EFDF6995998CFAE0D2CFC7D2FC1D304CAB1D
311
FDE31637F9BF5BD426B4CDE1B62B3CB03A1DF71C305AE574527946976A4E927D03504B0304140006080800DB5D265DDFBAD1C3F9000000960100006600000031464442423830352D394630412D343731322D384444342D3244343646454437424134442F5265736F75726365732F44443435413135342D383234392D343641
311
312D384238342D4146373746374137424530312F7468756D626E61696C2F636F72652E786D6C8550CB6EC32010FC156BEFF86DEA44982892DD2FE8A9370AC441B1C1E251F5F30BB12BB5A79E76353B33BB3BE4F2B52ED9A7B44E193D4095979049CD8D507A1E20F81BEA21BB50628DF1BF689069B6CA01120C94CCD684ED80
311
B8D15EEA846A23E40132E7A4878C2FB119C0F1BB5C59CE828F0CF7C837C61F6C967995EF3C4A4250E2902A11DDD44D490BB4B94E63374E132ADBB6412D3E61D4D7AF3D1A4F2FCD15D763DBF72329929812AFD69FEDDC4AE6A5005A973546E50995F8ADAACE2D3E77DD3B29129312E76DFCF9589ABE03EAEF61FDD04C2DA4D8
311
A77F5CC326FE770D4AFBA63E5C7785035AC5239F034A8A94522CCF08634D89D26F504B0304140006080800DB5D265DBE3D7E270C010000B10100005C00000031464442423830352D394630412D343731322D384444342D3244343646454437424134442F5265736F75726365732F44443435413135342D383234392D343641
311
312D384238342D4146373746374137424530312F636F72652E786D6C8590C16E842014457FC5BC3D2A8A8A13646283F3055D7547949992196122D0F4F30BD526EDAAAB472EF7BE9377D9F9737D641F6A73DA9A01705E42A6CC6C176D6E03047F4514B233679BB5FE970D32235735409281B3DB66C3F390666BBC3249357651
311
87289D531EB2F9111F03B8F95DAD3297C14787BBE74F39DFE54DE538DF7D9C85A09723AA97B84D5FB5DA80D7E3241A314DA824A446A4ED5B44AB0B45A2EFEAB1AD04A154B0228539F37AFDA1CF9B925E2DC0ABB26A51D9A3B27DC5F844DA53D3BCB1223939737E8B371FD0741D70214833E2864408E9236EC488BE5082C64B
311
D75DBAB17B994ACC8A3DF807189ECBFFC0A08DAFAB03B8271CF0B870FFE0AC4805C6F1DD6E9CA96CFE05504B0304140006080800DB5D265D2B28879CF9000000960100003700000031464442423830352D394630412D343731322D384444342D3244343646454437424134442F5265736F75726365732F636F72652E786D6C
311
8550CB6E833010FC15B477F38642641C45827E40D5536F96D9102BC1467E54FDFCDA814AEDA9A75DCDCECCEE0E3D7FAD8FE4138D955A0D50A43924A8849EA55A06F0EE4A3A48CE8C1AADDD2F1A248AAF38408481D1C568BF1D90D0CAA18AA8D2331E20B7161D24E2119A01ACB8E1CA53EE5D60D87BBA7171E70BA645BAF318
311
F55ECE8754CEC14D5E251A60D5651A9B719A485ED715A9DBBE255DF9DA91B17FA92E6D39D65D37D22C8A197572FDD92E0C728733B0322F5B92F7246FDF8BE254B7A7A6F9A05964326A9D093F1F4BE377C0DED06A6F045A9AEDD33FAE7E9BFF77F552B9AA3C5C7785055684239F0346B3985228CF08438D89B26F504B030414
311
0006080800DB5D265DC42FCB84F7000000940100003500000031464442423830352D394630412D343731322D384444342D3244343646454437424134442F536368656D61732F636F72652E786D6C8550CB6EC32010FC156BEFF86DEA44982892DD1F684FBD21200E4A0C168FAA9F5FB05DA93DF5B4ABD999D9DD2197AFE599
311
7D4AEB94D10354790999D4DC08A5E70182BFA11EB20B25D618FF8B0699668B1C20C140C96C4D580F881BEDA54EA836421E20734E7AC8F8333603387E970BCB59F091E11EF9CAF883CD32AFF29D4749084A1C5225A29BBA29698136D769ECC6694265DB36A8C5278CFAFAB547E3E9A5B9E27A6CFB7E24451253E2D5F2B39D5B
311
C9BC1440EBB2C6A83CA112BF57D5B9C5E7AEFB20456252E2BC8D3F1F4BD37740DFB63B1D29F6D91FCFB08AFF3D83D2BEA90FCF5DE18056F1C46D404991328A650B30D69427FD06504B0304140006080800DB5D265DD51FCE6303010000D80100002D00000031464442423830352D394630412D343731322D384444342D3244
311
343646454437424134442F636F72652E786D6C9591CB6EC32010457FC59A3D7EC5761EC244B1A8BFA0ABEEA8993828315880AB7E7EA176D576D7AE40977367B833F4FC3E3D9237B44E19DD4291E690A01E8C547A6C61F1577280E4CCA835C6FFC020D162C216A20C8C8ED62CF3260D467BD451D546E2260AE7D043323CC2A5
311
0537DC7012A9587C20DC3D9DC5701723A645BA728C7A357D59078BC2A30456E66543F223C99BE7A23855CDA9AE5F6816494617A5FDAEDC9AE1F48A3231B30F9180D53B9AADCF015B94DC2025C327D555A10556F4BCEB0E794D8E7D7E21D5BE28C981F38A94BC6AFA27BEEF2E150F45829951E76D18CD56240EE1AFF6D5F82B
311
DA32CB7F465B1D2EF4FC0E95C539339A7D2E219C7127EC03504B0304140006080800DB5D265D42306D9908010000B201000008000000636F72652E786D6C8D504D6F842014FC2BE4DD51FCA2BA41369B687F414FBD51615DB20A4670D3FEFBC26A93F6D6D32333F3DE0CC3CE9FF3841E6A75DA9A16B284005266B0529BB185
311
CD5F710DE8CCD96AADFF250364C4AC5A88307036AE765B0E68B0C62B135163A53A40E19CF28086293C5A70C34DCD22119B0F0A774F1631DCC5A8922CD9759C793DFFAC0EAB125E49E039C929260D26F42DCB4E253D55D53B4BA392B36DD3F2B0D232B8EBAB562BF0E2D27755D7F7989465814BDA505CE7AF35EE9A97E242F3
311
AEACEB8EA5719933E7D7F0E7E348C8E991138FE8CBD29DE2ECC3DAE91084501259337D01272C8DC49FD0DB22FF115A1B5FE4C7C17DC301CF42A027118C6383613CEB0D33B6CDBF01504B01021400140006080800DB5D265D24F66C001F010000A80100004F000000000000000000000000000000000031464442423830352D
311
394630412D343731322D384444342D3244343646454437424134442F4173736574446174612F446566696E6974696F6E4974657261746F7250726F706572746965732E62696E504B01021400140006080800DB5D265D28E40F19190100003002000045000000000000000000000000008C01000031464442423830352D3946
311
30412D343731322D384444342D3244343646454437424134442F4173736574446174612F496E7374616E636550726F706572746965732E62696E504B01021400140006080800DB5D265DB5A795FFE3790000DE7900006B000000000000000000000000000803000031464442423830352D394630412D343731322D38444434
311
2D3244343646454437424134442F5265736F75726365732F44443435413135342D383234392D343641312D384238342D4146373746374137424530312F7468756D626E61696C2F302F67656E657269635F706E67504B01021400140006080800DB5D265D28BB58AF800100009E0500003D0000000000000000000000000074
311
7D000031464442423830352D394630412D343731322D384444342D3244343646454437424134442F536368656D61732F436F6D6D6F6E536368656D612E786D6C504B01021400140006080800DB5D265D1004A04F380500005C1700003E000000000000000000000000004F7F000031464442423830352D394630412D343731
311
322D384444342D3244343646454437424134442F536368656D61732F47656E65726963536368656D612E786D6C504B01021400140006080800DB5D265DF702076DC3010000E60400004500000000000000000000000000E384000031464442423830352D394630412D343731322D384444342D324434364645443742413444
311
2F536368656D61732F52656E6465724D6174657269616C536368656D612E786D6C504B01021400140006080800DB5D265DB56A22B4510000005700000047000000000000000000000000000987000031464442423830352D394630412D343731322D384444342D3244343646454437424134442F4173736574446174612F41
311
737365745461626C654F66436F6E74656E74732E62696E504B01021400140006080800DB5D265DC55C663656000000680000004100000000000000000000000000BF87000031464442423830352D394630412D343731322D384444342D3244343646454437424134442F4173736574446174612F53747265616D5665727369
311
6F6E5461626C65504B01021400140006080800DB5D265D81759641350100009E04000036000000000000000000000000007488000031464442423830352D394630412D343731322D384444342D3244343646454437424134442F4173736574446174612F636E782E786D6C504B01021400140006080800DB5D265D76CCDE5E
311
E7000000600100006700000000000000000000000000FD89000031464442423830352D394630412D343731322D384444342D3244343646454437424134442F5265736F75726365732F44443435413135342D383234392D343641312D384238342D4146373746374137424530312F7468756D626E61696C2F302F636E782E78
311
6D6C504B01021400140006080800DB5D265DA233C2345D000000800000006500000000000000000000000000698B000031464442423830352D394630412D343731322D384444342D3244343646454437424134442F5265736F75726365732F44443435413135342D383234392D343641312D384238342D4146373746374137
311
424530312F7468756D626E61696C2F636E782E786D6C504B01021400140006080800DB5D265DBE89762363000000880000005B00000000000000000000000000498C000031464442423830352D394630412D343731322D384444342D3244343646454437424134442F5265736F75726365732F44443435413135342D383234
311
392D343641312D384238342D4146373746374137424530312F636E782E786D6C504B01021400140006080800DB5D265D668983B17E000000A30000003600000000000000000000000000258D000031464442423830352D394630412D343731322D384444342D3244343646454437424134442F5265736F75726365732F636E
311
782E786D6C504B01021400140006080800DB5D265DD55267CE0C010000550300003400000000000000000000000000F78D000031464442423830352D394630412D343731322D384444342D3244343646454437424134442F536368656D61732F636E782E786D6C504B01021400140006080800DB5D265DE3603EBE7A000000
311
C20000002C00000000000000000000000000558F000031464442423830352D394630412D343731322D384444342D3244343646454437424134442F636E782E786D6C504B01021400140006080800DB5D265DF6F979257E000000A3000000070000000000000000000000000019900000636E782E786D6C504B010214001400
311
06080800DB5D265D1E7A0675A4000000320100001300000000000000000000000000BC9000005B436F6E74656E745F54797065735D2E786D6C504B01021400140006080800DB5D265D3DEE336E64000000790000001B00000000000000000000000000919100006175746F6465736B2D64657369676E2D7061636B6167652E
311
786D6C504B01021400140006080800DB5D265DBF74E0C1F80000009601000037000000000000000000000000002E92000031464442423830352D394630412D343731322D384444342D3244343646454437424134442F4173736574446174612F636F72652E786D6C504B01021400140006080800DB5D265DC20A34D8F40000
311
008E01000068000000000000000000000000007B93000031464442423830352D394630412D343731322D384444342D3244343646454437424134442F5265736F75726365732F44443435413135342D383234392D343641312D384238342D4146373746374137424530312F7468756D626E61696C2F302F636F72652E786D6C
311
504B01021400140006080800DB5D265DDFBAD1C3F9000000960100006600000000000000000000000000F594000031464442423830352D394630412D343731322D384444342D3244343646454437424134442F5265736F75726365732F44443435413135342D383234392D343641312D384238342D41463737463741374245
311
30312F7468756D626E61696C2F636F72652E786D6C504B01021400140006080800DB5D265DBE3D7E270C010000B10100005C000000000000000000000000007296000031464442423830352D394630412D343731322D384444342D3244343646454437424134442F5265736F75726365732F44443435413135342D38323439
311
2D343641312D384238342D4146373746374137424530312F636F72652E786D6C504B01021400140006080800DB5D265D2B28879CF9000000960100003700000000000000000000000000F897000031464442423830352D394630412D343731322D384444342D3244343646454437424134442F5265736F75726365732F636F
311
72652E786D6C504B01021400140006080800DB5D265DC42FCB84F70000009401000035000000000000000000000000004699000031464442423830352D394630412D343731322D384444342D3244343646454437424134442F536368656D61732F636F72652E786D6C504B01021400140006080800DB5D265DD51FCE630301
311
0000D80100002D00000000000000000000000000909A000031464442423830352D394630412D343731322D384444342D3244343646454437424134442F636F72652E786D6C504B01021400140006080800DB5D265D42306D9908010000B20100000800000000000000000000000000DE9B0000636F72652E786D6C504B0506
311
000000001A001A001D0B00000C9D00000000
310
504B0304140006080800DB5D265D000000000000000000000000370000006662782F34423141334141372D333438392D343237452D394530422D3534353346343735353745302F617474726962757465732E62696E504B0304140006080800DB5D265D000000000000000000000000350000006662782F3442314133414137
310
2D333438392D343237452D394530422D3534353346343735353745302F76657274696365732E62696E504B0304140006080800DB5D265DF270F1330600000004000000360000006662782F34423141334141372D333438392D343237452D394530422D3534353346343735353745302F747269616E676C65732E62696E6366
310
60600000504B0304140006080800DB5D265DB5A795FFE3790000DE790000420000006662782F34423141334141372D333438392D343237452D394530422D3534353346343735353745302F7265736F75726365732F322F305F67656E657269632E706E6701DE79218689504E470D0A1A0A0000000D49484452000001000000
310
010008030000006BAC58540000000467414D410000B18F0BFC6105000000017352474200AECE1CE900000192504C5445818181B3B3B35A5A5A4848486060605C5C5C6464648383835E5E5E6262624E4E4EAFAFAF4A4A4AB5B5B54C4C4CB1B1B1858585B7B7B7585858ADADAD7C7C7C464646787878ABABAB747474A7A7A768
310
6868707070B9B9B96E6E6E6A6A6A8B8B8B666666545454565656A5A5A5505050A1A1A1BBBBBB8F8F8F9F9F9F4242425252527676764040403E3E3E9B9B9B7A7A7A8989897E7E7E9393939797974444448787873C3C3C727272BDBDBD3A3A3A6C6C6CA9A9A9A3A3A32020209D9D9DBFBFBF8D8D8D9595959191912626269999
310
992222222424241E1E1EC1C1C1282828C3C3C32C2C2C2A2A2A2E2E2E303030C5C5C53232321C1C1C363636383838343434C7C7C71A1A1A0E0E0E121212484A484C4E4C1616160A0A0A4A4C4A787A781414147C7E7C9193915E605E464846838583878987B1B3B18587856668665A5C5A626462818381A7A7A5A3A3A1B1B1AF
310
ADAFAD7072705C5E5C9D9D9BABADAB7E817EB7B9B7585A58BBBDBB4C4C4A8D8F8D747674B5B5B3B7B7B59FA19F606260ABABA9A5A5A39B9B99A9A9A78F8F8D6C6C6AC7C7C5451AD12700002000494441547801DCBD89771BD7B5A70B8EE04C702641712605CE034890E220088028C93245451215B713AF388E7DFD9EEDB8DD
310
CE6ABFF4B57D97137BE50FEFEFDBA74049B6AEED74869B7E87404D2814EBB7F76F0F67A8835CEEBFA0E42B854AA5B2BB5B6BCC951A8D52A93657A914FE0BEEE39FFE2FF395B9B9C6CAD2D4C4606F4B7FFF8D1B37EEDCB97587F7CD9B4343BD134BABE7DB48E3FFA7A228ECD6F6574E4786C0FC8B5FFCE2CD5FFCE297BF7CF3
310
CD5FFC92B52FFE58BFF9E69B776E0EF5F79E55CBBBF9FC3F5D3DFFB07F5898ABAF7CDA3B74E74EC0CE20230561BF096E97E05712BFFCC59BC80539DCE83DDD6E54FE61B7747DE17FB8980BBBFB2BBD4337DF487881AAE6C5ACC6AF25207877B2B527BFF1CB3B77FA47561ABBD7F7FA7FE146A5B6BD74E3164C7F51449AE95D
310
B412200EC539418717E7F2F11B376FF62E95FEAF1442BED0581DBCA1BD2780D23F506AFA16E1A7AD974EF17876F00DD7BCB187A1A97AE51FCED5BF2BC1F2BBE5B3C19BE27B43CF26DE00933658FE129B109C2FFF922CC22C4260FA01BEFB462A77DEBC35F42F600C3F5B0795D2E9E02DAD5E650B4438A92801B65C35CBAB7B
310
1EE5041CE69D3B6F1822DFB873EBD6AD3B6FBC71EBC6C86AE967DFC2DFA4CEBFF1BF54F6276EBC114E2F43FEC60B01A0D440A868B2920E5C4BC10D60931ADCB871F3268B21D3851B08E1D6AD9BFD4BF57F7577909FAB86F29B982571136AF01DF5FE32AC3BD9406CAAF2440A54CF176EDD01FBADA1FEFEFE21FE4C9858DFF4
310
183458A9FD2B6708A5A5A137E0EE1D11A9EC0C7C58B2C73C0AD6B479BD76B7790CF899E287FA5B06FB7B07C9195B7851FA8794031EF1FC5F9406BBFB23375420286399B631E93B08022A785C4DBF9996EC3551874094D71B6F487E80F6837E50F483BDBDBD83232323AC420A18C68DA196EDDADF68A77F938F78FD972BABBD
310
B7B87FB164AC6FC2CB760365821ACB74AED44FFAD7E7431ECD7E08AC421F391D199998989A383D9D98E8E56F84A318C58D9BFD2DAB73FF5222C8EFAEF4DE7AF30D756E5108683DA471E70D0502099A7240F19E4089D3FD203E620F1B47BF43501E85031AE44B4B9F2E4D2D9D4D51D8970983FA861B3706FF950CA170DE82F6
310
B312CC4F42C8966295F7D725ED29882415DC055F36DEA1FE96FEC141493F05FAA9A9A5A595B333DED5B3D5A533F62183323032F46EFF13EA0AAFA5FBF7C8976F8C10F7280A014832593B90004D52341980D907EAEB73411EB2F1EBC9F507F92746C40E7AE0AFAE54292BAB2BAB67CAE0746264A277B06508168C94BF772BE9
310
765F7BF0B548FE1E07F3B5A521340A5CB5297C4B12811B89E82191ECF3E41B3259C529F135E23CF4C7F961FB13537F5A02ECCAEA76B5BA5D3D3FDF3F2FEFEFB3AA22053E5008833428DC6C59FA2F770595F311F235D427F379BB8A121BD901B96076A388DC4C3C61C7933CCCD770FF375A6E0CE9F535FE2534BF5ADD3E3FAF
310
D71BF57AA951B6D4CFEBFB8864758A26154430080B06ABFF557610ECC93726224F155D1471041E0D42F82F4891C926C1355B0831649FF365F46FF05300A7A790BD8ADEEB0D4AA9569A9BDBADCCD56AA55AE377F5F3F3EA2A34983A1DE91D810543138D7F28E57FF4E2B5335A3928B76EA1CB9B00BF158C8F63A2E788826896
310
D0B5E7C461949ECE089144F8EBEFC7FB4D8C9C4E9DAD60F7FBE572B416C2F2423ECF8B86C439E450DA970634ACFDA977629098D0B2FAF313A36B3869E37AF7853378CDA1171FBEBA95DF1E44FD5144A420588641B0055A79ED91CC0DC41E27064512FB33F1F04D09D0D2DF0203A646A6CECE80DF28356A348CED8C4F1EF137
310
B9319E1BCD29867CA556AA97F7B757567006A447FD375A26CAAFDED9CFDCFB2BB0BEEE8AA5911BC2C7F85DF88A3775389990AA72219D582409210F85A4E66F2987D875C30848023088FDF77E87F96FD7CBA5B9DCCEF4F4C9FC7C676777577B7B7B67E7ECCCE4E8DEE85E81A6D55AA3BC7FBEB242589CE8ED4770E785D7DDE2
310
3FF2587EBF57F50B9E820527316488E5C32D50F979BCA58207297E2B6D658702FFCD211840FE43FC9F3A5BAD9E97E6F21B9FCF16BBBB3A3A5A175B5B1787875B5B3B86DFEFFC687A72674F19D46A8DFDF3EACA59E405375ACE76FFA922C817CE86A89BDD92F400F2C55B7462F610459837D3A61ACF50C7471C8F2F2A9D38C3
310
DA2F068007F80EFCDBFBE5DCC674B1D83EBCBEB8BCBCBC3ED0D3D333D0B3DE33BCBEB0D8DA35FBF9F8CECE68AE020BCE61C112A4C1138CD47F9AD13F7DC6AB9CF9CFCFAF9D0E01FFE6CD503F5B91C5218E2899CA15098714848B04FCE5654884ABF0E554F11F6C21D73D5D5AADD64B7B9327DDAD8B0B7D7D6D6D07070763BC
310
0F3E38E8EB4310EBEB8BC3DDB347E3E37B5842B97C4E44A0C630427E5CFDFB71E03F471E12CA9FF70E055AE141042DD81234B879EB4606361D9328149037D7D76A571A7E974FA20AD0323832713AB5BA7ABE3B3E3D3FBC30307070B0B9B645D93C3CDC3CDCA41CFC6AAC2D64D0D579B4B1B397A7C1BDBEBD7D36657A3CD4B2
310
F44F4909F2B9CA597F4245C59DEC354316F0587020D0C661742BC02869435FD12CF195C422DB3C5A3E2305C000CE6B7B27ED8B7D63079B5B5B878787C787C7C7C757C76C51B60ED60EDAFA06D67B965B3B672677080BB5329E60E9B477847AE2E9EB53E35779FD37EFCD2D0DDD68AA355B6B0D81860502B8B68C801F5C697E
310
9AD62F4B406244CB975560BAC756AAA577675B07C6D03778C17E7C95CAF1B3ABABE3E3ADADE3CDB1B1B6B681014470343EBA979F8B90383545727C63E43549D14FD0F927E5F1FDEFD7263058FE02EBCD1BDCBCA053496BD58E69BC44F9F854D4D979AE9ADB908824382AC1D4014E9756EAF9CE85B6B54DB01F02F8EA5908E0
310
D9D5F1B3E72188C3C3AB67879B07C8A0A767B8B831FE5E7EB754DEAE5261460243FFF07858D8EF0D658BDC563A2C5EF5833C13C90B69248C4DD97842B61DFA7F210A2F6108A0F96B62E2D3B3F3DD939EA47E30ABF5AB2B903F4BE5F9B36757CF65021E616DAC6F60A1FB647274B4B05B2E5341B082D43278F67D8DFDA48AFF
310
9A13F22B34C7586C9992BA6E66CABC190E313E7C811AA57304B421A75B289B9D174CC868C24548823E230B9A5A2DCD2CAFE1F98E61C015CA7E96B083FC59F3ED06EE60F360B3AD6F79787ED278D0A86FAFE00BA9220EAEFE1D5DE1F7855939C3FCC1332426B377F692406E022C010DB437EF009803F0DCFD3B7C94440571D8
310
F2C328F115F47FD324802070BAB43FBA80EFDB92FCA1F7E7CF9FA875CBB327CF9EB08C4DE4815BC4210E2CB7CF1CEDECEDCED5B757490968286899FAF95583BF46F9393CEE6A86D6F618CAAD9BFF0BE22B042412C5CFB50556815CC5BBE33E9F61ECEC26A9BCB8145FD10590078F9C9E953B513FAE1FE387FAC246E14F9E3C
310
E7F5F8194BD6594140876B6B84C5D6799C61A16434201E5237582AFD75C07EEED9863F463284E2E13425A036BD41061259289B6BDC1ED656FC8B8592C9D00701E27CEA749F0D8EF44EAD8C1F80FFF8F8F9D513191F6803384C800097F24069C407CFAE88136B7DCB3D5D4A60B711F19070D83235F77331FD35E71596688903
310
8E2E0B346EAB7936C4162043E1A1F144093695443A570144898BC4079CEF1912809A3035A1D3F361235F90FFF1E3E0FB93C7E2750719F88E7D8E68123883ADB5B18185AE99F1D11C1238A792DC4BEDE8EC6FF503DF377E0445F68FAF4E08D43082D02170F30131A154206CC559A8D9CFDD762B31273E4947A581E0D9BB71E3
310
3FFA07CD02CE2A6BE1EC80167497F2A81CFA3F7EFE58D0CF5D5D170DE4F89070B0BC4040CC17BEAC6B0586C3D3FF0309BC06F44B04A1E13729929B4DF73C44070692C810B08AC3012E8EE9EAE22067796288C193B2139B970B86F47FAD0F98382B1E035D9C32FD318A4FAFCB274F2E1FA772F94411B0CD42493C23393A685B
310
5FEF3E1ACF554AF5F3552A478383374E6B2FDDFC4F6DFE38F4F4ED7A7FE838F488EA852482F412D3CB07E293D02C9F074F12E84C5AAC423271450572A385449844706475FD38DC3C22486A0639E5F1E38B0CFE93CB4B25910EF309A2224BD8DAD40C682C28341AD69047E8539A6AFC14EC573F7FAD10AE0FE6EB13E87B28E0
310
93B513B5803514DE408809BC12A14876DE0A25F643009E9176D9F0C330164285A7444DC8CAF0E9FE41429EE0A2F6A6DE91C0856C501272404A8468822E24C807030B1D33D40D4AFBDBABB411D093D88C86D7205E05FC57EDD1F805FA4CED5920F0CED39157E007CE21757C5DE440ECBCB46CD283E378029B43FB077B4F47E6
310
0E9F61E8D01BE017D7E843EB49F50A2028F1E442FCC90C9EE308E4C0C2C94EAE30B75FAD3A0EAFA57FE9EF960F14BE15638840EAF3BA490BB6850EDB38EECAFD21A0C746D0C4234DBD035EFC7EDD121FA585FAB73DB89FE6A03CF833AB0730E5E2F1A36CE3F202A128934B44E396961121E1F2C9F32BFCC0C140CFE22C1CA8
310
E109B182919696BFB98120234F61B59F7BF46EC30CF067B21A33B0FB3E402448EE266CCD93135A8E823DB31F85E677434E608F53F8100BC0098EA2FD6BC01770E0F2F2D1E5452A711C4BB8486248FAD756D852026B6DC90A2AA5C6B69E9068B8F27AFABFFEE8AB36F1D23985D5960014FD711940800B560250D2272CC54FF1
310
D3A660B275AC3881E349689C1616E1E9044129D032313509DE4700BC867C71F128C400159407C761022BA8A040F40A244788808C60B3AD67A17576279F6F946923191921B0545FC2F12AC0EFEFBD7262B6935679FC7F80629160ABFAEC88E8430E76D82A8DE62ACE50BD4A42FBF03B387B37FD321B37E31C3F063D99703F51
310
60E6C9E5A300CF32A91E0A085A29C0FC507F6C21012303C6104B82C1F1E156DB3229D1A855A32A8352C9077AF733A0AFE0FB3EF81FDF2F0F82C21B0EB06998866878B103305E31EC17F4FD43831E570A2118D1667632D4FFFFB125782F96168A833DBE78C3F11F8383A79D49F58F1E3DBC780417AE6581381E8610604888E2
310
913E12492881274822C221AD04CB0B1D273B8542837460898C686864FF6F801E8269F40AD0481DFAF5E6E9C1F3BE391C325004DF0746A4E4448F7B52C0D5EAD39EC46896B888C4210D68E99DFA2820DF7FF850EC407EB55C3EBC5028611409BFCB8889C90F1C52355AEF98B18100094C9D0EF6F64FD47E5CBF3FF5293DDFB4
310
B50DDD54F351446FA1F14580DC3902C085F593CB24ACC917B213BBC11B3F0A61042FD8B24F4FB9C4556D0CB9E1A880DE89934CE9607F18F81FDD950DD0E1D143F41D56110E227C250621FF098838042BC85B5B6BCBCBC31DD37B34966E9FFD9936A2FEFEA9EBA4182E5CD3E17AE35501FCE0707E5525A7DBC64DFD077825BE
310
37CE0BBE1BBEC061410C660B6E49912665E2B3749C7C9F93834022F74CDE6CA5EB501D9CBC04B768292C5CCB84478F3CA83074092C6082169015E5800D5839DC6C1B58EFE83ECA513BDE3EFB8EF1242D2D4B3FD55AFE03D42F8492AF8A3F21444FA2FA9ABBF525EAF84C09F0168527B0138A85D1EC0443C467B28BF844EAF7
310
6323BE13D7C11F72FED783837B970FEFDE7D7817E077C17EF7E2A1C2C0FE851FE4C008388C15E818958746129E1009D054B67530D6B3D8DA3D59D82D9D57CF70039FF50FFE0DE94089DB269C3655A4F25B38C49D0BD48E59F1526887C18FC5272197F85CA72862A593A4843CD25F920487DDF7AA0441A2C0600D062001F103
310
FCEEA3D8560CEC3EBACB01CAE5A51E420349F602191E5F901893142381351CE17047E764BE50DEAF9E4D8C38B6ECFFACEB141E54A6865A88A60133EE9CBB4C256930B0B168C1C3AB59FE1743FB422C7166082E934AFA5EFA3E4BCE0B69362FA7041818B7FDECE1DDFB4D022007CA23E521F0700AAEB5888BBBF08023E128B4
310
045381542FA256B0D04E28A0C3804E233A1BFB476A2F48FD135BAF9843BEDA3264EB42BA499601F16B566E72C7EA35908ABCB9176BBED43204C696AFD3D7B24B08D3AFA44BE243D88A6D9D0B6562B52F741E1610C0EFBBAF2B0829289A640EC4C8A4FF66A24430786CEBE1E1E61AF9507BFB496EAEB64F8F49B4129EBDEC06
310
5EC1F8A3F228A3CD0950883B41BEC6D1944AE06147289600A7726313AC69A3F91197F1438BCB743E76F01F6EF1D1C854071670FFFE43FF1EDED702EE5A14C85D0C42DF90B86068800659AC88981855E3E774A71C0CAC2F76754EE7CC87C808D1E1E0F6CF47FD4224731337BE1E39C5010823EE997B1491BBD99FC8D8EF7748
310
2BEB5EB2CF66499A8E0F7511B19B3EFBDACB6507BC78731B1B383D02FFDD7BE8DD9256F7D0BA7B46015941097B80018F700FFA024CC08078F51806100ADBFA163ABA8A3B95B9D2F92AC30BC908ED31FABE0CBEBFFF0279B675868F9AA24E9530B08C174055B7F48E4F58002F3E82F0BDFA003E8B431EB6C4A91E4D9B5FFB79
310
1265BA8827BBE5F1BCFA7F789F72F75EC800F8AE43FFAEC42F13009FB905A9A0132015D0068ED7682AC608BA6771038DEDB3B33082891FAB1ABF5614F93238079726B833958796B845B731FCB86316713C1DC581B1E19B424EE32674093F80776F7E27C6FBFAC85C536CD955B96EDA2A3FBF770FF4BE11845470EB3E42D022
310
000E0FE07D161811020742162444668308801E133A4C163BE68F6826A5523071CA78B2FED51F28F8C70FE4190073A3E5D3259D7A288CD19BDE623F10021BAB0C6E327FD507B2741627727EA00D31856492F9F009D7F152D930704E642795C1C1B336E0DEBB7F0FDCB79318543B25341F36802D64A981A690B94259607DE0B1
310
9D466BF8C1C5E1CEF9A3FC5C639FD6117B4BAEAB453F8EFBDA500A67E8BAF76C8A06566E36EE1184E8329419161F83D843D5DE7D8221163E145F56921C3EE383978072129E290A9B7166E63D26BAB1FCDBF710009E4051842390031845F20077CD079407C575F20364C4910ED2A574BC357630B0BCD8DE39335EB175646A69
310
8458F6A346F003A93002E846FFE0C459B8006E506D79BF902908A0AA05CB5E73530E33BA1D3C2EF99C712B7C8B41DF4D2A7830BE8707485FCFAEEB85A09AB6D39BBF7B4F23E00509C20DB04E240822A4B810E04D8D53D10D504C059ED86BB8697F514777717A8F8144D48A4C89077F7EDB00E2D89DC02A7B975640A282C49A
310
4AA84B70B12BFED8EA6584860DFB7EE23FCB00C6BAF7332FF259FA3C9346508813E372F1DDE425065BB61FDF8300F7EEDDBE8D0C6EDF46F7D8823478590AE23759D60DA6B7A9F125EDE8F4A5D2B37470D0B63C30DCDE3D3D59A8D1501EB1B0A5377517BDD6E301F995E3F955F0F58FAC2E81CE172A8344AC03DC6781939D24
310
84B8FFC15E8F3ACCD3954CE19576B942D0A029188EC7013FE59AE90B71292DE774F1F63D60230180B30A2EDC65291B6211B4081128856001A680015CE000708254891851D4B3BED0FA4D7166B466BFF1D2A924885AD12B387FC0FCE6819AC3AE06A7AA4B715F0927B74D119D4A668FB54B8A8C268D8B038A207D10A7B1E95E
310
42195B695BE0240F7408B311257C23F581E987C180140C584A02B1670CB817CEC0A080F259F1360E58452013200E3EC107AC1DF4FD7B0F6D23F33347F9527D9F51E6138E31AF35F1BDAAEEEBA3D71BB402E2FB47CECEE96B4DB85536772B07C82A34F3E66D0BCEC207FEB9E70643761276F7B50D5EE963CFF80C7AF4A2130F
310
5BF8C4EBFB5F07B709840480DBD8007FB7EF3F90104908BA457D43AA2A6A02C91422285E5AAC143F3313A0CB74D9D164933B86C25587134E8D342B453FC982860D09FD13ABE72055ED020E85D3E312F74C25CB0293D978A1C4001927C80B86FD06349126EC219F0C735C8053D8F5F310817EA01F1B7851F406144C211C6362
310
C27DD51F1E310C0102280ADB891E9B085CC528A2B1369A46BA195B9A2B351862CE43174BA73FB7CBB430A5798F4C54B7333B96C3224A9863AD02B9FBD8E63092191924E77C199D92887DA594B6DCF0112857162FD0949FE6A441F5E62E42FB2105BC405A2301A3424601DC807912CB2C39C604A27908021CDA30C4C8C2019A
310
883B3A8BD393BB3546136EAF561980FB63E9E035FF73B96D09A905ACB2C11D79571C5159026227DDBDB81396EB03F14100BEB66DE1FA9EF82C3ECCBE318119C4269FD014E66361FC8BB0B4EA9A98EF3D8848A01360430284335004C183CC25BCA82D2302EB03B8419241C64DF4F5ADAF77B533BE786334BFCBB8DA72BDBEFF
310
C36103AFB30608A0B39B58D93F0BF42180841DD26BDC22CF0A770E90240006BAC65197D90920131C7B2EB3CFD3C71C6378A305EE8488FC1FF8D391E2BDDB0F6E3F45E7C8207C419800DB410073A3173942CA8D5242642A74496FF115832A6314D9FA4257577BF7FCF8F8E8CEE8DEDE5EBE76DD3CF892BA7FB8B90F629431B5
310
525E92A15A3A4A6FEA3FDD73136172060959206591F4C927196CF645AA285CF3014630121754261C0D31E1A7E3DA2DBDB54B04703BDE3A4209F02045C4BB0F529A14BED07098A2A1CD47513DA64B512F409BC01663090796D787173B5AA141B1B39BB470EEBCF1E30F9D263ACC4D05110797CEF7B923B027F089F74D1D06F0
310
A4D8C0CDA6604023FCA45B76C5CDE0BF3845ECBE13E0C0ED73700A8A753C1AC8AEFFF1B407FC8A20F42F0D94019121DE304077A027D4112283BB8FF0072444D68AAD111D6F591BC0061854BBC048EBBE9E81F6A33A95C21BFD13AF3C7E7DCDFFEB0DE8903F77B41DF178E99C289895B0EA8CD640549D68935BA7C5294E0A1D
310
66DA0CC419BD398E6265789CA1241441AC94532A3C19C95340BEFC68703077EFC1D307B71F3C500859C11494838E902203A2BE90EACC5135B80B078804340C920C2300BCC06F7A1C71B875DC572C9BD1D84BD5FB9363CA6BA7D03E5C40FDFC54FC23C9B4B9DDD028787D89219038523BF64E638BB37CC25335937A00DFD328
310
69C5B390C8C32FF25C8C47A7181B4A599A224A9DADB0E0406FEFF9F183B7448F081E3C55024FB33828784AB61704482CD0160C04174F9E33BA9291D58C2F1F1B1B3B5863B0D9F3E51C35C253D54A23E560E2C0CB3A6F7A81382601C2079CAE96B7B1560D20A341E85A928A4E01083256420576C2ED477E2E565FD9223BCC69
310
1CF394D3D8E281501E0EE5C1C8159E92585D255CF30CC854C75318006EA4A01028EC853F9407C6053910BE105348324002260254886C156260F9189EE0F8C9A3CBAE9D5A992184568A69D5183A7DB97DB089FDC57AEE54F858FE54F577DBA85309640290F2D220952620750C5811FB772A7876D1E4040FBFC6474D51246D8B
310
3FB378283FB514F8AB3C20B8BF7DBE5DE541C9A5D3D38DDB30E00151E02523081BC89C2214103E0BC1B3D0199A08E002681A2613A2616CEDF0F0F9C5DDC75DA395C25C0309C03DEC8091A4AFD3FEB504AAC6633930556DAC86EE3561941E862C4A75DD6B6BB3A0C59BE153DFA73EDFCBC3CE2188D3D378FC976D0EF9A95B7C
310
8532F527CE3CF539581E0FE501291E9139FFB65EFF5DBD8E0C18DE3077170A64E033FD278F18068028802F156C3809FDEB11B1019C208D020C9BA2870457F0F8E1FDC7EDD393E3B9FC9C4308E9315704233F960E554802C14716B0B45DAB5EAB5E25AB7830EBB8D25E6CA94E4AA01794FB1EE164FE9F040FE82C940A4BCEF9
310
13075D087E85A7237D3CF29C47E4E676777779528C4781761F0BFBC1D3A77880E40C9A2E5109180D5255317890394229F0F082010354082D574F1E3FBAB7D6553C2113DACB97BEB5526C7C6F69F9310A94C46CD89FF8F379AD1AA035FD00FF3F320180F01417A6F255A3A8D86319FE0C0B0E06A0DCD33F79841339C01E5BBE
310
1911AFCFF7C1E0A540BFBDBFCF2372352686D863F83F59CB6865F43104007EE06F52406F680341102048A01BB048823082CBCB0B6AC48C313F3E7CFEF8F2D1FDC3D6F6F9F9D9E98D9D7CAE5EADE2A6512FAD7AB526E17F600C85550DDE9ACFE9D97E694513103BC69F8A2813176032C890C1E9C49FC09C61670FF8705B1D73
310
86260E7C8E7122C7F8208A55139E8C8D4763F7EBF5728DF9C34677364E3A3F9AEFDEC9CD95470788834F9FBEC512379890B38C94205B2557987C4186DF5C0837608DF0F9F3CB87B7EF6E920475752A01460E556919B2B64296FB9FB70DD5F47232A0F77465BF140CD001F00ADCA175090E2665A14E6329B62660E02A1CB50C
310
6025E3DA252A670B3F0FFAA5EAD94A509FE7036B159E0D1D9F2E76B7AE1FD5A606198D3A747AF450023CBDFD162278B9446688111009B4029B0F2180AE20A542D40610C073B47FEFE1416B2B12200F3C991C2F54EC2491027A816B0A34A9D05C6F437AC23462385DADD75642EDDA738AF1600DBE07EE8437804D2D011A94DF
310
71C2085EDD40266A407FFA1D1C00B0C03927E60338E3B9D8C47D1F8CAED578E06F7CFAA4BB63B175FA7C301B747CB377F45192003CB8FD34B12009224543D8604494011A80C1903CE0518C986208E1C5FDDB8FDA161686873BBABABAE74FA637BEA894A44078C19696F326E057D7F95D061A6B0394A9D5F2DCAAFE4C2388D8
310
A6E9AB7695CB0BDD0A332430F1A9333DA41D1FFB97FA09AE84E738C75C407C260408F8DBD5EDED7DE1570A7BE333C54F16963B46AB0C2B71208EA3D16EF4EEDCD7005241166C005A73C03164792151205C007288AE337B4D7103741BDE7B7AC913350B348B2D767515674EC6F72A0402BBCB41C81305AFCF05F2758D3ECAC8
310
D26AB97606DB9581A4B7A8FFB068CD5C0604E6849046B70C2B60FF0CDDF93C13822B4E82FA0479A68220E66D9FD775FB3C1A9CDBDB9829B6AF2F77EC9E0678FB20ED8D1B1A1A39D10F9812E20D6281F5673121AACAA9C53424000DAC173F7E18C3052EEE3E78E7F1160F5AAEAFB70E0F7775CFCE4EF384DDEEBEB9C0889D52
310
43BDF557559FEDE5F17AB21E118C4C31A3DF6A96B56AC62180293910ECD6B721047664BCFCC6B2DD3C65CA0F0C823DFEF84083C7ECCDF05898EEF158F4FEF97EB9C123F1B9D1D1A3D9F9AEC5F5CEDA84A3C96C14A55584D62893D6A54D8D2028D05C8B1F124884543F3223B29D208B04910D3FC43F5C52196AEB5B5F5E58E8
310
E82610F08C21BD443801233C0CE8BD1E40F84A1CA86001990048031ABBAB11EF83F9283EA89F181F2A0D9A9F62D94B7F625FD727E6A93F63F200F614F7CF100D4511C07DB45FC5F0CB4CA359ABE4774631FDAE85E599EA0878A3C33D5AD6430CF4C055EE5FDB80629000D7855DED3F436F3B61B3DC7FFACEFD2B1BC6FB0696
310
312CFA477CE87A87070C7998E04FBA78AE3F915A065E819FCF35B410321D9ABB308146A11AD5196CDDD7C477A171C8AFC74B45CBC6F641AB53C8D4ADA5870C02379BC0470CF83DB55F073E29CF5CE5F7A3F8FD62EB7AEB1774C2C6780B9523F9287193FD23DDB79FBEA513B45200E2E0C1B51350163AC19043C600F2C1DBF7
310
DEBA7BB9B5457BC0D840CF325EB0BBABBB786D301437000020004944415472B491ABCCEDAFC0591201CAC8EBFACBF367FE7B6E40E69F551BBBE7123E3C00AC560CE20C62436E8C3C54CC225EE08C0D74CE26148877689EDD004FB2BFBFFFBB984035373A7954EC5EE8591FE531348654514DB1D1C56411DFA2A7C212BE5ED9
310
1278F2851A432244C6822C29C85A8B320ADCBDFDD63BF71FD32648E7D098CD018BC35D7FE89E250EF2AC75F96C15271602687965C844B8807C6E7729D93F22E81D39ABD62A0820C1FE9F11CFA7208125D33E96FD69E83AF6052DD32D49FF0802CD9F9DFD39260389A950887A647CCC99BAB17132DFB5DED35138FB3A060F62
310
95AA5E195BF0BB56495A5A4A8FA440026E46A047D40ED2520A441C302D240F201FB8F7E0EDDB0E12A04D8816215A0579E8FE1B1281E9F19C9900DE79842E2A7CCD48E9876EB01C75DBA0E0C8D44AB5512947A00BE7CF5DE9E1A6A6BE43CF1A78783DFD5A404E4477336C1ED8B18908B2A847B2AFE9839E891137A6673BBB96
310
FBBA2A4B8E9373B001F08369BA11BE8ABC4302FD2345FD6014A127068427D007BE28B41D9B0D40FFB7EE531FA673C8870A69135B1CEEE8D009C08042A5B4EDA314920B635BF941E7487E45256439DFE9D276295F87E698389CD49FB394FE19720412DEDDC40E9CE9C6DD605E0B719FADC416CB15AB3A61F9B5B9B9426E54F8
310
1D8B03DD950946D432B40CEDAB7BB5AF11213CBA73C9BCCCDAFBCF06127C7980FE6D1DC9B4DF14832D6568FEAEEBA76FBF438300B541064ED33F3AC0B0D10505306FD370AED02859234402F6C3FED006766DDED2034D90D119057225EEE3DAF787EBF30EC51ACB4F551678BD6728E1944730C095F13E4D81A4DFFBF67C5BEE
310
37E62A85FCCEC6CC6C7BC77A5B477E22223ECA4FCC0F87E2A5E3EB782BDB25B8CFC6736A044DE5A7CDA604526361D650484FE283B77EFBD65D52C1C73C4F48E7D0D81ACF572F2E2280F98FB230508FA906B42DE240ED651B301CEC83DE1790C9FD96B6CBF986BECF3BD332C18EF627A0B6EECD5B152E02088D03D828AFFAD2
310
6B05BF671B4F9A09A8CE0CD2707F67F2A4B3BB75B9ADA331C1305BBAC182FB4A79820B7EEAF73199B8404C0B81231CDCBB871B80FC41FF5860E8E108222A1A076C29E6E03B6F3FBD4F1F295DC457573C7ADED636D6B7B8C88413DDF3B327E1046AA51040B40CB50C7E3F1D2E44DAD34CFA604029BFFBE714DF0C069908027E
310
B275F1F366C132E1A7450B04011CF82B2B647CE754F650FF6E25BF37AAF65B7BDA16CAA791F1D09F6CAB989EC5AB7809BE145FA459E8D3E4B0FB47DAEF093B946FED585B80FE1A0305FD5330FEDB4FDF79FBF6BDE81D8300CF6815E5F9896552412A03F31FCDCC7CB5E32365550CD9365FDCCEC8752E943161D78047336F8A
310
F6539840A1F2E764FDA2970999F205CD2BD1F5CF496571F76EAEFA0E1CF8FD2A55FD06391F9EEF8B9DC9994E72BEBEE1FC928E2F223EBA0FBFBFB4F2DF137BC894B8087643D64ADE6EDED67F7680FAC9060239E845FC94AE93D880F994FBF71FBCF5F66F9F32C292EA900F9C1E6F1105E81C5B5F58A067A448143842008D72
310
75EA3BBA3D2516FDF02FF79260020D6B3C714711F3CFB61BFF56A826E627E82256F7400FB387FEF23C1C1E77FD6A21EBB1B2B35F2F95E7760BE1FA3ABB3A981423477517EEE36FF96F122B942F6FB64D9502BD1B9089162532A2FEFED255028FE653C9F46FA321E0B588B7DE79FBED07C44106CC85133CA65190543004D01D
310
02D8181DDDA5A9C91A7110805B7875B689FC3902200FB192E7DFD936B37B57D9C338BD49E99E181F4E5FCAB2ABC1CA7AAB382CBC7D515457CFABE6FBC63D525E5CDF74B16378B9AD6774A58531912D232DF01BAA913DFB7D3AAFF912984302B84D0500077800D26C60A4742101DE420C610C2E92FA93056022EFBCFD5BB6B3
310
8651470CD33BD87630C05831BA864C85997B8754B05167F0706499DC442FCD22592AEC2ABF3FF13F950039BF159FA9B36ABDB2778EFF83F70972B83BFD3F4899E64DD8346AA495CB155A7499F2CE39B0AAE755125EB84FD8CF8D8E4F4E9FB4B72E8F1DBCCB98B31BC4607C2CFF21C8145FB48EA0F2159F86A3098415609554
310
DEFA7B27EF1301033DD06D274BAF6821D220DEF96FA4CBB60B3CA241C021D38E1AA76B4406B4767576166766A6C7F77273F5F395291BBA19F64F2E3095C14F3E60371827741CB27E89543857D6D96BF9A47C6A9A26057840332EB843717AAD171880217B71FCCC0355AED3D4819911F79D0EA8AD6DA31A83E36C5DC2D47029
310
5C011302387069158F6C9966022367ECF1D00BA9BB95C389AE7B6105A1FB640689033A7FCCFFEDB762189103A61C3A4FEFE0D6A6B5A19EC5755A443AE78BC5E9235B047890A65919A0D2F96AA3C01CEE913BB3ED239C3E0CD8DDAB99E4348BF3F8B977B6C43DEBEFBD7721A839A63B94C06A10DB87FCBFA3C2932F8C26F88B
310
6D6BB30C3C4E09AFE40FAB52EFAA1EC0316920E031A46D65A0FFE45A673432E907FBCF86717AC04F2CD0EF512D665FF53F05BFCDC43489F150890C60A8E0314E70A06F619D30D841189CA15D3417F3CD50191AE4396543F0C42BCFD696C58DF163F5B46D708BD5FDDA5E5E5FDF9401BC4F7E00E8A17520833D1CBFF495B5D1
310
CE037C664123EEE74737268B5D1D3DBFDA6AAD8C08DF2C0BC7A737E10AAB2A7B958990CEBF556CDBEE823CB09FB344143463C630CFFF585D330CF0320E921744A7918280FEEF981161008E9FBC78C830217A07B7D6985E83F9A79884ABB5AB383B4D7D788F9FB3D867A2112A43F19042B33A108690CF6F472F8661CFAC9714
310
78757F6E6F2F7AEB82FEA85E5715941778B278281F28C268AB24BDB470EF3303E09C359E9DF1CF990D8A096106E6A66C8620DDE7D281DF0B2831F20439A30D68386CE13E002F7EDA8D7806162B205D6A19AA1FABFD6B1B400EC2BFFDD66FDF7E8755B4883C043F43046C1326136680404F1F934EBDDFDD39CB58A98DF1BD78
310
80E0532E671FA1435E9D6EA5E9071000BE8F262E7C4044FD95D5FD526EB40A05A634775F32205C3D779FDC168CD5E56BF982508BF572BDA4F6F57D3304BE9EB18149461B12F760D7485891CA47CFC44909136FBF4931716A2E100123FC6CCAA6A644F25EDF4AC980B14039009BECE8B798BF69A05DC5B6885CD23F8E13A46F
310
F0C0A986D617F001C52241801E87C2974C31411DA3A5D7B6175472763D637D3E57C33B908F867F4A59CFCA7923375E5F027A983E18BD7BD4E6FDDBB2250C1529F4202EFAAF979DFFB1F2612E87EBEFEC58581EDB9AA95AD1D7C1905F7305BF8182D5BBB524D47C4E3B81CD843220DE1E6536497C0962C225F75A2D6A998303
310
B23FC501F0B3F736EE1FF01200FC8C99F5515207C9C40081DF304C0A17D06E26CCBC5B3C47459308178301FA8057C2C0AE9D99B05F038828B08400F2E3251254DD7EB8BC4853B101F99AB48E387457C96951E5DB670648BAB70A7B04FE93EEC5F5B183F9739C98952C6845C380D401B8FC86E70A20744EC720E09D35955D96
310
A9041720196D183AC2CFE6AEA816652D0234883D788BEC8F5DF2615261DB031C2381092401B48D8D2D870FECEA9C3D99DDB036C8A051058030E32190976718C89F031DFBFF2EEA3D88606A8A19BD0AE305BDFD12BA4FF46F1A0002B07137989C748936E9DB2C91F43B07E4E4D16C3779CF5A4FFE8CC981F07C29E34B7C012A
310
F0054FAEA4A6A3D49D3A16D2B3CF220A029003366663053C89B3FB1827080DEC2780076FBFFD8E39810CB0593CC68B5D9009F2D400418028B0BC6CC74067E7C9CC0C2690FBB084AA5254A12AF63543B35EB40D17B693F7E3464D5094C00AA9E04E0E0524F5C35C5EC6BA94B21AAF2440725E2A9FF94FE7A8F0E769EB83FDEB
310
039B631B18BF396F5C13CF89ACC02C387DA56DC3B1CD84B96CFAAA37B55FE723B611062258257D331F186AC93D8AD600B4FEF4AD777E4BF68F2168FF08C081A37AC13446C859964803961928476D78F68419390D830C1935B5C2A0A22A3AB17D3D6428BF12DC373B8D464E04C0A496BB3B3B75639DCC2500E0F0B15FB6F47B
310
5A7ED0183A87CAE8D535F2EDBD4B3B7FC762DFE65A07C30B2851DB890082ADC07131EEEFA3DB7DD5CD32C0860CA83CD4B7993A175F422A8149B1C1D94C1145059D9C78A8A572A90B7C8B1E3392FF77A80C50220880FF3669004E90F101740D2B808181455A044904674E7482CC3EC85C4BCE339404C0B0BF6A5611E4F9B815
310
7BAB6DE327EC9BFBA1B4557ECB609C1F45326499EFB90EE78F18227F09E563C9E63D847EDB3B68EB9C39E95AC4F7ADCF7D87F6752BB6912040281E4A0D8A8314E80D60470999B8A51FB1488A66A9F3F81FFA61C83F4FA6969E472288FADFD61B005E0EA4284822E018911828E868614DA0C36E11F3A051070BF2F0840E35F2
310
00E2C0C80A776CC9E7E6841C0503D0EDF15ED9AFE527E798D23BEE5F0604E58DFB7099D739BF0BA5D332EF29F1535995BDBD0DE681C4F71DFE6A7AC5A13554AE6910963E9ABC9A0DB5B202225545F5CFACC942B5B93C207352B6E5310BF349AF200175D7DFDF78F6D683B7C87E087FA9B35812C4F8F13452CED610A2207541
310
E6D659A739441F3833CD0C9C3C3DC2B0712F62333C4FA9327C9CA1124904B4FDE0FE21C119776CB0C212AAFBA5CAF80EB43772ADFE77CD9FA8A4144C54C2FB2304C65F62FC3678E4F6C68F30FEE1BE8383CE7DB86F58B1AE0C51F0F055E188D02F00911DDB0991832228B3172B3E623E513FF1734FF414A611A603163F401B
310
EA790FC9FF7FC3FD3DB02DC00184145B850D01D120424DC03C00FCEB7880EEEE939399F1F18DBD4AA54C939899304D913CC2D5CFBC55E50C7FBE4C0E14AEEF53D6843DFF56BE2D554637EA047D3C210E2C61077875FB5B40E19F43AB7470CAFE1C0D3ED3B3B4778D1DF6D4F837C08747180FE8394F2CA1E0A46B6DA62CE2B2
310
DABEDE0B1924098580FC16B369730E9E90541D3730D47FDE16EE1FFAD3419CDA05ED1F2715C607F2E81893AFC5936303F40EB776F1D808BDE393A3FA401E1C706E154C892860AD74A2949C409E28A8FB3349C764D13E4D1D3468952B7B1B35001BF41142CAD58D6011C8B78961EACAB66E9AFBC627673B61FFDA4167950A27
310
4145BF11EA17BA9AA60815C2C43AE1F648E3772E53C94E6364AF826019E723069A8AA353A3BF7FB5359281700061FF64C28C10B9AF0B70B0B0D30A31CD1CFD22F68C76DA1E44558869257892363C091D313EFA46B57C3BEB252E9C6BF5B4799EC58F1910F469E25AA17B343799DB3E33CF410061F96C6D63FA91B1000CEBB7
310
D2971BDD39A2A76361E000F5DBC1688D47CB812DD60F8001AF25B328D173A9E4BAC18CE9F1F628704330741B2649B92E9714447C68559C6CD2F681919367E4811100750058809D0230C087A89FF3C80C23C4C60882E481F48D531764BABD5CCECA308DE2F63D3BB50373D630796126803C2D1FBAC148F7592881B395ED7D26
310
B7DD38D7096AF98841CB37592561D9C6565317AFBE9FC4AF7371E060736C7635E0CBA1809FC80F544DBAA1F2F9393D970D44C0615A0C6930E758B9E63AE690F73045F0C8C0731DE9CD80F718E94652383458799E02C06D328010011C7090D8C5E5336A83D4059953877EA1E1D66FBE994F04608C4C991917230FB61F9AEE18
310
3A40AB9108D032449FD1A7283DD25ED15360EF7EA9303EDDC0043403531EDEAB10DFF87F5E2FD56DF0F1B701A9F614DB17FA0E0EDF6FD0B1622A81FA3D1DE5A33F551930335C353A87F9AB05C60455193448246944A232C5D07636D864CDD7A50D0B4440CDCC465D1C418321F50E1648D500294065D869559EF3C40C8FCC6C
310
323E989AD0F0C73142480B200842802C061008B480A9954AF282052B3AF67350FD0DD30D1F4075AC303A5D490250F5400ACF479656861E4C77AFF327F3EBECA4B57B6B6C8FF62602BF150744656A87DABD7BC6BED50527B2120C001A0B3718C74F0C65CD34F275164D7968148DDF259AB8AD6CA81CDA4E8819509B996A7F64
310
2D987A401A2B04018C01E6C169A8700F9DE3B489DB2BC49C9B7B858A4F50D22AE15428FCA4A1EDB20C83492690CFE361CC7F8C8066FFD0D77AEE797977F468A36E0B0DFC87F90EE6348BC748F7CB73B5B9DD5C6EE7AB19ADBF6DF359F1DC2A0F9E44F213F8041F64274C0859A2AB7C37440FEDDD2F95BE44065F22067E3EA0
310
CC3BD8C0D8194EAB291CCEE20B9CD8E02950AD806080047A279F19024C837C848816719AC4A34DF8F0706CED904E8185753A458A27E4C1E37B5F30A104932BE140E0BF4E400160F320B054A8705042FFC47B4940810173F9C9E97240C7FCC3F3813EA239B745DE9F1B1F3FC2F9330374DBD1A7B475923F9A2ED81716D18D1B
310
577DAAB9D1A0458655AD3CA7E211867AE7C702DCACCD291E0F798013DC01BC326087775C0833E04EA3778FBCB8DA4687A0255CA0AD210C15661E4E92001A4449031D1DD27D327334BE830B64DAD90CBF537A45FBD4E94A7A88888E715B7E74FCD040E818BDC1BF5AC609CCCC015DED23877080FCDC47BD8EF3A7B783A17D33
310
F3ADEB6D6BC7AD75EA7C7852C5B6FDADA6AFEFC2D181C03F8C40DD8A4AB5024F0B72E34B57BC1182472DC80946789AFB711DB7F1193C03C893B0345F420246114D3EA71D04FBA731C0DAB0D3CD311B218F0D5A15ECC105D02F3AC32F13600084731A83220040019B03180634B5923D438300B05BAC80881F061095FED5D572
310
A3323ABD83F1D37A2301A8C930AB3F66ADF7CBEFED30BAAD7D78A06DEB6A87F15491F5AB7E25842B6B34BEFC12C8A159F187C64B3CBD2356DE5FBAB98BBE9583F0E3280C0076DA15BF34C15238145742B07080B1EFB83382F9FEF2239D003541041083C5AF9EF3C8944DC2030BC3ADEDDD9D27475800693049E05413BFB3FE
310
B4308731512F13400D06F813368A0101D8D863EB3E75FCCADED124F532AD3F123F131AB46A93DF1ECE7F96CE9EB6C365C6D6A07EEC461FC919FE288AF7AE1A7D012D291EB073735FF26BBB1C99FB706E972192819B7A34BF22424BEA1CC7958AC2E04BFC8E02DB90A4A1DD04811ACDBC181037864672C78F6C0EC3073A40CC
310
49D5E813593B7002763BC6A909D31AC86F3F6E335C9E1C309BC58F16418642E2AF6B290A34FEDC0CFEE08FCA0F56700699CB73B9C99302AA17BD516D7F1FD755A2B32B3FBE7134D3BEC813195BD355020A7DBB541539CD2C06E45F46FC0EE08293E6C0E1972176D9B678340AA1A4823404EF79B1E2347E47C35D0A2260730E
310
0B513025DC0BD1C07E3366E9B9D17F767405FB531070700035618606F0B40C73C974CFD321B0C174A80C0F3AA54945FFEF348F5488895713E89B5C98DA501E06D8D24FF04FF0CD7ECD7BAA755A854EC6A180AD13BE094E8D5D63BFD6DFA5F5D3E4DB1BA18FD8473DC6E17FFC9832B71A2A94D96E808BB53F9192955D62C82E
310
282B05168AA0927D54AB20A20A74800B7CC9655C8B15F62377CA4C91641F9F4D0478F4FEFDCE273A002CC0A725EC165CE3A149F0333E8E9600B2C05A7D15FD831F0938DBE5D0FF13E3C0F0765965A0961C3FA86DEEB0E28304747BFBA5FCDEE44C23544F7BB7BF7A132DDE34F99E44EC3FEEAE92F667A10F7E90B0E8C6442D
310
F5A5318B0F816311DB2E6DC6F172C363FC800EE09186BB9EC82A24C0117700CD884AA42023B81EA6E0CF8B3056411110D78606EBC5AD5417B45BCC8E61EA01C4006AC233933E35D860BC1B6CB9C9CCCE7840D2E0C1C1FFC11CCE54D59300F2B47D66A10F09D8E24B71B9BDDF98FB62A3B897C53EC88D16D1FFE8C649B17BB8
310
E760EB20B784F52F992544753F2CBF642CD3C9C70D8722C197142C567E74FB431EE248A8F3FC00377F5142144A82FFC28AC2970A780C85A7EE9146FA4B2981F3C93BCB0F3FBCB6DD3DE69C72B6073B99140DE28B8E919D9D9E7C2F5FA99FC1FFD07E9AC0965CDAEA0A945FADE52C791EA989E8E7A21A355FB37E44405D171B
310
98A6E946DB26AE71DBD01FEF07FD378F5B4B518724481820890E7486E3FCE61A60E096D577701890EE07CA5D7F2B086040749FCEF3F81972E510A86359C9BB579883035887542090614E5C4461705D7CA1CF84DB564838606CF1597E8119790D021080C935A908324EDE9F60A04B7830A33F0670CB08605B8D01BF9A3D4356
310
93FAB4FD84EF6754930640C1F9D74B052A7ABBA9F502B39DA3BF6BC7514EA4BEC71D752BFDC198EDA8DFE8F32B3EF811E4576B0A2074B99B070A069F60173E7427BDF285024E35A4418B7A412914F2800F1965C4F1120A2D5D2C64400563D5942044807BE7C738EBF3034C4A6F4D70C04ED1F97673C039FABC4CFF18866E08
310
200BB66BDC9CCDCC3FFD1E43BEFC52C317F0F5E64900FBFCDA4DEE68768FFF46350E0EDADB7B34DBBEDE3776BC55599AF84E312229F931E700D04478D66A0D88D09B2276141AF0F8811C5F8067DC04C0F90929F7F1AC9CCD368488AFB965C97B855A3E2E93AE5B4866502E55991B82D4388614F2C36B8484A5FA06E3EFFA98
310
4A6AF17D5C2073299D9F12FD63826F67FC460E54030981684E9FBFC22009A3006962285FDF4FC84B699FB5BEF3736C6072F6844C15EDF25883037DE6BB7AFAD6AE164B367812FA8CFCA6FA25725D99AEC5C6EDEEC64ADDA2BE0056002032E1D7A20A54CF444E360D520A5B69816C0A953CE0434A8A898BF18E2B704588C01B
310
DB2133342F5404FEE698957C200EF54E31BE6DF4E888C9C67F5F3F1B41F922777E7FA6332677C20098C59F762F5DFE4A23F9801A3BB6F8A4F66E0D40EC867E92DEFCE84C714FC7CE8DD3DD3BDBF9C781B1C3B549FAD2C89D711808CAB100E09700BB85240374A7209212F320CA577222A7020E7824500179FC7096C714884B
310
DFD9499E027ABEB3CB0226CD293CAE6E0C41A6788F396606A073E28CBE5CC67D584D36CA39D37974FE1023253E3FFB007A26F657FFC901D851130DDC2BF54884F20D5D40A0B7E5C7BCC7CC87B84F2ED820192CCE1AABA1FF24ADBE1D03635B5B3B53D4A5F84120125FADC36A0E792D3AD7E255792CD5241A4C84171F110409
310
0017DA493D0A7790A7BDE6DF326180398E4B0DEADA5C2763825E43E05C388E184678C88CE6422606C017F030366981353DF03A753DBF6370879F79889DD0BF75408724DB53C5B0063AB6568D02DC47AE4627B58D7E367A6000267E7840C23A0940B992DB98ED1C4731B4FB4DCFB6D3EAFB6CAC7646F0335C5031888CD74E21
310
03380260AD47176D703960230370FBBF28813524C17FFFBD6288BB28E4F905ADB4A788B40B4A6201C1878BED224DE9906C4C79EF32EE679B9F5D3B5DFA137327320643909A823F62106CB8F9BFE4BFEAFF0FC7A6393EC7F64A698EFF8ACE31BA05ECE6DAB6DF124118D1D13F892F3D3530602E3F3ED3D59DFB821ECFA3D9AE
310
85B1ADAB9E328DE738BF55D5DFD039445AE76D0194180F57B15BEE5F09C07F952F9A10372BC894CF7DA12CF6507E2A8916E0DF430C519485C55D61EFE209912D8C32866214E121611E22A0B1238DB18E86636A3BFAFD5B4EE02FF1E505F902BDF424D0516907BFC95EF3A76B6B3872769D67E25B548F0DA46E2B93DFDFD5F2
310
B9E9EEE1EE1DCC7FBE6380DFBF38A165CAC73DF912AD76A4690D2B766A3EB4AFA2D05BE543EA20B095FB17AE3F1928D84482049B659E671A4763CFA567C08824913D37F2F92F841FC244085C1681225C04AD6DE1684831682CE0D6096B56101C0D4FB3A1BD3F11FC1105AECF5660BD3FEEDF162B0D9DEC6DB55AF27FC98050
310
BDDEDFF63ED14B01336053A19DE9AEF5F5D9E9D9F9E19ECDADCD497BCC57681922F327EB41FF681E17C1921B04FBAE371AC69E53F98183E91B84897A5DB164158BD1D12FF6F6BEF0E02847727BF2628F9FD48B6FB11DF6928C868B29590A0606F92140D0C08850DAA7DD8A5FE8A50389F61288AEB743E9C801BB67DBE0A7F6
310
4F63BC87770FDF57AA73FE1F5A84F8DD3AADDFC32087FBC0A7D645C327B97D65E7A8BBA76DFD9BCEE1B1CDE3F5F7CE4E6DF4013ECD7CB60BD1239E8A4E9A5722AD9C4FAC8F7FF17B214AF8801950430639A08E3ABD05A0D94E253BD5951C885B0CE750309070555FF21F2EF83FF53F4E15038B8D8A244740A5C9CBC120043D
310
A0B323FB1DA0A4EDA268C05A304619505000BE10415DE898809DB6B66896E60AE347ED3D6DC707CB7D5B5BC374A158EDC343D0EA61C217D4878CBBDC1D85686782C3CF4272E7DCFB5E9EF628F5A95AC1AC0C6848F5771329EF8DF2BB79EFEDEC8DBEC72EB7F245287FD4B31008AB38EA4D52F2BF57167159E3004CD8950E21
310
7DDD6F699FC763E9D1A0AECC701F7BD4430A3E030374066938F883C01DE40E7DAFD609345E33570F4CE6BE467FBD7F793B5AF2A9D331D86DBA7BF98067918F9FCDD609A0384B523F4413B574B818C6889FAEFC5E7B8F90CEFD62BC2C85B2478D54DD076635BE434FCADE68B3ECF1C8708E27863DBEC352D87BCC7A92A8E135
310
700CDE65BC114026DE5DB68275E656D2C0D4087293D43BB4C9C14EA83C0D806783B40DD7CD4F19EE9F33801F55A3F1FD600017A6CD5DE607783D5F74E34680E7DAB98D99F6E5B5ABC7F7DF19D8278322F6A97FDB2FADE1539BD945DDF868EE2B8B70D9EDAA45D1BB0A5801198CF1DA891540474745BF0317F8A3703E02510A
310
E94B084221F887FE950272D62D4232781054A87C58D015CD45EBF9B70E60820A2056E9D4D619E8494BBFA68B61EBDD8CF52CCBA124BACD4A4077E8420A7F36FCDAF661E577B792A7E1B7E337C7CF1FDEBB3B49F501F3C7366C1730E793F51FA20A9C3D2E9F18E63DC277449054CEADA36DA0807467D45F8A744E1BDED725A0
310
33868703F1392BBE221158220588F30574A0B0893D0515B0B7C404AD0E7F40C11D504C49BD7DA39A85A19CD7357DFC966E5D92272FF06D59CA5A6A1C8AE30E52F1247C1F1D78F81887F9F3E387075B170F9F5EEE4A7F5BFC69DF02FD8795FCFFAB472E7C88D563DA514861B85BD41594A75F5E866BE69471110A9F75C8609C
310
7E6BF6C7C727431EE3E9E3773D2378C25226E82C08104A57ED273FE0921D6990E02B006BD038263BA360355E8DC446A380F0BA35FA9945A80CF60DFD54054202F91897C241C147D59F8E0FC67CD0F2BF377A3463F8BBBABCFBD6833C57E214AC3F5AE9C2FDE88852968F20337972C7E04EE5658223008AE82D93BC37D8DDD9
310
00BD6B16EF221F0D4149045D740A8A215D4FC186C658E01994B8CCD317465828704BB630DA2243B3B4ADD3EA554A97408454148C04A1A0CAAC2E04033C04073851F54380E0BF2DFFA43FAD3D6B574F2E1E5EF6E5F4FEFBD1CA87C161FCBCF5C7AAE2F726F814027BAE10F79BC3D765D61D1803952210A9AA07F8C6BB2105B6
310
1145B324F96014EF223D4A9261080239F03FF6F4DD4975C183B887E081F7A467A25EAA0C94028FEB808637768B07400A8235D4EF33143253198900E079E3FACB0C59B00F827A5785A6FFE2FCF0C0E6F1714F11CDE5140D931D707950631F3DE877F300002000494441540ADFB08704E252AADE1BD4E8DF55796A32B9B6F177
310
37C67702E5C638682737286CB0E0A89B624D5BF28222432848C9AB8C07170C97B814FF492A61072407D638006F7C8400860444C01B1930A522788045633DFA9507267A3A42BA05925BAD705CDD3792FA23C1075C6EE768A673919EB6C3FCFE7629B7310AA794CC9C0D14A1FB88F95C845BF22543F57996E0B26C9E4C2ADF18
310
7F979F8A55F11B47BC26594C52588518D25E6C2B1CCED231EA1B748F093E5726A21A54C91EF95789041030C20FD5AD68613432E19A4D0DA2505B6BD843516E10BB00AF9AC315EE9FDB39CC1F9EA59CD88F9CD071D470C86C4647FDEDDBB1CDAB81DA94034747A779F4CED497CFF817348F69F52E55490840E48840BA72DB71
310
F3E84F6DA2F4717AA928F153DA6E4C7E8E00363CEC9A2E1C8E65F298FC4A52F087FCDEE5CBA38A80CBE11FF7BC2AFF249203FFAB77A128A001B1987BD334AD9B901890A8C2005B6B248196AD09C0025ED841325B31845032E327C531C839E66DBAB39566B631C2FF0A1DA5A3CC47E665AD8751B47CFE33899DF047C9F3C365
310
E3B11278D49DF939298E09002F6430F9958803309827A7C791048CA070061B7E9A64C557D235F83EE24822E5EAB805F9862F20FC58F483DC0EF02181F572930205107E00E523861895A2811309808F2B6C14B2AA579E893753C155D2F54302007E9FF36AC5FEDBCAD47E182D91A73920CFA5C18E01F8FFF4C3F1FF553BCAD0
310
E58DEF85DD63B91BE38ECE1A9FFC4AD4A1FBA30D462C328C5A0340DFD393D3D3D3C0659195C96990F391EFF4175213BC74C020922D4830FE215E76940962BC0713A3B82784C0CB6623DC40D6E1485BAD454F6892200B225096127FBD82D2B12006BAE2E329C771E25FEBC0DAB3B5395289D56D7A8A89081B34EE06F80F819E
310
FE75C67DEEE95D227E283FE98A7B9F1C97D2D05B4D07A469153C3DA3048EA68FA667A6D90E291C7D7E2D063E4D044964D055F2DBF3E31BB851AE9F78A0A7314F0AD24901F581D74A6929142039C65AF5830D1C809536CDC05E4BA51038F79D713DA930CF18BA3010E385351CF47F74D439BCBC793556A1F99814926AF12835
310
E251C59BEA3C083EC2B2760FEBDF4304C9EB87B35769E1EB24B648542CFA4EBA9EF93CD42F03C08F249A2C98897D8E2225E90077823F4A52171A61219998CED6FA050992B6B0A74A2220ED12123004FB977084208F8E2AFC80F456CB110BCA647A3A0F854085D84FE0052BE31FFE7F925610BAFEC06FC33F9931BF063F39DB
310
3D1BB20EE357F594045F4226131578582CB055A59A073AE0413989D215019B6EB8A21CF154D71164E0D8F4E730C2CD382D098DA5261456A425643686BC8301710F2C50665881399156AA2B4C3191BC555728384800CE10040F746A3D8A80A5F0E500A93456FEC52833BBB45203DACCA37FE1D3EE4B9BF0EC27ED47D89B8266
310
F11EA2DB8B5A8BB93EAEDF0C06B7AD0402B9EAC6E787365535AF19F15158308A9D9785C1BC1C01377F8C6B4D07B50DAD25649764A91DC9812C7B34CA98184084F7C01055466B48058CD44085AF26648520C85C41C67805462D8425680425559F4440F3ABBE1F3F81B1EC72708767DDC8FFB6465796C8FE310FEABE0C9B242A
310
74137EC3E0427091967023299BE5D6D4D0C6D15747DC2AEA4ECC57C72856E827D33CBD319D70FF854369EB841282F84B7CA4881447ACFCB257E252E00FBB3272120A75B99119840858486615636E0E0334031AAA8C08A62E080053A0AAA4158431EC727A084021D41CF5D630C94184F6FE7432E8F5F9A4FCDF3EA7CF136FC2
310
988093F98ED622E38E4976E1BF0CF49D2889E6DF3566719FE1F9B47A2D3BF89C69155DCF24F88C609EE551160F0415900B4C48FB013D8900A9192A700748002924771A3686A0A580FE4009E00ACC090253E280B90AC15048E047020483A038A60ED232831F2CC90498648690D960C48E439F18F4DDBEB0B6F5AC7B7B89F623
310
0243B4FA160A7B9327F3AD5D937C8BFFE5FF8B3A5E64283BEF8EAB9F71159514CFED62DBC880614AA1F7994CCFAE7D8C87057F451733699B8DF87056E1F0654B5021E38097E4E23221B810DE20559AD183A61C2C88A648DB096081E9801CA00BC1DA0124E08DAAC15FD2936905CA8DA1C40E42B13F1764E0C4015EAD7F8BFE
310
C99A310B1B7C0BCC7746D3C0702759C89EAD57122092122D1F857067684A578F1DAB7EAC400841F493A468113282FFE42316CC74C756B1C880FE78795C692813CF4644480EE9B02991BCA257A71861F00666D9410288487618D120D0E80D7773E2B7DD180E100EC98B221C94BFC4FF531A09B986230F1CD08378A8E4D0FDD7
310
D9B1BC75F5C12EAD7FF83F3ED19EB018620303C217A6A35D826E72ABF2D8E2BB1B783F6E48D2E3F360806E1D192085D022103473A10375B63853EC54F500B5B064DBC20945B88160DCF7E4F83A0200BF6FAEAC88E9F54D22D898E43F378D20B51B5D6B1457000922202800DD401A9266483029C0D6D57ED80D42A0E6E08835
310
F0F3AC73D7FAE6D56185F04FC44472B854EB7D9CBF7134DF3DDC35A9F6B38417DD6F508B37C1A718B0D054124176F7222F62DFB327F34D451799D56216880193254FF782D7DDE26C271BF38C6E422E271CE4AB8823C9510F021126A7A944E00DB4031D013C88EA0746C96D4574069BD5439C4110403B40020C30B07A604F1E
310
41D19C21A93FD9002DFC35F23B1E7B98E95E38387E3603FE7393680410D702FF9ED5A3C5E5CE68B5827D721FA78F3A9A0C08A79722D9C9B418F46C0057BB1640C70AA4A03D29CECF33987596D53CFB27B32C3BE304C540E14BF8464E080918268D254838C91A01F0FFB99154FD8A9C0495EAA6534A6C464440B4A71E16100E
310
7405088122A35F7A511DC003D002E6C8E7E15F6D1D2FD09014139EC11FDC89394621F77B9F88EB5A583C41E2FEDBC8F82334494C0BFA97FF3C3A34ADE60385B60E5A30CF036E5E75370BE3B83AE73B3B7DC0BB337DA0045299ED0C66681E4AE223D01B1BC3BD4C921E2005FEB5114739040758189BA8A320067B62A3995E47
310
20055065AC2B4A8006BF8CFCC907C0063EACE41813C5F017065AD46CFDC6FF1BFEE052932CA3478C8E5A6F25DC8503D40F61FC1B047E4DFFE8E84407C81F1AC7B5C79DA358551CD0D13785A9AEB38D6EB68A0A8087FC6543E7471082873CDCE5CBEA1EFC5CC0579469E225428E9A43D6A6000B4219DE52E8DF00A55F4BF503
310
5960661C2DB88AC1F67C2890A93FC420193C8326409E7B595FBBBA9AE1D1511B3F6D65B09AC10A71C2317201A603E88C56CC68C91279E83F5C147787EFE6C675F00941D23EF092920330982DF38C65EDFCA89DA98E8ADDECCD77CB86D85118F3DD9884820B1128010D02F1060F582871CC8FF42024C02239273A1CC3BF71E7
310
70DFB7E96081682803188118B50310BD620234F230B12711B063E0F0490FCDA9248B580D3D3DE944A30CFCF2A1E0F6E59E8FBEA289CCCC943785BB8880ADA9C2FD70F6A13F5418444E3A669273C006C4B4EEEC067827539FFBEA9CFF04D84E7F170480037005AAC8829084329899F90B5E013927F8E646514B4824B01D11F7
310
2C012CEACD163B6358A4454A4221D06E68A71062520649BF9E9127D0772D6E5EADED52FF216BC2FC513C7D3C5CC4C8AF009811826AE20203B076A2AA66D8D32E317DEE0EFC000FCE16D9E0BEB17C74AB009256C5D8AD1CBABBDA61402612C675FBD72D07E633B1A42F2421208CE01397560811204306617A5141706105C9F4
310
984C459F2D0F6C392FA05BED808512B0B9A8A9FC6CED89640EA347D31F0DF76D3D9E61E800FE9F7601BE4C9614A1C58E6C839F13A12D0EB426DE6386B82369A9E6A7F1F9146EB578A2EF4289AA109B4F6CEFEC0463E0072A05CC9DEDEDFE08407B173B8AA65399C80B2911252E6290C82CC1B8909140C11B7AE161B42B9390
310
5045D017E00CED6D27AAA15F2C2179F1E83D411A7020B9408D202381E7E5DEE5A9E7E5CDE3B186433F488AC81554BEC09BC579018ADD1DCB3D9D70F02B14BF9159A4DA376225FE43DA224FED327941705DA582B2FD1BB5DC0540667B650BECDD1D5DDFB0C7F36DEE2B94F6EE2EE4E426F20A1174C31DF153321A24114C4FFF
310
25E505475F6906D4149B21F1BD9D9DF7B059F8E0FD83323CB97991FE80EE131A9003B81C491B218B1D42C0C0D593D9D548003839DC29A740298B0C23F0CE14BB167BD61989AEF0B985C8FAC8F923A73F31953989F0F6C96CA6C4D0A9A88184BEDBBBDA3BBADE77CD8E2FFEDEEF46184A86671D7DDC51417477BE9F04804F30
310
5AC82C2D018A21EA903866A0F959FBD4139916D036635EE03DDB7408BCF0627A03027AD314C09B0A27F0A79490D53839D0DAF1416995CAB24101FA63F75029D57A4CBBA9FB4D120ADB17FB5A999FC9420DFE04FA670430B90FE7F589F7FE8D50A4B5F004CE5F07EB4EA007F8AEAE8E8EF7DB3BE2F81F42166C7246FA9E62D0
310
2C8209BA1024414C483498B50229FD923F2414040B2081390AAC353B5283EADA12A30B1080866D746B9ABF5BC107F33C2A015B275480759334B83AB02175EFD0DEC785DFC505E0064F4EBA5A97073A74C5C9FEC97BD25D819E28AEE661FD2732B8BBFB1BF13441B3C1F45E8AC1752BBF80C113DE960E0AC7D9D02C58C80505
310
A19BA0E84B14402601A590A4AE00A825E98C3212342302EE10FC5100681F86834A2804BC409D70270A2091DCE874B16BE0706C974EB3D26EFEDFFCA6C4579AA4DB781708469F055532A7046C6BEB0CF39F3ED2EC4FBCA3D00EA91CA68FD2B87B5C191E0EB2C300F00A1C9881F263571C6CFD83D079D09F176FAD839340CF03
310
0F70458F81F09AEE1329505150CA0A00576B56C06D58070B23086F685E44232D9D53DE3FC3731044F286D19F459351863F749F1104198D6E14BBC68E17CAE70D7AFD958E350BEBBC70C9C4DFBA075240DA27D40AD7DB063A097DD3F041EDB3E4B682A7A12A548F3393DB01945547175879989302521EEB1431B08759B632B1
310
74E0F700E774FCA1BB83F95029ED1A084288C8893520E49415E00DA080AE8027C34206D35491D050A4C6B080F6A20889A2FF82379AB6234F6710C05F9080ADF002B9C9F9C583AB220F45D618D7E7F7547FB27CED8A8B7A7D24EDA4988B0C1C2A1AFB53FDC61BF3DE50D63C560F0120B0372F0839DDDAF13E583B868717C1CB
310
8CC71D1D7F440CC82184803144196EFD58BBE00B7EE77DE8C015942357FB06FC906A5E2B8882CCF9FFE184B0035A5CF186A962A63F84B3AAEE3D5A2C830008807568B6A9F424086D2095A3E262DBF124350082C4B5DF4704A9D2C93553DE47BD6766B69349610716999FA25854F759CA9792599D3837ACF6247CE8597B0F96
310
0FA3EC45B61715050260C5844FCCFEC9666BC71F875B17E3BCB4CB151405D7D08F846B4CB952248B4603CC402B609E90F0044A007FA800EC46D07A51232B00E5683C55D5096E1374DA4FCBBDE2C25A5B8D26008227CA7758033D7D70DF12CAF7F247939F93F1CC63047D63ADA0B7CC8771B234D8095FCDB577B586D1834062
310
035670E204B245EC093FCBE15626C10D210CB38A13F50E10A0D5C0814B0C4B30AA9858516001669002229618F100767AA3D6D2528595FE7A398C2D2300ED0013A0AE60B91644A057327BD3C36BEBF48C91279B45F8BD145494674AFB211A91977CB838DF35DCB3D6D6AA2FB2784B591ED785DFD7DB77747DAC9D2F7674810E
310
FC2895F9ED8007EC7885101679C06F21E4B1C8A6120956F80518D1DAF1717BEBFB5803E20C6F2A11B2E48AFF4AD2810A70054623E341B3D1ACD92DA91150DE631EEB2C28882D092049C0DD38E262A7BD6F98549930C9D44B7C37028AEA9F8C5628A2BEF5704C0DCB2B428181B1BE766F43014498D2E57791E4C8DA6BD2ABF5
310
003F0C40202E2E32EDFB02852D16C30B7F646B98FDF86C7891690043128B0A0DE6B4EA27F08C30CA34C9D0AA0852A5997F8D11A6EE84E040B20472020256F4AFEBBB74E6705A12083B249089218E6452C8E5A69717E904A3F5EF3D5D08EC1F4D4E85086B238CFFC11AB9AE972CB775616C6D1DE04DDF073B4DE3747C41FBAE
310
6072901CAD0237100670C5A00C2C3CE063610ED824826C1F6650700E88C00B62468903A0D71D3A390255AD7040048348C56C4647413C2C2561216E0C469203EF06A5B101AD40D0E207F78B124747DB5B4BBB4E88B1C373C114E0470B345156EDDBCE1B4DBDF81DBC400746B0B54E05F693707B89A5E430982C2AC7D10DFF11
310
D5B102B9505034B35D07E8E5F585757F088B390F2D4C85CF7218E8418BB4F25B885053D07D5A908326809F31D6CC6B77CC948413B28664484439D118DBAC27DB5AC40C1AD166F25E6A2F0AE82100C0BF220405323E1FF80DFC518CACA8DE1003F3C9FAE9C7B2D60703A0004F8EAEAD2DE0F5485452D15B77B4B67F4C2403B8
310
D8F9C533558ADE058A9E177A1698F75DC0EB4C800F74C0270178C8579C1FACD025F0560844502D2BBC01E620030CB93636C1041636A693949CD80139FD15BE107F905590A292840F8860706D07E2970A2F15E5B13B87C3143CB2930374CC46A6F9B9D7A5CCCC14E11B9E879A49FBE27ADBD6DA82410FBB94FAA8487D61B51F
310
4BE0A03FD08743C31020D6628ED20305A22C2C2FAFA7ED1E7881C438AA5B9035F20759E243C51F34D0D5F02F11403B9E204CC1686C0B6C9000470561519CBE1B0E4FBEAB37A39EE4B84C05F023858779341991F36D9D9F351E7BB3B5ADF00148D9D05784F9AD8B037D48C01BFA83D4247F03BB768BEEF973A14E610090D4B9
310
6B1EEC5C5E66928F28EBEB6CF578B067DD83086081579848E60DFC7684044D8174993C39F886043481F6A2B743B18749E52447CD4D230513032D20D20206E536E15BCF7B7D211634F98FF9986287F33F9A94615A5A0A7CACF8DF5DCC1AC6EF9AF1945EB78E0A2FED1DA2ACC00EF983F9A012260BD722EF61C9DBCDD8719703
310
ECF839029010CA0B9F100B1D2842153E01A1A3837AB579516A31982FD2908A09100DAE591016CBCD4B011A2F4DE299E1338CE065DC4841BF9895D8C81714800CD08F5AD39601BC929B55D291F6CDCEF2AB40DD5D98F4E6F107C47AEE4A09A079C05316F479DAF4C2BAB83221BCC0CE23FE3D3D4C7BC9AB673D89A3677D6020
310
F6E182332028012FA0FBE0B2668FB85485902A8E7FA0BA2105C213E20BC2169211A4BABA7D693C3F1DA961F203694853137073AD5CD25F1C017DE0477626D7BA55B88F83B5EE513C41D814639FD1BF759171F4577D3CAB0C3DFF68B2D3B1F8478C18F67BEBB2598FA76A4545E9E961BACF657E0791D2373030E0EC9FAEDD17
310
BEA7703A738185D08236C407448A4CB504CBF01FF43859D3115488EA01B55078000DF085911805790DE1B41B6F8CB2889C3834FE02AFE07D85143C6C008438A944EA63E047023A7EF37E13B0903AFEA7BBAB9579330FAFDAACD540022980B65A75FBA17D388F1E6576405CCE7032D95BDA420E7DC0EFA320879E5F8B3B04C1
310
D2D9C1114210C19FCC49DC6A855E12010184DB8968109ED016E4683CD552A36B3AFA13BFC2114068935A7E774CD2C7225642B73325938052D8634ABC18DC9442BF9E0402E85B42F9F3273672DA8E8F1070405D1DC3248487574CD98092B8B956E6AFE1566530B78FAE05B4A0DE51FBAF85DD075C7E11939F80E015A58D1F87
310
E400CFFD2306C4D1D3C634380A201545A92BE01F445800BE12302AB477BD6F62600D211232EB061448A0D2B877BB940D63D059C37E0569A83DE93E214F4BD86209FF6F479C640AFF8AF6D1BFD987D029A94DB7C329B4184D4BB013BF912FB88FEEF913071A8D82B651BC10DB067A7EC52FE1B421883144C00F64FA23A11CF7
310
08BF16CA59F18D4C04B8085964B2D8DA4A855187000BE440BC816FFB13374640B0EB1D0998AF38A1AEF503F14302E2811081FC12EA6CD38A63B33035125F40F170C0B0AA45E9FCA38FC6D688D48563B5C4B4B7C359D3C7AE0EFB16ACD5E2FAA47EF8307044B4EBE1C71E84E742D81431FB06B90B600B9C239E277A57C94C42
310
7EE10E7826980C0136600D916A06058CBE8604DB4D314FBC014EDAACD0820F14BF75449B70339490FE5A0491221BF95F949DF1235380E969AABDBE2D32EB4403D3FDF17F42F9A0A7C28ED75BE86BDB7C7EC80C76F86B8800F77B305EB88F00A4352E0F8089EF811EA02A3DF08F7DA008F803BE4B4EF5F41E56087099E92070
310
8C3D720916444440FDFA013D4E1201414123A09290F5BD7AB729298209C4306D007BB0829FD4EC3A6D7E4F00B67DF38CA0764F832F0448E58439B952CB4F70DF964AFA74CCFDBABBDF273E2FF4F56D3DBFF2A78D42FFF2755DF307066497F44062AADFC0CC546F6DCCFECECFA232E14F408F05477D311B683A35BC245FCF8A
310
5CD2AF20022C21022266905A5BCC8B20235D6FF04019CC04058AC80023662E25F342063165956320BE50370F2A657BACC817DDA3DDD3EFE04028645780A768FE38DBA88BF2EF3ADADFC7FEACA952E5A77568ECF0C971DF32BF1D24F8486B22A649EC81B1B60315CBEFC026091CA45F858D7D04C1B437079431E63E38F88075
310
8842E780A9E03791C0FAAFE10012588C3C592FE35461A6047802BA18686887023A422A49599399893103942CF6DA53A8E387825FA0678B261F139F801E2B17C901D0F5217E07AC2401A87D0480F753FBED44FE949C93A1D042B879FCE499B3D861AEB23F9C1F372F0C24D0B7D6E70FE1AAF60F84BAE642D82F0A9F53E22783
310
915518494FDBC0AFAE7DA282E5050B703570E06319A015E00D693A6BEFFAE493941C3B08C13B96BD20D0115A9565701DC58568A3009DA13E965765C03091F0FF339F7309D44F6E61F837F1B1FF920450EB8FC48F9B40158BE89C81A597CFB0DAF5F5755D3886DC13D4479599B583758CBF35663AA234F133F91D3BCCFCE0A7
310
94367F385C59B19431780F1C099131384056616E15A1563B50021D369C593FB292685A68A8B2A50A0A2085CF05434617E05FC24A6B077B990014421A68401AC4D65788EE25F737EB780D08A6E38F060F2ABD889E1B889C44852C2FF368C1E3E710D73B6589EA83F7417B341ADA1F639A23D15298F087AD0326410E116C3A1B
310
325218433C71AE62C07C1480F1C045629724A076A4BB8D622D24690486727F56108D07046DAB065000678E04C4F8C342DE27F4AC102D854F2D08D59B4ED0E4F697B0FF62F113646BC5B7F3131D4EA8BF8B265EA3F2026E7061B96F6DF3D993276B2180B8E57067587428579460551049049B074CF8B1066C7E14C705F0B392
310
98C0997C17F701097023BAC31081390196801FB0C2A12380042927503D5A01CA127F9841B460310639C674BC8CDF1A320501448E0068905B07F6E5602F8C1F07786253438CEC51AE61FDB25FF71B09893AC026A9EAE3F30F369F5D5EAEA5801FBAD3C98B38C13EE017B054F81A56F05259DBDA64FE270B1FC4C77200FE276F
310
E814B916E222575ED717A62A92956504605268408CFE13FD61F84252228376060206802B9550F00B9D47E6AF1022538A752CF4FFF1F5931384A9FF8700EDD4FFA2B93FCBFABB3EA6C607FF714B0B8B04EBBE83B52B246092AB018C0D0002FC490849F1E214AE6FC42009D6D86616C835B65DB9862EFC4480C14137603C3089
310
D0A5588FA27E693DD184131BA4E88C35045ACEF1CDE1A82323C20B842F2419604821196EE8185BC834AD44F8E9B7549A32900196E9ECBBE20FFB4706861AACADBBFD9B56A23FFD3AB8BFACC18B1B5AC0ECD7B6AE2E2E9CCD2BE8AF1B1BC3A813B94107E82DE67A42E7CC7D4A6116700B5B2EE3C338A09B840F07C40A64800D
310
7C605AC42B72227C4C7020AB1F20056E26F542717F56534261DE3766AC10A6ED2D006DD03BA9DBA507AE0510A8B385C92363B9154167F1230C40D76AF6F3BE0CA08F8BA2FFBBCEFB09D0986550E0F0EAE2F2780CDF850CB0F88CFC2815FE87BD83909F474F45DD47F1C821DB2107A8817FD45384F57891B65F2543D0C1E20A
310
89B4A8DF806862AC27C60F6A054627FD344250718AC0FA21CDC4E28DBF2650D1B39D8B8A420C348A4F846E2BE824BF8C45E1DB8EEB52F576F47A75FF95F90FCE0FD3A7A08D48D5B9AFBE3EA658E1676FE3372FB57F0AD8D70ED4AEBA3D4C2BE0AAF1C3AD63A6004D12900CFC481A47430C9EACB390038642C8C41B13303166
310
614210592736B8603AD4FAB17189DBB32F3915F0C380795A089A15228460BDE8E52203527D41B5470901B088D84FF8B3FE2BA7F4FD30ACAB3DE0B7E2FF95807AB0010FFDE3A048F7360F9F3FB9380EE537F16F8673131325D3351A3F664022020811A0FE8C019CA17370725CBFF64132025DA1BE2555102212E80A907FB43E
310
D80A991A8AAC183932C19AE17524B06590B6AD286EB99BAD18FF4BD64BAB519202F992A963648ED30E7521F909F090C0213E367A77D8836BEB6F34D92EDA624183070248351F1A079E5D3E7A9EE81F2CE6678F92E299EE312B6C0572C0A7B5EEE07853612403813152C7125E2022A20C18F855DBAFA399817FC97FB6E1CDCA
310
31D348434ACD0012F0D32A5456B4007E6E92D72B1A4E9971223A42C1042819E4049C0C5801300C0013FA48F8944FBAE71DAFC27F1826FA2304ECDF3F6C10FF47D5C7E49748DDD687DE8E91C09394EE0682A4F84CFD6067EEDF43E67EA46CB2F4070160439245F00343D03BF25D7E2F26FC400A896DBF19FB8D4D0A66DA669C
310
3D608F9CD048A0533621B25690EE19D5D15248E390F042B12C682511B02BFE3E5700E4C9A9B2107A8F45248FA48234FD23005ED1F4EFE80D1320836F04003BF42856D478D1DCA3ABEEE3C68F9F30C3A16E5C238EA5DE3FF37DACC2F8B7980033F47FAC34421EF0418A045394802CE032D61C70023D788136788613887C0011
310
A4EA316E005718AE191F8D0D841B9C679CD2FC478442D005429166F5A24403B1E6ACF3298F388B6D0BA933D92339D48969A5C11F09B4FF017A9900A4F887010C474717E10F36468032FF33F4AD610517777104CD920C3CD15FC5F3B3A0C75BBCA3B00F2724863C10BCD4A0E00736C7981F2F72E4B001438B99714FCFAF713A
310
2603BC710376A1715FC602022202E06FDEBBC680A3DF1C4C095A12C50B554FE7623B50374FB2129DDEA4C392C9188077658C87F55FF92FFA507FF03FC8DFD3F31BDAB46DD51AEB03F7E1B38B8B87CFF47EA1479C3EBAD5C6B382C221C0F1B358B39D76D9D3142C4A20935F541E492E0EF081BA41B3620A8E172B584EA14856
310
32E22A8221CEDAC6110AFA4B6D43E2B76A18AB240BB24337721C9321D2C033B2D3E2641A55A400A28403C12D1DADE39AD23FC5FC08C47A64DC3FF6DFF76B5235124022D7E6D6D5F3CB870F9F31C96FE477FAFE54100068A3A87FA5908A2C08011CF31309C10025B089FEF9C510522B8DC07C30AA469841723A10C08E27F00F
310
7FBC181C083F2809EC3B2B328E294AEAD5A071B3A95C81D2DE3F930372D022C9C793535B92FDAD5426E90490C3C81D000017C6494441544698C416520C1C40C71FC204B22448FD9303782FBA67089A1A7D4CE38E89050FEF5F1E078A4DCCFADA058032C34C1CBC2E1202B1F8962B1A8024F0EB7A11F209E96FB369D4B64202
310
FE7BA230AD24C46413536EAE955B341B726C593B5D4630C0BE822480908522B0D85430230352618DCD4F7BA6D568BF4343801480006658EA3EDCBFFA9702B4FDE9022163C43F9B72B58001A23FCE6F0B3FF0E4E1DDFB9801A6FC42FD0132CC1F2224F89933107AD30B6C9131A53818AE944BE25A70810821C38F098411980E
310
46D108F483DC63F49B91B852351604091D60546702F58A3872A1716411B642C7629C267E64E77719F46B0548FD6BFFFC86A38DBFADFCDF700228C124C8664FAA02BFB1F92B09800876FCE4F2D1C3FB4FD0A44E0106A8DB8079751CBF0BD9340066C3D52BC64706467C05B5A54401BE4A1B0132A55EAC1CCCB10D378A3DFEB9
310
812022327745EF2102886A9142C812A1A2C9708027BB55B7006357459F9C2080E0BC34489FC629510F3017B62D5073E2A2C64048A0A42580E413BA9E08274091A398EA80B5BF31C87BF5ECF8F1C5DDFB4F22AAC181F070AAFDDAE5650C4000516440D8806786D874215149E69ABEC43FF0EFC820FEA112B0522003C84BE03F
310
B76623513B6D840820358B084119B0CEC8C00AE888826339A54091F5FCA513AFE147975BB1A86FC50618D9D74502F0C7C8815AA306602FEE3A5E79E0D7DED1B221001118B73182CD439A092FF801105D1AA14E1918EC282F6260869D55108065988BD67F68E5581720A708051F7C8070F582389C682BE53F2AFD85853F2A01
310
3D21564028E06E79B7A71E43212180A81541EBC88F451E02385100491AB0C4A3BC5309A95911E66D04C0B448366988ECD204C2FC930F8CEE8FA410EE4C25B58DD1B6EBAD83F6196670F7DE635282C0A56A851AB035831725F0471A10FE52097089C80495804100318405F0DFC2136004B4C40705EC9154315129205EC35793
310
0035688F61AC02188250CFA9A980233925F16A117A48CA54DAB6400221976B75D863330942E20EE3B00B08FBB71AA813B0E502FD2B023DF70114E0D7DF2E2EEEDE7B789504200112075478F2FBD6897835C91F0C20782401E801A2F9142700B74805703426023A81CC0BE88B537D0003E0C5181D29EB8D83050964DD258091
310
0A1E7A8138F76253DC01DC2F3824391AD748276C0B0CDF12366625D038603D0003E0266CB42704C8CE7FA7F11B4D59C0BF454A78F8FCF1E50513715D469607031272358F04E0003C90107223A581218F10008B10247CD20D860FF0BF48801040B361808148714764028EAC137E871501EFDD97C89B52107FF1235B0928C562
310
530082573CE137840EFEF82A0BDC602736C595912FBEC69E6A3A26903B3A300C5A098A9E3F1810CDFFBA019D97B4E7A7A075850F2E92569BD960CA7B8304995FD006FC4213BB1448A6F4BFBB3A9F9FC4962D0A1369129B10073771FEDA38B1737B663A71C088D8848027FC3008DAC4E4397A6F76271DFFFCF77D6BD7F1F67D
310
A51E0E08875A6BAFBD6BD7AE52CC04A0B4A2206F650EC412841A48258258E8662C3838FBE21E25172C2A15A4F78D82DCF68A005DCF07047C183E1CE47731BBCCB5469D9169E0D588945BEB637E87802A03D88FB82486210D28FB3B858D13DC7CE75F5E6F3B03C1744D30CC58C7C7A256146853A05243060B850072A7010CA4
310
7CFBF9A1E24F414037B8781E8E9F219A774B36481CB43E48A79819D638C8760D672FAC19FB9D3FC5EA9158DBD0159C27860409682E8FF2595652FE189D2CC2D7C023E944158355806FC320087CC74116030CC376C559C098B93A041C5DDA48AF33827D2327DC761D19C17CC62780D82A170E6CE7415A5E7FE825E053048F88
310
D2AC2A561CA4D4C60098DA28EF1A01382772484698F60C8DD24BF396EA76260542810A625978C03580A9CAB91D10249BE579B0377A3DD15749A45F24C4D81FF3D7D7996F6A1690288008C0FF6CC186DA9D5FC95BB09B1301004B016E707FDFED306A1BE8FA208828F00BF342186839839F1F6FA338DC5A0200FF383DE92614
310
C03A4508DA18F4D85F9354F7E867AA77A42FF49BBE6757A1A7454448D0BFC3C220714FE43A3D8F1547BE10F0BC5A05985AC3C28829A06FE24CD062700601F4AF12AF99099B08E7071DC4626A97C920C3FF96E190C9D1FD7CB6163E800D79E5F3F10A9306C02B799E80F1AB380E0571A584C0370A220C3125000B500900D96F
310
EA40409F980E2083E4EDF4D8D2480AE5667222E020BCDAD4EF19682120818FE18EC7FD6AAD67C03F7DF1955E697456F517AC4F24700C30171C67E9168B109A4F60AFA60F98BE30941BF776DBC7C70792A2FBE98AAA97224F8BEA39B47BFD14A8CD03320DA2B676E3AA397E652E30A42CE2987B7DA1EF7F75242413800A04C0
310
270C62A13372400B435ACD84B8B5009208F5AC73EB149FFF3508E21C2201E0338BE07E50EB47E7FF6D97724A601028C5519073E7978EC88834410450E074DD58AD13A4900103A6444A9CB99103229F0EF8C0C78161EBC68137240734CDCFC349807851E0EB46CE864D2E405ED341B71A390CF2DE20CF5193189E1901E866D0
310
230409684B193D17E2928534D04240937D3C84477494FC5E0FE0B448E35AFC19007926C1C6A6E622FDB8A12E30993C6710E070397C4B26304C0AE38218D19F01FFB15BAE1C0E7E74DF75F2406E373C414E848FF8E500EFAF3C1029C9C0ADAB2313A7426CA9B2C1B9E30032C84EF31A09A88A386F136E8C2F1D582EA0459207
310
015F10F1F001F0B1B7DF7222011EA2001F00BFD36BAEE0850928B08C077030FE3806C880EAA74BCE0863A952812E6008B3A89199C1EE918AF96AF583F1A073B0A355B9D861AF1460DCFB3BFC6B7EFDC834B09700CBED3510E48DC7129041C991F06BA5006CA6B5B34EE21501374E8DFC910042036111EC9C7CFA1C05D48A72
310
70F7F835BF04A4194DA4CF76CEC66718C84CD020D04C412AC848F03E3C61A1C8D50D0EA6838A00376054D3DF61A0E393E1F8B058A6C994093476D601A4A06F0CFD3C0A6BFA910E75CC10400A80FDA93AC9B5EA4303F6C0D188B559086091CC5910137772E14F2376D03181B5CFE74C0EA38440D0AC256D6C4D104CE05302FC
310
C00B60B9CD4D71E08BD40C144A025E60D4C1F45FE846A2105D717EEA84808A5DD90A168E133640311CF05DD870768683F5D2F1800F485AEBE5CABD8FFA3C0BEB33702493AEB551B1EB035EF5C8E5757FA7832141F88E8578A363802B560007AF93D7D470B478C4D00B412D634C9140C4F9275C00DCE8DFE3C7F8C0AFBC5B2C
310
E82E3C3BDF393D4375D50C43CD1C17E3777CD2C170725B7B42B41DF15BFC344DAD089C1E9118522B4A2C60B794E4E8F33081BB7C8CFCEEA0B2015E49D586429C6C78646180B7710E06018A3082243C275F077FBE412C17DE80D3E6B9462C5204C5D980D1DF84A864401C483CD01B143F4A4868087A0F780F37230200A4FBF6
310
AED325114C367C22512750A5C7C3E32D545CE20A0904183BA10015DCAD89864B3E1EE97EBAE8B204266A48E010511838E2FE413FB116E60880C2D8440AC3880DDA6DF6618C138CF1CB2A09637E18D00F80CB0DC05322E31EADB8081C29410903F06BFCDF5AB46024E4A75828056440503C707856EF0C037623DD4922A400E8
310
A6BD75E4D2800905F18450A00CEE88860C8964C7B3F90F56528BA18F71CFBBBCD2D05797E168FC37DB26DBE0DD2EAEF39686C18440820013C1444055402A541400DD362A0A402F1FE51246404E098249FEE30708C10CA0B54601053159480C00BAA9B1223A773234FE72FD5C3BD81804D8D196FE3D5315A0C981D88D04FA01
310
DFC185CA93F9120E1F480B08063364A0A318F08DF95056E4C91F1150D31B011200383502E079EE43CC18603AE2F88FD139C802A739F208E88D06DC78267C448C27C4113C19B0F51B0E9C1C021CF8F9167C6B1F2E10E461002910105D1042792D1CA303F469714C018C23D72179E165049C40E801CB96CF334562E5807291D1
310
E0C70FE6CAD91656715F0E5C5E70F8D7F83290549B1BAA6F781D25180EBCA93EC84E72A74081CE3020789B3790E1A9E478E658C099BECFF01E530E80EC5FE31204ACFF70AF8177A03059240CD074978A002A878BF883FEEC81DD684E406CA630ACFDE87292822A11953710F000885D6F68A67ED40CD772B0828359B753F7CE
310
23D9479AB9845771B389D6A77130F8C134EFC83947392029B10E4425440A84AF0E54825228FC1634D369874739C837A9DDC83C20D320C36042610ECDFA750303710224D01202488012CA847424F8D53F78AB6BECE9B3B35A7F32396AC6B7444566327DBB4DF06FD9616744F4D3A397EB3B0A3FBA8D763702883ED742FE5CD2
310
4146D8E353ACCF811C806AE09914D8446E93840FF4D6C963FF32BFB6AB015D1D3B0C9A0968776F021F21404B6260CF84A14F35180CE20B5E85BDA2EC91FD5A7DBA7E5705F4F0F97AF26CE18E3BA078138202400A62930FA6CC7882F911A92F33E547E64990B0F27323D73B6222863F86425153FA8009361C675554C25382CE
310
148420C8DCC47A20122806CA178A0918C14CBD33440289078A00EC6070184CA9907FD0A1270478E0B325B67C2193694EDB7DD0F3C238447C8A11485562FB4902134E6AC952FD5320A4F7C780882DA9684285CD81D278C0E8FF8DEC9F45D22DC3C2CA99C2728110888799575B6834BF22B0F01EDE72D7F21B672C40F0A97299
310
9E2200B7C91403F9BB3D09C01990819238CBAE5E7510D7D57450507E3DB04AAA0A3C280064E0775380C8C16EEA4834346A04BF0CE847B4B3AF760D06D24BBB267C32E2C9257DE5EB748AD101AF1FD33265E2B674EED8C01A0AC901392211011AC810560F77778E85B13BAFE3E25C95B70919A4862C15928BD8989664AD8638
310
101D009A80F00BDC41AF27602A4BDA0C077E550048E7F1011410F01405045E1C140B4D0E70E0F6E034171C3D6FD12004FCC1FA304312518910356628A4A326EC9ADF5DFFD1B2C0399503F14B4F8E3E0E4E39A06ABCB56A8014687E86E462BDDE5124615ECDB412B7314F62E6E0C76ADEC0F717B360E741960104CF1706CFA1
310
8E0605004B01AE007869B095ED92144A807841EFF2811C047889A04901C809062057192688C92346F97F279449F89B113500BAD282D1DA80A55C27EFFE02C8D4F395003F285B617BBF0831F49B055342DDDD414378E8888E92C16789F269A27C9A221FAA4A0DFDDB9F935B2ECC04DC51481558A69301E0460B02665AC4DD30
310
C03D480866C3409400051811876014C0F294C542821AB045011A3E3F09001FF304E3A0BED05CC11A811B865001769507FC01ADC611F400CF68C7B093606E30F3C7E0F00C1D10C31951C1E2D7252181DA00345842A19130715C736EC9ECE686A712FDB31E4D3E50AB336E5666D7B212C0113C4A4406029709B43D0228F3FBAF
310
49921B19CA0C82A2D5BC4A2079809240F37D3E10F9637607C3983F0458508A98B8B4EFC92AC13530180CF55359500080061DF59B98BB3FEACEE881DC8127F182A885A86FB12B43C590A4380504E32305E3148BBEEB2D2782029765428092545BA5C2C681FC5F8E869C0EE1034A822FF09A12C94084505AA868080303473F81
310
61F7AA0A6610745E280BE4427FB770106F8800EADABA19F453210435BDB2348471B13B65F2FCB554827632C4C44467333E4127095D22092ED492009930413251B5408345065065E415266E20279A40B3F520370BE2050C8360E6BB4601C1673B9BFE007EF5200B6483CD195400A783E6DEA0653515B0FCE8E86D1618FC1EFC
310
15C2E727F24F2A2DAB57326D8D0877D4E298894E7A0C3C7D9CE8A0E2D17AA2020FA1097D6372F2A9F955060FDD467AD0426368C24A8340FD0D6687A76316DEF5179ED9042005A2BF02A5DD810A4DEFA4A8F700EFC50FF4FB8C06410F0303C106ADF8852ACC6A2CA9046E9ED070739339857222CC009E206479886EA26227BF
310
7A341A15C351A8404A6C10080A2140FA4B4E8D9B9A11645899332363FD69887F436A660566964250FD752E787B64BCF8E6C8190DF8EA0C854C062D8A5A1346F810414313E606ECA0AC3A01D6928544029D5F42E202C0CB386F880F7842A31287061F32F3CBE09F2950783394F2F2B23D85386C6F51943E99DD10C8A0000BA9
310
569A14805693274BD0E4F4DC3F28E331EEA91C4F33ABE057889BFB92819187840A08E57A276A8BFCB75B0342668C70C565C8059996D209C2800941A21FB82B2F520BC2E6FE6F1A8827043DE17000DACC8193E78BBB8DF1467978C06F6AFE986123E3A95272CAC122046F4C65C4B88FED2F1CD1D918F7CDBF8903BF1A90057D
310
42F4DC133AF804ACBB58446A0DB78806FC053FA1E45D0AF1112613CC0DD976C5E70AD3282F42725C0D02AC8588DE451B1C01ABF063E7748A3882F0DD484BB78D037F9812240EB88B6034C0AD53E5116D4C6D920C6A89F084E6D0598AD7EB6930CC7B293E27A666E5CDFE9A3FA52FEB3C97976FDAAE9A60008FCA6B33099CF9
310
880D35D419FC687D424378E3099441E110C5B3C6DC311E6653514A67A530D863326C4D8430E0C28024803B5B069B0E60C10EDB6DF087034171DF01F1F3404B27B1056D8C0E56E7CA6056E7798147BE4C2F01CED5987E413AC6A724876DE3F599E0601CE7B9CEF3BEB3671E12DCE8AF9631B8031D3F360B6955DC2342B2A0E4
310
632A00264C0DA002220CFEC3E10D9BADC8904D88DC51928593AA16C91DF6FFF82B3234404C7214D0F8608E0052283EFB2B0563F1D072936C4017706010BCF1B16CDE0C1FA9C777E44E1F5259B0C9BBC8794A82A6C182A3AF56B16921405351FDDC91B5BAAA617860E8D76C97C377FE701A4EB4378FA97C2C8E3CC8950886C6
310
FD93AF70A1F5F676B7ED16CBC56AF5D09110EEB8607CC08A795882358280DDB98AFFE7087C6EB593D62F041CDB4018935238E73F1098100D0C8769818F777057F64C703C6530E142FDF5C837AE1CF66C94C4887D3A3726AB990DEA248F73B5D32C8E04F6714B1E67C53FC52040252E605B322407CBF8C7F05453462A295ABF
310
4D95592DDD76AC23512E9A2DF964715C80DD752CA8E263AC36F02C3C28A133EB22AC8D099BDEFDE28C3E8FFEE3815D5D00C17C00511058354D62443C1A546280E43572A9C661A34FA5891F8E7570608C8DF21DF51DF9D2A84D4501F41B8CD4F4C9DEB2F901E810C0E4CEB6EC08DFB06341C864CF8D0EEE779A606545E1E64A
310
AF30A4324C20FDD3BD558BD966BA994FA915CD162B1978642AD01694E533EC190368A68234657085B5F88E27A0805E04B8BB6A00A51646EE3C10A50FF007FF410F1963CA69BE2002F0F902E701AEC995FD41F83A3F0C3809A3288A083003A6CC2A20E6D703EE48E3777AC07ADD51EB6101603A9FCF17B3D5928F6D742EE7E4
310
CF38AE2B03C5FB39C81D7B2978FAFE85AF3D2710B0582C970F0FEB0E4D1103B8BE2B4D560CA10002FC8F334C891C07B44FE06B2E3ACE5E1E2D1FC32203110ABF9CA0E8381F68EC3C06701328E5A38278A5FCD944CEA5283DA933DF2A2448BD23F1C5D8BE04CC2DC3B43B3EEC29F8B5FF926D11D3E97EBF7FA1BD1E5E5F5FE6
310
D3D972F548547783146ECD84873F377C5820F7F9FCE5E07378D6CBCB7E036DF7F7104079A05B77C6942D1BA95D47424BFC3DB6411009A42E207871B7EE9B06614BBD20F22F7523FB985F3F7068E37600273A3ED0C1CCC380F6EC4AF01CC1CF95E4848B7BF950AD14C44F10460221E02D21D01DAE800F323704C00035DFE97C
310
B37F797D3D1C0E4FBF35EE1E5E9E0E879FBF3DF6F474780A01FB3DAF01FE0C0798218007C2090A3008BA7682A338F4A8804A06CBFE6A80CEC766F49853F15B2F45FCEA3F8250012841315016E75E797EFEEC4ACA6C79F515CF1738F7C36E2406071051043817C9E8C5888D49D0332E800062FF54FA562BF7446CC0BFDFBF86
310
03D1FEFCC9F7FFB5A7F000430755C2D3F72F2D02A022820897ABDD44594475BDCCA4A10AF34C06B08B4AB58BBFAE30999DC66C7CE903A83CF8EB006EEEAA063430F84B05F0ECF644825F5E95073870E72A0771AB89B080022A0C5A9FAF34C89286257FB7BEA000EC65B59750C68E0815B0D9834B15606328F80709DE09018A
310
C2A7817F83F96DB3D562C10A0A31300230CD4200B87F85808BAF64D04600254047F9C14DE93464009E7F5AABB4FDD6D55142A2C0BF1541FCE19C20C899BF4F76AB54B84CB97F88F48ECC029FD253F0C70DF4816B9AC94BCBD653B1A283C4001A0337955E4AFED3FB790B6B1F5EA0B5514074103A38D84280EE0F5F9BE974EA
310
B2D16AB1EA969684B6E4166CA28264B300474C7308D20013B204A65F82970718D05678B3315D442E1C0A327E2F56556040C005D2FAB1326A68A07507C9E46A3648555A7080F5F50219A00E6222E3E0862CE95B5680930530742F1D041805E69B788161F015944D041182B861A2C17F3AF01CF5BFDF6C343F9171F5B004BF59
310
C016719164B888EA206A02AD05E8464D06B48E4381A0E9345FD171625AC22198F57C003BEA5510F81FF78D31C9B033D0030000000049454E44AE426082504B0304140006080800DB5D265D51464CB48900000043010000360000006662782F34423141334141372D333438392D343237452D394530422D3534353346343735
310
353745302F6469726563746F72792E786D6C9D8F310EC2300C45AF127987122606C71DD918B841D4B851A43646695A717C52A85029031293A5A76FBF6FACEF7DA7264E43906840EF0FA03836E242F406C6DCEE4EA06AC22492573150D1F66C60C640E8938CB705396EEDD86DE9B5042FE27813D640EA63BB001C722AF6E55C
310
B61E4863F58284D5D3F53DD715CE1C3985E63FD7F1B7EBDD617E9F1E504B0304140006080800DB5D265D9D828E4D340700004B1C0000340000006662782F34423141334141372D333438392D343237452D394530422D3534353346343735353745302F6F626A656374732E786D6CDD596D6FDB380CFE2B82EF73EC38719A64
310
4833E4A51D82A1DBB06087FB6628B6ECEAEA3748765FEED71F254B8EED3A89DBDB80E13A604D1599221F920F297AF1F1398ED023619CA6C9B5619B430391C44B7D9A84D74691078399813E2ED182A5695EDB67A004C7E4DA10CBC67211B2B4C8D4924F025C44EDD5DBF55F887B242106F222CCF9B5C1BD7B1263131779EA13
310
FE60FA38C766183C9BB6596E6C8A0D19CEEE5B47659891240755613D01294A03BBF92798642D1796D8D0D836EAB76D7C669B250D6F2A4A139EE3C47BA5554BCEA89F5663DBD9DE8C26F3C1C471C603E76A640FD6B7EBEDC09E8E879BABCD66BEBA991B68B938A46954392023890F5E7C3196F6C212DF54E62B14BAF4F6D224
310
219E42B36B834F945C4A781B9306B0B634ADE690D2D6DAC2B8A7F127B6F502A5A152036D6D9CFE5D8FDEF4F03780C0FB4429E3444439CF19F85A615FE6C3706195AB0DBF508E629C13467184227A60988183606BE9A08618912D42141298492F6A79755D21B02FE7529796411145227F8DA5CC3417F291E45C6A46FF21ECA8
310
7DFD34D009AC2D6892CF94B1F94B0622E60B4B2E96DF8D47EACB124814443884680133C5A6F1A885D74670C16E6B2C3FDF1E9EF7821FBA0FCF589A11968BC893C9ACF24E7BB0165A107C3D4029716DFAEE88CA7780FE0B205FE98216E039469F9D6747DBCE70C28394C5E01D34448321FC3744E2E3AB4F0BAB7A788950832B
310
4F610A69FB93306D98D138BB06E972F108419FB2B1326EEFE10862FA8E2622CF21505094C212F07D707836963B20535884A77004D6C3BF85253E22F855CA01BE6979A88B7E7B384A274C3BCF8EBEFA0431C3A857B9AA61E3297C273F05DFD576FF795FB0007BE44E25F6960434A13914D36E851AA03752FEC7EE8BCCC857F6
310
347679704E980AE2E8F0CB5EF90549C7802AA20E97AE912B7714D23D8A7042D282ABF52EA2F2D22865EEE1C52D73B8F3AC3F75109487417E8B08E82433A8EE1EA39900C5582AF32A26348F38091E540118964E750FD87B10F0BA1E30D67BF480A8C5AC2DB4883317C7699108FA7E1DDE6DD3CCF150FED8F67C349C8F66F3C9
310
44053CE82E0FD0F9A3C9A1525F9C14E3ECC4319B86BF146F6820CB4C72802FBB6CF0A06B2A7237CDB047F3EE686899D153659F0641C181D63B8169696C8EED49898DFE7F3442C337AC564A9DB75629E5D21887C40DB0A8899DFA3500AD846B277522194629E734215CF634AFB8AE85E2D004EA28235D4BED085BCADD98E4F8
310
3D112B8B642B6019092217BAAF5CF4BF97E3552BA8EAED2989A2D74B1357DAFFE2721C6751D9D75DC2C01EB54EE8C455282D8E7884F87471EE0E7D22DBF44BD22B26D1F8F6923E7FB7F813F030FCCBE1D1475068D6A1AA5EF6AC6D4EECB9F899010D5D4DECF1D5B472C525B4F461B9E85BA2023A2DEFC57D2234BCEF4782DA
310
E567CFE1240A5C1A4545EC9635242731B46D382F58AF8CBD0236691FA498A19512B593021A4153DD9B6665BFA23B16384C362CA768B6760C184513B8D7F532E495159D412C7D21EFB0E2AA76D9FF6F97FA9F19B37EB779202F4F29F33B356DB61EBA6BD34D86204C55132BF74AC9CB453DFD6279D9B98C83A38528862B6F16
310
2A421879A46298216F4D9D770EFE84730FA8742F7F0FD690113EF18F7D48439C1A8D184B38544BD3BD6DFD760474270A48A359DB094A8D61428105D3DE890FD1770CAE866E915BAA13B2CAF59D286D260C638E7A9C91F5F5D3BE2505567A3FFD4D60449E5A12D4EA46347F6744FDD81D7BDC960465D18FDD99C7F3FB223E24
310
988ADA28C202FBD9878FF2FE796DC1E5C272D6F66ABC5A4D076367361F38A3E9CD607E335CC3F86332BE75A693C9F4666831C2D38279845B236BE8EA6E2B4B421D1825747D6E213089B87C5DD4F1DC76F0FFF81612A5077C2A167FD74B48D5F08996AC958B7D2F219D447D78DB8DC17E45D4DD45EC4DBD76395FD0017EBE6C
310
0119E97ADFBFB9D0A27585EFD6B95611DF58784FDE6F7E798D69107A677D68ECE8A2FC2617C3BCAAA34AE91B7179FBDE3A93953D7106B391033C76B5B207B3F5CC19AC6EA7D3DBE96ABABE1956E1DA66AB4B75E5B7E0505D046BA3379820F334A230C8273E0A490A77209854F4E05716132EEF36D000A832AEDF22F478FAB1
310
9CC3E6F810E9A7BD7B0CC3EC4855E4C283412ADC3BAE0DB58EFE80D1A9985ECA8196F900854745BB810A46AF0D08819C427D310F300293034729BD35E284C0C549286E4DE553D5DFC7C7043A102B47BBAA3D7D70519635A213C609997CB700E1A31B92F79BAED54138878F8722AF8C392E1CAD5120E89708A57130297C50F0
310
3E03F19CB7CB36E59E0624BDA6F967E3A0943AC8310BE548BE86F76AFBCD12D3F4DD5794454528DC79AEDE37240D449F1115E5E06A0181A1CCCCB0B8896F3E58DF580AAFA562744B2108AC4D1AC769A2FE58A9D75A687F0F2FA97C4B0F08B9E558B2DD516F0060C4C589897DFE000BE05146C518B544B6E1F78A956A7ED78E
310
102E80C71AFB775BA4B8BFD6B9D69945A022C7FF08F247BCF611D952DF509B55420A8056F2CBE307BDB0B018CCCB97FF02504B0304140006080800DB5D265DE0312578E2000000550100003C0000006662782F34423141334141372D333438392D343237452D394530422D3534353346343735353745302F7265736F757263
310
65732F322F636E782E786D6C4D90CD6EC32010845F0521F568C05663B511262F91532F11C11B1705588B9FAA7DFB4242A59E7635F369353BF2F4ED1DF982982C86858E4C5002C1E06AC3B6D0926FC31B2527252362FE875112B4878536992AB9452C7B9756B8E9E29AEA6CB877515C360810ADB9EC61A3C4389DD24293F904
310
AF992E19574877B6EAACD9C822242CD1403D91AD877EC244D01956AA2631CD83781FC47C1EC7E3EB7C3C1C3E246FA4925744D7791B3244DC5F2661B0AEA12612923740C9126DA7DA1BD5F88BC76A3CC9ABAD64CAB176D0B1FCB357CC7ABD017F204F5749DE9EACE3D1409DAD10F50B504B0304140006080800DB5D265DFF15
310
A4A45D000000800000003A0000006662782F34423141334141372D333438392D343237452D394530422D3534353346343735353745302F7265736F75726365732F636E782E786D6C4D8B3B0E80201005AF42B6F75B59F0390B113044D83508C6E30BC6C26AF226F3B8BA6360974DA7271430F523308B2B198F9B80925DB700
310
539227A2FCCB80A18E5640D320F996A81C9F32D6E9129A0D1EF74FCE750E6D57BC7165FBCA07504B0304140006080800DB5D265DA63E9CC64301000056050000300000006662782F34423141334141372D333438392D343237452D394530422D3534353346343735353745302F636E782E786D6CCD94C14E032110865F6543
310
E27161B7B18D362C4D3CF8041E8C37969DAE581636306BECDB0B95B61AD3E8A1497B23C347F2FF333FC3571F8329DEC107ED6C436A5A9102AC729DB67D43265C9777A45809EE9DC36F1829AC1CA021A94C04EFBD9BC65CEA602D2793AA46DB4D2E4A44AFDB0921904219194243827A85415239A1EB206C682751D29A7A086E
310
F20AE27BD403E4F7CA8344E8889855B34559DD97D5E2A9AE97B78BE57CFEC25922056F9D3399D716C1BBF1665629178F36CAA9384B80E093D7994A1E88386AA3ADB69CC57BC143D46BFBCCE1764CDC381AAD24C64631A710B08C10C881B32F5870961CFFF0FDF8F07CD4104F9DF6A0D0F9EDC5DA509F6AC3411A8D89F85F17
310
76E05FE65DFB162D5F6EEE270D676167B3BB4F6E88D1FD9D849827697B738D1FE020EDFCF98F8B05B5BA46D37B6567F2CC762B300E3E6D44F109504B0304140006080800DB5D265D57EA95997E000000A30000000B0000006662782F636E782E786D6C4D8CD10A832018465F45FE7B379B8A056A18B8F78865212B0D97638F
310
3F1D5DECEA83C3778EEC3FDB8ADE2EBD7C0C0A9A0B01E4C2234E3E2C0AF231E31650AF658AF1F8BB010AE3E614540C5A2E29E6FD44939BC7BC56BAFAF03C211B1A438D1198B2B6C3EC262CEE2C1930679CDE99E05C58528C6B55CAFC7A656B5E7F01504B0304140006080800DB5D265DA6D797065F00000082000000070000
310
00636E782E786D6C4DCB3B0E80201045D1AD90E9FD7516806B51190811670C8A61F982B1B0BAC9C97B72CA7B1037C6D3332918DA1E04D2CAC69353902EDB8C20262D23F3F59B81A079470595414B17391D1F19B4730A5583A7ED43BBE4025D9592775E5ADFFA01504B0304140006080800DB5D265DECFD112DA80000002601
310
0000130000005B436F6E74656E745F54797065735D2E786D6C7D4F4B0EC22010BD0A61DF525D18634ABB506FE00510A79458060253536F2FD89D5197F3FED3F68B9BD80362B21E25DFD40D6780DADF2C1AC9671AAA3D677DD75E9E0112CB5A4C928F44E12044D22338956A1F003333F8E814E5331A1194BE2B0362DB343BA1
310
3D122055543278D79E6050F344ECBC6478EDCD76CE8EABAE5449AE4298AC56946789C28AAFBEABC53F3EAF09A84A1441B91F0101CD4780756578C173A578FFDDBD00504B0304140006080800DB5D265D3DEE336E64000000790000001B0000006175746F6465736B2D64657369676E2D7061636B6167652E786D6C35CBC10E
310
83200C00D05F21DCA56CA76D41FC96062B120735B69A7DBE268BB7777961F8D5AF396893C2ADB70FE7ADA196782C2DF776D7A97B5933C430F15651E5469C55D70F80A4992A3ADC954792C525AE70A1E4D6AD9816CC044FEFDF01FE3FDE907802504B0304140006080800DB5D265D9DFC5CA7F50000008E0100003D00000066
310
62782F34423141334141372D333438392D343237452D394530422D3534353346343735353745302F7265736F75726365732F322F636F72652E786D6C8550CB6E833010FC15B477834D0824917104B47C414FBD59C6A156828DFCA8FAF9B50395DA534FBB9A9D99DD1D7AFD5A1ED9A7B44E19DD02C93164520B33293DB710FC
310
0D9D20BB326A8DF1BF689069BEC816120C8CCED684758784D15EEA846A33C91DE4CE490F9978C4A605273EE4C2731E7C64B87BBE7271E7B3CC49BEF1180D414DBB544DD14DDD94B4C0AA666CFA6638A0B1EB31AAC6D7019DFBAE4665D3BD9C08AE87B1A96891C48C7AB5FC6C1756722F2760252E6B84CF08D76F845CAAFA72
310
3CBED322311975DEC69FF7A5E9BB48A7C586FE710BEBF4BF5B50DA1FCADD6D533860241EF71C305AA474627946176B4A927D03504B0304140006080800DB5D265D4A3ED1A3FA000000960100003B0000006662782F34423141334141372D333438392D343237452D394530422D3534353346343735353745302F7265736F75
310
726365732F636F72652E786D6C8550CB6E833010FC15B477F30A8124328E80962FE8A937CB6CA89560233FAA7E7EED40A5F6D4D3AE66676677875EBF9647F289C64AAD5A28D21C1254424F52CD2D7877232748AE8C1AADDD2F1A248A2FD8428481D1D968BFEE90D0CAA18AA8D213EE20B7161D24E2119A16ACF8C085A7DCBB
310
C0B0F774E5E2CE674C8B74E331EABD9C76A99C829BBC4934C0AA666CFA663890B1EB73528DAF0339F75D4DCAA67B3915793D8C4D45B32866D4C9E567BB30C81D4EC0CABCAC497E2679FD561497AABE1C8FEF348B4C46AD33E1E77D69FC0E9841ABBD116869B64DFFB8FA75FADFD54BE50EE5EEBA292CB0221CF91C309AC594
310
427946186A4C947D03504B0304140006080800DB5D265DAF32DE49F2000000B1010000310000006662782F34423141334141372D333438392D343237452D394530422D3534353346343735353745302F636F72652E786D6C8D50CD6E8420187C15C31D05455D37C8C64DEC13F4D41B01D6925DC1F0D3F4F10BAB4DDADB9E3E
310
32DF0C33DFD0CBF7FA28BE94F3DA9A11E01281421961A536CB0862B8C113282E8C3A6BC31F1A280C5FD508320C185D9C8DDB01096B8232193556AA03E4DEAB000AF1488F1178F1A9565EF21812C3DFCB8D8B3B5F5489CB9DC768D0EBAF5438C5839280D5A8EE201A20EADE313E93EEDCB61FB4CA4C4663D4F2B0D232B9EB9B
310
560E3072C553334D3D6CC86980A4EE6738CCE80A5BD2366FA46FDB7E46B4CA62467D70E9E6E3937CDDABF25DF82F73DCE40B99B5094D7D18EE0A0F184E799E0B46AB5C601ACF76D3CC65B31F504B0304140006080800DB5D265DAD3C9EAE55010000DD0200000C0000006662782F636F72652E786D6C8D52CB6E833010FC15
310
E4BB798540121947495ABEA0A7DE1C63A815B091B1513EBF360F510E4D2B2463CDEECEEC8C8CCECFB6F106A67A2E450E223F041E1354965CD43930BA8207E09D315252EA1F6DC013A465397030C0A856D2743344A5D04C3854C892CD20E97BA681471B7BC9414FBF584B7C62B4EDE81F7E47E883D4CC8FFCA90F236378398F
310
F2D2B2F18A3305709215D935BBED6071B9863029DE6FF078BDA430CE2E6F87284C6F4596A0C00D63A479BBA853C5886625C07118A7303CC230FD88A253929EF6FB4F14B84E8C7AADACE759D4B903B8BA3F5130E11B3ED3957FF3192EF42E9EF9A6891EE0C8AE3716300A5C3EF63786B7CDD00ADBFC34B9378B8587850646B5
310
5489AD94D2ACA581348659EAD01B3F144C55CB3C12FCC613BFE079CD618322A2B6AB116DAF77A39DFA76A78E2938E8A727A46A49B32E37ADB89EABD0C6D2324E6523D57FA617AB4B98817B98F81B504B0304140006080800DB5D265D22DB81EA09010000B201000008000000636F72652E786D6C8D50C172832014FC15E6DD
310
513446930C92515BBFA0A7DEA810C344C101CCB47F5F48EC4C7BEBE931BBFBDE2E4BCF9FF384EED23A65740D594200493D18A1F458C3EA2FF800E8CCA835C6FF9201D27C96354418181DAD59970D1A8CF65247541B2137903B273DA0610A8F1ADC7095334FF8EA83C2DD92850F373ECA244B9E3A46BD9A7F56072BB9970258
310
4EF212932326E55B969D8AF2B4DFBFD3342A195D5725362B2582BBBA28698115555FB555B7C37DD3125CF4AF1D3EB64D89F3AA793964A4ECFAAAA0695C66D4791BFEBC1D09393D72FC1E7D69FAA418FD3066DA04219440464F5FC0084D23F127F4BA887F8456DAEFF2EDE073C301CB42A007118C6383613CEA0D33B6CDBE01
310
504B01021400140006080800DB5D265D0000000000000000000000003700000000000000000000000000000000006662782F34423141334141372D333438392D343237452D394530422D3534353346343735353745302F617474726962757465732E62696E504B01021400140006080800DB5D265D00000000000000000000
310
00003500000000000000000000000000550000006662782F34423141334141372D333438392D343237452D394530422D3534353346343735353745302F76657274696365732E62696E504B01021400140006080800DB5D265DF270F13306000000040000003600000000000000000000000000A80000006662782F34423141
310
334141372D333438392D343237452D394530422D3534353346343735353745302F747269616E676C65732E62696E504B01021400140006080800DB5D265DB5A795FFE3790000DE7900004200000000000000000000000000020100006662782F34423141334141372D333438392D343237452D394530422D35343533463437
310
35353745302F7265736F75726365732F322F305F67656E657269632E706E67504B01021400140006080800DB5D265D51464CB489000000430100003600000000000000000000000000457B00006662782F34423141334141372D333438392D343237452D394530422D3534353346343735353745302F6469726563746F7279
310
2E786D6C504B01021400140006080800DB5D265D9D828E4D340700004B1C00003400000000000000000000000000227C00006662782F34423141334141372D333438392D343237452D394530422D3534353346343735353745302F6F626A656374732E786D6C504B01021400140006080800DB5D265DE0312578E200000055
310
0100003C00000000000000000000000000A88300006662782F34423141334141372D333438392D343237452D394530422D3534353346343735353745302F7265736F75726365732F322F636E782E786D6C504B01021400140006080800DB5D265DFF15A4A45D000000800000003A00000000000000000000000000E4840000
310
6662782F34423141334141372D333438392D343237452D394530422D3534353346343735353745302F7265736F75726365732F636E782E786D6C504B01021400140006080800DB5D265DA63E9CC643010000560500003000000000000000000000000000998500006662782F34423141334141372D333438392D343237452D
310
394530422D3534353346343735353745302F636E782E786D6C504B01021400140006080800DB5D265D57EA95997E000000A30000000B000000000000000000000000002A8700006662782F636E782E786D6C504B01021400140006080800DB5D265DA6D797065F000000820000000700000000000000000000000000D18700
310
00636E782E786D6C504B01021400140006080800DB5D265DECFD112DA8000000260100001300000000000000000000000000558800005B436F6E74656E745F54797065735D2E786D6C504B01021400140006080800DB5D265D3DEE336E64000000790000001B000000000000000000000000002E8900006175746F6465736B
310
2D64657369676E2D7061636B6167652E786D6C504B01021400140006080800DB5D265D9DFC5CA7F50000008E0100003D00000000000000000000000000CB8900006662782F34423141334141372D333438392D343237452D394530422D3534353346343735353745302F7265736F75726365732F322F636F72652E786D6C50
310
4B01021400140006080800DB5D265D4A3ED1A3FA000000960100003B000000000000000000000000001B8B00006662782F34423141334141372D333438392D343237452D394530422D3534353346343735353745302F7265736F75726365732F636F72652E786D6C504B01021400140006080800DB5D265DAF32DE49F20000
310
00B101000031000000000000000000000000006E8C00006662782F34423141334141372D333438392D343237452D394530422D3534353346343735353745302F636F72652E786D6C504B01021400140006080800DB5D265DAD3C9EAE55010000DD0200000C00000000000000000000000000AF8D00006662782F636F72652E
310
786D6C504B01021400140006080800DB5D265D22DB81EA09010000B201000008000000000000000000000000002E8F0000636F72652E786D6C504B050600000000120012002D0600005D9000000000
  0
XRECORD
  5
176
102
{ACAD_REACTORS
330
173
102
}
330
173
100
AcDbXrecord
280
     1
270
     1
271
     1
  0
XRECORD
  5
177
102
{ACAD_REACTORS
330
173
102
}
330
173
100
AcDbXrecord
280
     1
270
     1
271
     1
  0
CELLSTYLEMAP
  5
55F
102
{ACAD_REACTORS
330
162
102
}
330
162
100
AcDbCellStyleMap
 90
        3
300
CELLSTYLE
  1
TABLEFORMAT_BEGIN
 90
        5
170
     1
 91
        0
 92
    32768
 62
   257
 93
        1
300
CONTENTFORMAT
  1
CONTENTFORMAT_BEGIN
 90
        0
 91
        0
 92
      512
 93
        0
300

 40
0.0
140
1.0
 94
        5
 62
     0
340
11
144
6.0
309
CONTENTFORMAT_END
171
     1
301
MARGIN
  1
CELLMARGIN_BEGIN
 40
1.5
 40
1.5
 40
1.5
 40
1.5
 40
0.18
 40
0.18
309
CELLMARGIN_END
 94
        6
 95
        1
302
GRIDFORMAT
  1
GRIDFORMAT_BEGIN
 90
        0
 91
        1
 62
     0
 92
       -2
340
14
 93
        0
 40
1.125
309
GRIDFORMAT_END
 95
        2
302
GRIDFORMAT
  1
GRIDFORMAT_BEGIN
 90
        0
 91
        1
 62
     0
 92
       -2
340
14
 93
        0
 40
1.125
309
GRIDFORMAT_END
 95
        4
302
GRIDFORMAT
  1
GRIDFORMAT_BEGIN
 90
        0
 91
        1
 62
     0
 92
       -2
340
14
 93
        0
 40
1.125
309
GRIDFORMAT_END
 95
        8
302
GRIDFORMAT
  1
GRIDFORMAT_BEGIN
 90
        0
 91
        1
 62
     0
 92
       -2
340
14
 93
        0
 40
1.125
309
GRIDFORMAT_END
 95
       16
302
GRIDFORMAT
  1
GRIDFORMAT_BEGIN
 90
        0
 91
        1
 62
     0
 92
       -2
340
14
 93
        0
 40
1.125
309
GRIDFORMAT_END
 95
       32
302
GRIDFORMAT
  1
GRIDFORMAT_BEGIN
 90
        0
 91
        1
 62
     0
 92
       -2
340
14
 93
        0
 40
1.125
309
GRIDFORMAT_END
309
TABLEFORMAT_END
  1
CELLSTYLE_BEGIN
 90
        1
 91
        1
300
_TITLE
309
CELLSTYLE_END
300
CELLSTYLE
  1
TABLEFORMAT_BEGIN
 90
        5
170
     1
 91
        0
 92
        0
 62
   257
 93
        1
300
CONTENTFORMAT
  1
CONTENTFORMAT_BEGIN
 90
        0
 91
        0
 92
      512
 93
        0
300

 40
0.0
140
1.0
 94
        5
 62
     0
340
11
144
4.5
309
CONTENTFORMAT_END
171
     1
301
MARGIN
  1
CELLMARGIN_BEGIN
 40
1.5
 40
1.5
 40
1.5
 40
1.5
 40
0.18
 40
0.18
309
CELLMARGIN_END
 94
        6
 95
        1
302
GRIDFORMAT
  1
GRIDFORMAT_BEGIN
 90
        0
 91
        1
 62
     0
 92
       -2
340
14
 93
        0
 40
1.125
309
GRIDFORMAT_END
 95
        2
302
GRIDFORMAT
  1
GRIDFORMAT_BEGIN
 90
        0
 91
        1
 62
     0
 92
       -2
340
14
 93
        0
 40
1.125
309
GRIDFORMAT_END
 95
        4
302
GRIDFORMAT
  1
GRIDFORMAT_BEGIN
 90
        0
 91
        1
 62
     0
 92
       -2
340
14
 93
        0
 40
1.125
309
GRIDFORMAT_END
 95
        8
302
GRIDFORMAT
  1
GRIDFORMAT_BEGIN
 90
        0
 91
        1
 62
     0
 92
       -2
340
14
 93
        0
 40
1.125
309
GRIDFORMAT_END
 95
       16
302
GRIDFORMAT
  1
GRIDFORMAT_BEGIN
 90
        0
 91
        1
 62
     0
 92
       -2
340
14
 93
        0
 40
1.125
309
GRIDFORMAT_END
 95
       32
302
GRIDFORMAT
  1
GRIDFORMAT_BEGIN
 90
        0
 91
        1
 62
     0
 92
       -2
340
14
 93
        0
 40
1.125
309
GRIDFORMAT_END
309
TABLEFORMAT_END
  1
CELLSTYLE_BEGIN
 90
        2
 91
        1
300
_HEADER
309
CELLSTYLE_END
300
CELLSTYLE
  1
TABLEFORMAT_BEGIN
 90
        5
170
     1
 91
        0
 92
        0
 62
   257
 93
        1
300
CONTENTFORMAT
  1
CONTENTFORMAT_BEGIN
 90
        0
 91
        0
 92
      512
 93
        0
300

 40
0.0
140
1.0
 94
        2
 62
     0
340
11
144
4.5
309
CONTENTFORMAT_END
171
     1
301
MARGIN
  1
CELLMARGIN_BEGIN
 40
1.5
 40
1.5
 40
1.5
 40
1.5
 40
0.18
 40
0.18
309
CELLMARGIN_END
 94
        6
 95
        1
302
GRIDFORMAT
  1
GRIDFORMAT_BEGIN
 90
        0
 91
        1
 62
     0
 92
       -2
340
14
 93
        0
 40
1.125
309
GRIDFORMAT_END
 95
        2
302
GRIDFORMAT
  1
GRIDFORMAT_BEGIN
 90
        0
 91
        1
 62
     0
 92
       -2
340
14
 93
        0
 40
1.125
309
GRIDFORMAT_END
 95
        4
302
GRIDFORMAT
  1
GRIDFORMAT_BEGIN
 90
        0
 91
        1
 62
     0
 92
       -2
340
14
 93
        0
 40
1.125
309
GRIDFORMAT_END
 95
        8
302
GRIDFORMAT
  1
GRIDFORMAT_BEGIN
 90
        0
 91
        1
 62
     0
 92
       -2
340
14
 93
        0
 40
1.125
309
GRIDFORMAT_END
 95
       16
302
GRIDFORMAT
  1
GRIDFORMAT_BEGIN
 90
        0
 91
        1
 62
     0
 92
       -2
340
14
 93
        0
 40
1.125
309
GRIDFORMAT_END
 95
       32
302
GRIDFORMAT
  1
GRIDFORMAT_BEGIN
 90
        0
 91
        1
 62
     0
 92
       -2
340
14
 93
        0
 40
1.125
309
GRIDFORMAT_END
309
TABLEFORMAT_END
  1
CELLSTYLE_BEGIN
 90
        3
 91
        2
300
_DATA
309
CELLSTYLE_END
  0
ENDSEC
  0
SECTION
  2
ACDSDATA
 70
     2
 71
     8
  0
ACDSSCHEMA
 90
        0
  1
AcDb_Thumbnail_Schema
  2
AcDbDs::ID
280
    10
 91
        8
  2
Thumbnail_Data
280
    15
 91
        0
101
ACDSRECORD
 95
        0
 90
        1
  2
AcDbDs::TreatedAsObjectData
280
     1
291
     1
101
ACDSRECORD
 95
        0
 90
        2
  2
AcDbDs::Legacy
280
     1
291
     1
101
ACDSRECORD
  1
AcDbDs::ID
 90
        3
  2
AcDs:Indexable
280
     1
291
     1
101
ACDSRECORD
  1
AcDbDs::ID
 90
        4
  2
AcDbDs::HandleAttribute
280
     7
282
     1
  0
ACDSSCHEMA
 90
        1
  1
AcDbDs::TreatedAsObjectDataSchema
  2
AcDbDs::TreatedAsObjectData
280
     1
 91
        0
  0
ACDSSCHEMA
 90
        2
  1
AcDbDs::LegacySchema
  2
AcDbDs::Legacy
280
     1
 91
        0
  0
ACDSSCHEMA
 90
        3
  1
AcDbDs::IndexedPropertySchema
  2
AcDs:Indexable
280
     1
 91
        0
  0
ACDSSCHEMA
 90
        4
  1
AcDbDs::HandleAttributeSchema
  2
AcDbDs::HandleAttribute
280
     7
 91
        1
284
     1
  0
ACDSRECORD
 90
        0
  2
AcDbDs::ID
280
    10
320
22
  2
Thumbnail_Data
280
    15
 94
      896
310
89504E470D0A1A0A0000000D49484452000001000000007F080300000037AFECF400000300504C5445212830FFFFFF2128300000000000000000000000000000000000000000000000000000330000660000990000CC0000FF0033000033330033660033990033CC0033FF0066000066330066660066990066CC0066FF0099
310
000099330099660099990099CC0099FF00CC0000CC3300CC6600CC9900CCCC00CCFF00FF0000FF3300FF6600FF9900FFCC00FFFF3300003300333300663300993300CC3300FF3333003333333333663333993333CC3333FF3366003366333366663366993366CC3366FF3399003399333399663399993399CC3399FF33CC00
310
33CC3333CC6633CC9933CCCC33CCFF33FF0033FF3333FF6633FF9933FFCC33FFFF6600006600336600666600996600CC6600FF6633006633336633666633996633CC6633FF6666006666336666666666996666CC6666FF6699006699336699666699996699CC6699FF66CC0066CC3366CC6666CC9966CCCC66CCFF66FF0066
310
FF3366FF6666FF9966FFCC66FFFF9900009900339900669900999900CC9900FF9933009933339933669933999933CC9933FF9966009966339966669966999966CC9966FF9999009999339999669999999999CC9999FF99CC0099CC3399CC6699CC9999CCCC99CCFF99FF0099FF3399FF6699FF9999FFCC99FFFFCC0000CC00
310
33CC0066CC0099CC00CCCC00FFCC3300CC3333CC3366CC3399CC33CCCC33FFCC6600CC6633CC6666CC6699CC66CCCC66FFCC9900CC9933CC9966CC9999CC99CCCC99FFCCCC00CCCC33CCCC66CCCC99CCCCCCCCCCFFCCFF00CCFF33CCFF66CCFF99CCFFCCCCFFFFFF0000FF0033FF0066FF0099FF00CCFF00FFFF3300FF3333
310
FF3366FF3399FF33CCFF33FFFF6600FF6633FF6666FF6699FF66CCFF66FFFF9900FF9933FF9966FF9999FF99CCFF99FFFFCC00FFCC33FFCC66FFCC99FFCCCCFFCCFFFFFF00FFFF33FFFF66FFFF99FFFFCCFFFFFF0000000D0D0D1A1A1A2828283535354343435050505D5D5D6B6B6B787878868686939393A1A1A1AEAEAEBB
310
BBBBC9C9C9D6D6D6E4E4E4F1F1F1FFFFFF0000000000000000000000000000000000000000000000000000000000002E4550F1000000364944415478DAEDC13101000000C2A0F54F6D0C1FA000000000000000000000000000000000000000000000000000000000000000E06E7F7F0001708A55450000000049454E44AE42
310
608244AE426082
  0
ACDSRECORD
 90
        0
  2
AcDbDs::ID
280
    10
320
D3
  2
Thumbnail_Data
280
    15
 94
     1166
310
89504E470D0A1A0A0000000D4948445200000100000000B5080300000087DCD12600000300504C5445FFFFFFFFFFFFFFFFFF0000000000000000000000000000000000000000000000000000330000660000990000CC0000FF0033000033330033660033990033CC0033FF0066000066330066660066990066CC0066FF0099
310
000099330099660099990099CC0099FF00CC0000CC3300CC6600CC9900CCCC00CCFF00FF0000FF3300FF6600FF9900FFCC00FFFF3300003300333300663300993300CC3300FF3333003333333333663333993333CC3333FF3366003366333366663366993366CC3366FF3399003399333399663399993399CC3399FF33CC00
310
33CC3333CC6633CC9933CCCC33CCFF33FF0033FF3333FF6633FF9933FFCC33FFFF6600006600336600666600996600CC6600FF6633006633336633666633996633CC6633FF6666006666336666666666996666CC6666FF6699006699336699666699996699CC6699FF66CC0066CC3366CC6666CC9966CCCC66CCFF66FF0066
310
FF3366FF6666FF9966FFCC66FFFF9900009900339900669900999900CC9900FF9933009933339933669933999933CC9933FF9966009966339966669966999966CC9966FF9999009999339999669999999999CC9999FF99CC0099CC3399CC6699CC9999CCCC99CCFF99FF0099FF3399FF6699FF9999FFCC99FFFFCC0000CC00
310
33CC0066CC0099CC00CCCC00FFCC3300CC3333CC3366CC3399CC33CCCC33FFCC6600CC6633CC6666CC6699CC66CCCC66FFCC9900CC9933CC9966CC9999CC99CCCC99FFCCCC00CCCC33CCCC66CCCC99CCCCCCCCCCFFCCFF00CCFF33CCFF66CCFF99CCFFCCCCFFFFFF0000FF0033FF0066FF0099FF00CCFF00FFFF3300FF3333
310
FF3366FF3399FF33CCFF33FFFF6600FF6633FF6666FF6699FF66CCFF66FFFF9900FF9933FF9966FF9999FF99CCFF99FFFFCC00FFCC33FFCC66FFCC99FFCCCCFFCCFFFFFF00FFFF33FFFF66FFFF99FFFFCCFFFFFF0000000D0D0D1A1A1A2828283535354343435050505D5D5D6B6B6B787878868686939393A1A1A1AEAEAEBB
310
BBBBC9C9C9D6D6D6E4E4E4F1F1F1FFFFFF000000000000000000000000000000000000000000000000000000000000AD4AB4E4000001494944415478DAEDD8C10984401044D1CE3FCC398A4128735410412FD3F5FA60000FEBCB6EEDE157FB167C13A0820F00000000EE00E3BCA6CFF437E01DC0489F000013080728002620
310
82004C40040198800802B8FC49B0D2FD3E81B1F8DA3F4710400E40E309140011042082004410800802104100220840040188200011042082004410800802104100220840040188200011042082007C054410800988200013104100262082004C400401988008023001110460022208C0044410800988200013104100262082
310
004C400401988008023001110460022208C0044410800988200013104100262082004C400401988008023001110460022208C0044410800988200013104100262082004C400401988008023081A523B8D8FD0ED0E2BE4CA0E70108031800441080080210410022084004013C00CC5FD35D9FD90D2800000000B8016CC13701
310
C2EF004A6420AF175FC5E50000000049454E44AE426082
  0
ACDSRECORD
 90
        0
  2
AcDbDs::ID
280
    10
320
D7
  2
Thumbnail_Data
280
    15
 94
     1166
310
89504E470D0A1A0A0000000D4948445200000100000000B5080300000087DCD12600000300504C5445FFFFFFFFFFFFFFFFFF0000000000000000000000000000000000000000000000000000330000660000990000CC0000FF0033000033330033660033990033CC0033FF0066000066330066660066990066CC0066FF0099
310
000099330099660099990099CC0099FF00CC0000CC3300CC6600CC9900CCCC00CCFF00FF0000FF3300FF6600FF9900FFCC00FFFF3300003300333300663300993300CC3300FF3333003333333333663333993333CC3333FF3366003366333366663366993366CC3366FF3399003399333399663399993399CC3399FF33CC00
310
33CC3333CC6633CC9933CCCC33CCFF33FF0033FF3333FF6633FF9933FFCC33FFFF6600006600336600666600996600CC6600FF6633006633336633666633996633CC6633FF6666006666336666666666996666CC6666FF6699006699336699666699996699CC6699FF66CC0066CC3366CC6666CC9966CCCC66CCFF66FF0066
310
FF3366FF6666FF9966FFCC66FFFF9900009900339900669900999900CC9900FF9933009933339933669933999933CC9933FF9966009966339966669966999966CC9966FF9999009999339999669999999999CC9999FF99CC0099CC3399CC6699CC9999CCCC99CCFF99FF0099FF3399FF6699FF9999FFCC99FFFFCC0000CC00
310
33CC0066CC0099CC00CCCC00FFCC3300CC3333CC3366CC3399CC33CCCC33FFCC6600CC6633CC6666CC6699CC66CCCC66FFCC9900CC9933CC9966CC9999CC99CCCC99FFCCCC00CCCC33CCCC66CCCC99CCCCCCCCCCFFCCFF00CCFF33CCFF66CCFF99CCFFCCCCFFFFFF0000FF0033FF0066FF0099FF00CCFF00FFFF3300FF3333
310
FF3366FF3399FF33CCFF33FFFF6600FF6633FF6666FF6699FF66CCFF66FFFF9900FF9933FF9966FF9999FF99CCFF99FFFFCC00FFCC33FFCC66FFCC99FFCCCCFFCCFFFFFF00FFFF33FFFF66FFFF99FFFFCCFFFFFF0000000D0D0D1A1A1A2828283535354343435050505D5D5D6B6B6B787878868686939393A1A1A1AEAEAEBB
310
BBBBC9C9C9D6D6D6E4E4E4F1F1F1FFFFFF000000000000000000000000000000000000000000000000000000000000AD4AB4E4000001494944415478DAEDD8C10984401044D1CE3FCC398A4128735410412FD3F5FA60000FEBCB6EEDE157FB167C13A0820F00000000EE00E3BCA6CFF437E01DC0489F000013080728002620
310
82004C40040198800802B8FC49B0D2FD3E81B1F8DA3F4710400E40E309140011042082004410800802104100220840040188200011042082004410800802104100220840040188200011042082007C054410800988200013104100262082004C400401988008023001110460022208C0044410800988200013104100262082
310
004C400401988008023001110460022208C0044410800988200013104100262082004C400401988008023001110460022208C0044410800988200013104100262082004C400401988008023081A523B8D8FD0ED0E2BE4CA0E70108031800441080080210410022084004013C00CC5FD35D9FD90D2800000000B8016CC13701
310
C2EF004A6420AF175FC5E50000000049454E44AE426082
  0
ENDSEC
  0
EOF
